Timestamp,Station,Industry_Type,pH,Turbidity,Dissolved_Oxygen,Water_Temperature,Conductivity,Nitrate,Pollution_Flag
2023-01-01 00:00:00,STATION-02,food_processing,6.5920031787519004,7.821694149173641,7.524482405673082,13.30471707975443,84.8910246568841,6.125676793709686,0
2023-01-01 01:00:00,STATION-05,chemical,5.496639768499143,12.638193924588485,7.8888959677144745,16.68375740765642,303.3015348780608,13.72043410863963,0
2023-01-01 02:00:00,STATION-04,chemical,5.328141507423353,7.123352197513004,7.939225150653637,17.467509342252047,297.50370445068734,15.553126176123747,0
2023-01-01 03:00:00,STATION-02,chemical,4.4999504391779785,19.1182588962875,6.855703662867727,16.31907045559606,520.3777361543104,35.26593841167728,1
2023-01-01 04:00:00,STATION-09,food_processing,6.923195884515099,4.658157627035375,8.079921761518737,12.186227271752122,108.77593921543803,6.693458439081337,0
2023-01-01 05:00:00,STATION-10,chemical,5.608630853661039,10.696483969200159,7.558342904570364,17.743254171203443,310.93442983645065,14.001735439066959,0
2023-01-01 06:00:00,STATION-01,textile,7.635782712614379,20.86735819606995,7.31564411291927,23.223595548774682,427.1422090072167,10.101368604233338,0
2023-01-01 07:00:00,STATION-02,chemical,5.372224430351332,14.484823933703188,7.067084442153378,16.529627345707205,348.41391772957405,14.587286623159974,0
2023-01-01 08:00:00,STATION-04,chemical,5.532550613021001,12.133679739378564,7.896673617599963,16.665114970014226,282.56374638757813,15.879333497038917,0
2023-01-01 09:00:00,STATION-10,food_processing,6.761739135023677,1.6001383579895583,8.040273856999194,13.857975881257154,174.8580372026882,3.0864705149931173,0
2023-01-01 10:00:00,STATION-09,chemical,3.696312934014591,25.734958598242258,5.815268913667794,17.690485354067768,466.5486937633763,24.640486102105125,1
2023-01-01 11:00:00,STATION-09,chemical,5.596149331781182,11.996155326918359,7.4507572577452885,17.012494118727687,278.8350843977923,15.669796764044916,0
2023-01-01 12:00:00,STATION-04,textile,7.210577505515382,17.008259517195555,7.199887113361719,21.31266556604197,454.726047231997,8.015950581468397,0
2023-01-01 13:00:00,STATION-10,textile,7.428747205787714,17.19914695997037,6.897281221066185,24.299228297786065,452.49889725447093,11.10627335270063,0
2023-01-01 14:00:00,STATION-01,textile,7.15453591536153,20.713206806996833,6.702925022151603,23.840308137457395,427.69710728057726,10.651635465318787,0
2023-01-01 15:00:00,STATION-07,chemical,5.546535242270941,14.805336673962746,7.380322186263488,16.470507290936197,248.82512536890675,15.032778218285165,0
2023-01-01 16:00:00,STATION-05,textile,7.771837515048087,21.07061317744853,7.731651445609781,23.219996683971765,440.56184728385745,11.252666868871868,0
2023-01-01 17:00:00,STATION-04,chemical,5.4220380393688465,11.905452840443212,7.388888651450613,16.073424058594476,226.45968527486713,12.934970778665537,0
2023-01-01 18:00:00,STATION-02,textile,7.667625313578876,28.741587398021988,7.207204716637998,23.313513847450196,450.5230939984068,12.99509633753768,0
2023-01-01 19:00:00,STATION-07,chemical,5.337411780937935,8.163709602820576,7.429604556791808,17.267711462343836,353.29901153938215,14.376964109730473,0
2023-01-01 20:00:00,STATION-06,chemical,5.292869249434838,8.541076272780007,7.47310872459084,16.84136516296131,388.39649567899414,12.487975582943465,0
2023-01-01 21:00:00,STATION-10,textile,7.400140880292169,17.104649713302884,6.637386967732123,23.98273951102306,606.4234866217582,8.222584350374463,0
2023-01-01 22:00:00,STATION-01,textile,7.319414564382595,21.15485289831759,6.921681051170955,23.838489203736344,497.9618736932283,11.397359519311365,0
2023-01-01 23:00:00,STATION-08,food_processing,6.709003303931844,1.166187277041142,8.58629395886106,13.44607220148208,228.95456282052174,3.161591354349128,0
2023-01-02 00:00:00,STATION-02,food_processing,7.745607828777002,13.716344142710476,6.300574592095069,12.881361673890117,289.5923441908139,12.812906359641815,1
2023-01-02 01:00:00,STATION-02,textile,7.46409615734348,24.384332876726607,6.446477158978256,24.7236657207833,455.2636490522087,9.42521901829602,0
2023-01-02 02:00:00,STATION-05,food_processing,6.798975626655985,6.0127236463968,9.203740930656858,12.60539487714041,154.52924534508728,4.754835652213231,0
2023-01-02 03:00:00,STATION-10,food_processing,6.7902563196139765,1.3435608187291157,8.060923816535624,10.949827898968977,133.2938279649594,3.735154594560693,0
2023-01-02 04:00:00,STATION-10,textile,7.5061262985188835,19.016980716914116,7.501378912652302,21.673607282260434,526.9057718501963,9.273745849999631,0
2023-01-02 05:00:00,STATION-02,chemical,5.069623027204553,21.618586388603827,7.047635444587299,16.8454943207501,497.4414503005697,40.41605586007603,1
2023-01-02 06:00:00,STATION-04,chemical,5.3818585972073025,13.6175608626647,7.135458081128196,15.536557998162998,267.29267799661017,15.473407505385511,0
2023-01-02 07:00:00,STATION-02,textile,7.287517117628087,17.369417665497235,6.952868722873721,22.837334079455093,412.1135804321684,9.20584085895089,0
2023-01-02 08:00:00,STATION-02,chemical,5.242515483745194,15.510740584963942,8.952533584620204,19.1292471120283,241.4216685587329,13.35482163231804,0
2023-01-02 09:00:00,STATION-05,textile,7.8457395288811185,19.26416646217367,7.388668788030872,23.34155555094051,521.7383037233309,8.519714382357645,0
2023-01-02 10:00:00,STATION-06,textile,7.225020838326004,19.200837529973136,7.116084944813128,22.866177035483958,472.2336390590492,9.642739384038002,0
2023-01-02 11:00:00,STATION-06,chemical,4.38448014008118,16.24767938533009,6.19963076520553,18.012715817819828,441.9734953798091,28.07036613028883,1
2023-01-02 12:00:00,STATION-04,textile,7.277517705603317,20.788247675441415,7.240071701695806,22.236942790305232,412.7707006512904,11.786714429633298,0
2023-01-02 13:00:00,STATION-05,food_processing,6.577913863117105,5.791151613069559,8.526233399178121,13.454420338214362,135.39144070982226,4.292712788825076,0
2023-01-02 14:00:00,STATION-02,food_processing,6.830512502420493,0.0,8.381574867745158,12.748022621793115,158.82562106862235,7.207237959489736,0
2023-01-02 15:00:00,STATION-03,food_processing,6.448655643504283,10.182050642492555,7.733069297541931,12.62808541867871,193.1914006849094,5.491993225571164,0
2023-01-02 16:00:00,STATION-04,food_processing,6.58942029785921,8.900133784096877,8.791327620993853,12.938675654171153,236.61558027049722,4.498315741466185,0
2023-01-02 17:00:00,STATION-08,chemical,5.848786905233559,12.483964530391177,7.351714523232646,17.439086678929577,303.32729079296024,15.658489738107448,0
2023-01-02 18:00:00,STATION-05,textile,7.264339275377027,19.428046827484522,7.585623546733659,23.989583934594854,537.543449436563,11.173525513626492,0
2023-01-02 19:00:00,STATION-09,food_processing,6.485591948869351,1.4839784222155523,8.240860078816862,13.730774691138645,225.5614216638361,4.899570240652698,0
2023-01-02 20:00:00,STATION-06,chemical,5.29725652671192,6.350319551856616,7.164429861301709,16.301069571421255,315.6004735775622,15.04917313931439,0
2023-01-02 21:00:00,STATION-04,chemical,5.0417420982803804,10.216100719697733,7.7069451426863465,17.60876147222444,380.8104840825604,15.45655009354539,0
2023-01-02 22:00:00,STATION-06,chemical,5.618181264558671,14.427847144160527,7.684178306350329,16.408896574808896,342.3291992921702,12.627608400819087,0
2023-01-02 23:00:00,STATION-05,textile,7.713694311197807,20.703202678096087,7.135171619640863,23.813763689966212,456.83273676303094,10.349317030205752,0
2023-01-03 00:00:00,STATION-04,chemical,5.576678772870699,6.824391754064772,7.437495484840211,16.84747746754764,374.07277738294863,16.49973637036544,0
2023-01-03 01:00:00,STATION-06,food_processing,6.840461238366238,5.034278166681978,9.164480295218494,12.17774998270968,192.83969912832634,6.26657778572798,0
2023-01-03 02:00:00,STATION-08,chemical,5.801075282699504,6.600241155885953,6.765078152535528,17.554116501324092,470.5642397042962,37.803462970852486,1
2023-01-03 03:00:00,STATION-08,textile,7.604837568562554,15.7617023483229,5.844948281683678,23.439636606016993,502.7176792695191,10.414411268992831,0
2023-01-03 04:00:00,STATION-05,chemical,5.640390725244254,12.280399256127561,7.6146056870575345,17.45938577171661,326.50323528007334,15.207362148088023,0
2023-01-03 05:00:00,STATION-04,chemical,3.925323720583228,19.9461161628291,5.761544551183572,16.82038858616854,591.8996041857092,37.1312288151729,1
2023-01-03 06:00:00,STATION-09,food_processing,5.876302378534147,10.65781567394405,8.109503817845969,12.321735559844823,403.99180712959503,7.601616672917162,1
2023-01-03 07:00:00,STATION-05,food_processing,6.681119929560253,2.335598438799043,8.320991655962786,12.162601776172538,190.1792509689301,2.7791952311524755,0
2023-01-03 08:00:00,STATION-10,food_processing,6.878565493651983,6.424091265389606,8.434456674656136,11.61781848462296,58.45470870762348,3.4391840912636984,0
2023-01-03 09:00:00,STATION-10,textile,7.393219952325289,18.037150169937334,7.213945220347458,22.39499928719127,490.5377829531797,8.395371383065465,0
2023-01-03 10:00:00,STATION-06,textile,7.764132331105634,15.569426549462804,7.533611208285992,23.361921853928845,483.42559139513725,9.48582077370343,0
2023-01-03 11:00:00,STATION-03,chemical,5.473772493959331,15.853037680378899,8.538490264526876,17.38337711318247,303.46905675663896,15.523163841069442,0
2023-01-03 12:00:00,STATION-08,food_processing,6.63086779344653,4.9224114561384305,8.656954105728778,14.076240157466385,108.33155970252972,5.4996055589273825,0
2023-01-03 13:00:00,STATION-01,chemical,5.276523177402078,9.120425240053715,8.468615581214758,14.927016564008708,355.2996684953649,14.311987072591,0
2023-01-03 14:00:00,STATION-03,chemical,5.418584352729935,10.555976948246146,7.809585558487696,17.347708452450956,283.03707580579925,14.573454242939857,0
2023-01-03 15:00:00,STATION-03,food_processing,6.801267812472454,5.669239227875825,9.216607253303087,11.858061773857596,154.5760089086604,8.896510589893747,0
2023-01-03 16:00:00,STATION-07,food_processing,6.765918483767159,6.29090407687266,8.074231405407115,12.943216805607308,183.27926181567145,3.8307764049118704,0
2023-01-03 17:00:00,STATION-02,food_processing,7.920574581563332,7.116078900383902,6.790360650759908,13.36653140723723,107.55483455472158,14.847229180148291,1
2023-01-03 18:00:00,STATION-07,textile,6.907094232431669,27.261245036742206,7.217442135731824,21.4974965439591,472.02138569752555,9.184756738101049,0
2023-01-03 19:00:00,STATION-08,food_processing,6.7405353274604725,4.741698044536855,8.895403060845041,11.439041647005556,167.23226131180263,5.149216209523607,0
2023-01-03 20:00:00,STATION-05,food_processing,6.97956308168211,2.0895514410457623,8.05615217214272,12.311627717769241,216.78921681601165,7.443405421435987,0
2023-01-03 21:00:00,STATION-01,food_processing,6.711492857621563,5.394457450416357,8.629114411661348,14.403821392066558,228.2359010834952,7.182568364406067,0
2023-01-03 22:00:00,STATION-02,food_processing,6.710287158394329,0.3027227834584565,8.81873545132556,12.058877904075041,123.06143411911285,5.678500925964708,0
2023-01-03 23:00:00,STATION-09,food_processing,6.642686844979166,2.521311600908142,8.62383295055447,10.605739695099528,141.03866872751226,2.470297773148847,0
2023-01-04 00:00:00,STATION-06,textile,7.540677648123989,22.120548922697154,7.331332985192742,22.84081512861994,519.251896882805,8.487195937085339,0
2023-01-04 01:00:00,STATION-05,chemical,5.9070146605462135,9.07875034499627,7.123236209821311,17.29641800080866,248.38686647110816,14.869358743421236,0
2023-01-04 02:00:00,STATION-03,textile,7.485863923669585,20.153426175656485,6.617232361285144,22.111202686769083,545.0092282009982,10.501442692746572,0
2023-01-04 03:00:00,STATION-01,textile,7.3694167710670575,20.563920762458313,6.275936370292476,22.840351692577983,496.60098720077974,10.8226418812447,0
2023-01-04 04:00:00,STATION-05,food_processing,6.8379686785674885,9.008558300036512,9.123974992529716,12.100305213512247,137.37413328485175,2.8177662721133165,0
2023-01-04 05:00:00,STATION-03,food_processing,6.568730467946933,1.7836009357194227,8.857198241315329,10.590078034200126,249.8648265373997,4.559331619771806,0
2023-01-04 06:00:00,STATION-02,food_processing,6.847089673661986,1.3328770623802906,8.624518061153472,12.162536595914807,241.06494254065544,7.416674222749432,0
2023-01-04 07:00:00,STATION-05,food_processing,6.469648170364146,3.7291801806174854,8.239705793572295,12.576086247580163,190.63006438768224,3.0783961897312517,0
2023-01-04 08:00:00,STATION-09,food_processing,6.903082080580162,8.823341650823718,8.18620623178154,11.225037940357872,118.16923584488822,4.133691668966524,0
2023-01-04 09:00:00,STATION-04,food_processing,6.88961987278724,6.614103319784753,7.9828459741628,13.762926482336937,161.76380557941317,2.4716040239227874,0
2023-01-04 10:00:00,STATION-06,chemical,5.338680219138525,12.141460409447198,7.620822260838375,17.446322147543064,269.30115993035514,13.076048024609218,0
2023-01-04 11:00:00,STATION-09,chemical,5.506421534794187,8.14100219761416,7.735568146699965,16.55934757843026,273.3273826417638,15.403370171517901,0
2023-01-04 12:00:00,STATION-01,food_processing,6.591882789497514,9.832810985035684,9.7746639763035,14.36264263980334,129.7365367275334,1.3808295036057645,0
2023-01-04 13:00:00,STATION-06,food_processing,6.742755410031866,1.6598358742344552,8.78978057123824,12.689516023804057,176.2253687643043,4.715114238466614,0
2023-01-04 14:00:00,STATION-01,textile,7.910536996389178,18.988024513794482,6.928998392796239,23.699196731694887,530.7628383484281,10.25794049865559,0
2023-01-04 15:00:00,STATION-06,chemical,5.153865678898557,8.82860815161157,8.423912506478022,15.729217912185415,291.2913633097521,15.246586054465954,0
2023-01-04 16:00:00,STATION-04,textile,7.617451833360558,17.392858256405653,7.08869805731847,21.89625930221799,560.62594184158,10.479100395686844,0
2023-01-04 17:00:00,STATION-04,chemical,5.496487434704511,8.972977184008354,7.459206115157439,15.308037350830237,214.71738919922416,13.64636535781123,0
2023-01-04 18:00:00,STATION-02,food_processing,6.695456260766064,7.354532109824405,8.63618487763712,13.482066835525526,114.3062587981758,1.1528834872691496,0
2023-01-04 19:00:00,STATION-08,chemical,5.569870124512086,11.260565796174813,7.693851570631008,17.835807896314336,291.65360349457177,18.57390342402611,0
2023-01-04 20:00:00,STATION-09,chemical,6.300864657343433,16.651005086428572,5.669690649566322,17.625085201248154,452.3551576876357,38.98514845589683,1
2023-01-04 21:00:00,STATION-03,chemical,5.334658990616621,3.0389319628415654,7.018180777815598,14.748222709380954,254.24219420770368,13.826375499057832,0
2023-01-04 22:00:00,STATION-08,food_processing,6.750987869761859,4.829136376359413,9.024586810720674,14.112965891660263,101.20205919425476,3.4537794195932694,0
2023-01-04 23:00:00,STATION-03,food_processing,6.78509525778019,8.428978078073422,7.256618566352328,13.558548959274223,196.74006582754507,12.756646454198895,1
2023-01-05 00:00:00,STATION-09,textile,7.480764212615334,13.157786463884232,6.251680655048337,21.97771971835267,453.85567790523663,11.692028286023953,0
2023-01-05 01:00:00,STATION-07,food_processing,5.651002785990956,2.1520488087663563,6.619383005465194,13.282586982919296,203.09314191279046,8.864156411057058,1
2023-01-05 02:00:00,STATION-09,chemical,6.322676342564349,20.280909976943466,6.112857005327427,15.38012800560823,428.4951091839825,38.03613873612341,1
2023-01-05 03:00:00,STATION-04,food_processing,6.740147059222949,11.14626695258986,9.392584201036065,13.011451291670655,206.80243417777143,3.477398141406776,0
2023-01-05 04:00:00,STATION-05,food_processing,5.2353304542584915,11.573530156670694,6.665209862352366,13.85501932429728,365.14974283585354,11.04683750962537,1
2023-01-05 05:00:00,STATION-06,textile,8.540942605124066,39.636441617087435,7.258038959926621,24.681816619300825,652.5890525663848,20.7649019985733,1
2023-01-05 06:00:00,STATION-09,textile,7.859512233328928,20.0343363172744,7.124393654900541,22.92027043614319,502.2106189052099,11.341319992770114,0
2023-01-05 07:00:00,STATION-02,textile,7.469789624478614,16.24905338323056,7.255610907273767,21.917572802611712,519.5632329966618,8.88085261502123,0
2023-01-05 08:00:00,STATION-04,chemical,5.699140277179985,13.077510528655715,7.51945660345073,16.877315362504874,257.74773360154245,16.588835608344482,0
2023-01-05 09:00:00,STATION-06,chemical,5.575856006873033,13.29993895102625,7.433885671734414,17.34460490475036,237.78970605695653,16.930996667407598,0
2023-01-05 10:00:00,STATION-10,chemical,5.459583350922119,10.758654444909697,7.2480211292946946,17.217231194810523,268.5966958137313,14.133158837883517,0
2023-01-05 11:00:00,STATION-04,food_processing,6.84882087779567,1.581712996725276,8.259379438067294,12.598007419870795,221.88884699582312,5.409806034278184,0
2023-01-05 12:00:00,STATION-04,food_processing,6.5675840974531425,0.0,8.514554973288334,13.318189487674578,151.54586390163496,1.8250183265442033,0
2023-01-05 13:00:00,STATION-02,chemical,4.9654331133794125,14.68431460541072,6.936109617554143,18.2141898289285,281.0096744105052,15.593900811646236,0
2023-01-05 14:00:00,STATION-01,food_processing,6.7347475989953915,10.51216002646256,8.332030387479927,12.105653953922472,245.2530107032235,7.141227925526757,0
2023-01-05 15:00:00,STATION-02,chemical,5.4813402700693015,11.096423417928504,9.089426839683767,18.75369102670108,342.5642787422395,15.196586739069216,0
2023-01-05 16:00:00,STATION-06,chemical,4.213970894579529,21.72769817094445,7.020829416782773,17.968997870275857,476.93226406505823,34.093256938378005,1
2023-01-05 17:00:00,STATION-09,chemical,5.488317751228264,7.919481506283158,7.915515928833988,15.557700864440589,232.89124168145466,15.125971504971682,0
2023-01-05 18:00:00,STATION-05,chemical,5.490682545932132,6.9763211511293655,7.862141338728114,16.415125865067,303.150118416735,15.418296426970858,0
2023-01-05 19:00:00,STATION-08,food_processing,6.797536141414137,4.6897396592761,8.486008771734891,11.041408559602969,161.27799197550902,4.668549023320469,0
2023-01-05 20:00:00,STATION-09,chemical,6.510474729507554,21.199261045399183,5.969627468394533,15.888895099082442,425.4261562698363,30.751854033845778,1
2023-01-05 21:00:00,STATION-10,chemical,5.709867922108682,7.413046121573371,7.739437769260231,16.688253669177552,223.21789650369402,13.985974041477947,0
2023-01-05 22:00:00,STATION-08,food_processing,6.770511502016366,3.133377664115846,9.530149085262039,13.102553183726267,138.72842753859504,7.382414160723894,0
2023-01-05 23:00:00,STATION-08,chemical,5.284750959936247,11.191099900046474,7.777791044325062,17.069919580994824,268.8916149872871,13.87236622827975,0
2023-01-06 00:00:00,STATION-04,textile,7.787260351312658,24.090286136257095,6.059600786012971,24.157507758021133,484.10467256857686,10.794120110688583,0
2023-01-06 01:00:00,STATION-02,chemical,5.385710156160653,15.64652464061215,7.41514010178981,17.119225861127394,320.6896158595107,14.750763237075402,0
2023-01-06 02:00:00,STATION-07,food_processing,6.801203336087214,8.495922606641532,9.323696998801665,13.075713287956834,165.48100409545833,5.672486098959739,0
2023-01-06 03:00:00,STATION-07,textile,7.482424651516876,22.59790591525146,7.105804866397525,21.849135490814433,544.3196979783976,11.410434197325383,0
2023-01-06 04:00:00,STATION-08,textile,7.557871831391422,21.00752377079907,5.534702812073612,24.20030625825932,519.1442868192524,9.466452526643447,0
2023-01-06 05:00:00,STATION-01,food_processing,6.890353720188196,1.5127136595802089,8.14394897906053,11.276536592594582,218.5270494307066,5.716294005900193,0
2023-01-06 06:00:00,STATION-02,food_processing,6.7996160293647305,9.850623195495823,8.56551355809671,15.242920312402985,99.88280096545994,5.6120542653219,0
2023-01-06 07:00:00,STATION-07,chemical,5.703269796468444,18.704590474056005,6.132407517270664,16.96438926380991,589.4494569714706,29.390441289582373,1
2023-01-06 08:00:00,STATION-06,food_processing,6.717532625559054,6.331438128149314,8.731684903016344,14.10467921540253,73.46423713716467,2.874736861104689,0
2023-01-06 09:00:00,STATION-04,chemical,5.574877290341252,5.787192705727753,7.665520077498098,17.735583092428374,284.86901202647766,15.947972225642093,0
2023-01-06 10:00:00,STATION-04,chemical,5.795854902134846,13.944423614517715,7.445132909184908,17.870555609419725,317.6360081513171,17.69155508190054,0
2023-01-06 11:00:00,STATION-08,food_processing,6.826152837582309,4.822152061922203,8.13535653181317,13.121177949299462,129.2763467082071,6.235629697814273,0
2023-01-06 12:00:00,STATION-07,chemical,5.568041995373668,8.875475611307172,7.878124081814903,17.002993291199957,318.94213017291975,16.005118863303284,0
2023-01-06 13:00:00,STATION-05,chemical,5.399851051248617,6.864868871241093,6.989477419660839,18.442304791186245,302.60866593287665,12.517356985222225,0
2023-01-06 14:00:00,STATION-04,textile,7.623940393096496,20.94814361193286,7.204914228664347,22.66316803235941,530.806733400112,10.509813041789055,0
2023-01-06 15:00:00,STATION-08,chemical,5.063957987102105,9.986101083326965,8.02276613739484,16.63556174773554,359.38171963605606,15.054089890196693,0
2023-01-06 16:00:00,STATION-02,food_processing,6.897032222509147,4.995822045669954,8.993068158480384,12.4996389226031,122.11143270052882,4.20812354401353,0
2023-01-06 17:00:00,STATION-09,chemical,5.309041636573836,12.095699036114516,7.550962943686328,17.6774013686923,261.8838270986174,16.4608411923261,0
2023-01-06 18:00:00,STATION-02,chemical,5.608518892658392,11.31253674585961,6.8791222355608035,16.462337423096976,289.79657077805757,13.566562248897903,0
2023-01-06 19:00:00,STATION-03,chemical,5.224536868895926,10.44952724196184,7.705585959007982,19.44513014505892,305.9173956694102,17.2080218497352,0
2023-01-06 20:00:00,STATION-08,textile,7.790810036291492,23.396703716537743,6.677816439893489,22.84631489563798,496.98740767993564,9.315293283662916,0
2023-01-06 21:00:00,STATION-04,textile,7.789025191385306,19.409342903888273,6.442691518466036,23.45502372034752,488.5353673223846,9.883965730268718,0
2023-01-06 22:00:00,STATION-01,textile,6.242148271674287,46.1880400269017,6.064890482427907,22.087122013281174,1084.699931316295,30.281211311438067,1
2023-01-06 23:00:00,STATION-07,chemical,5.191274959495583,9.169899729742859,7.201955550171917,15.60189034020115,300.4252813361577,15.979867324921841,0
2023-01-07 00:00:00,STATION-07,chemical,5.368789012671806,14.737556508944895,7.7472783276614265,17.1803639430264,348.6831755672045,16.839439433473423,0
2023-01-07 01:00:00,STATION-08,textile,7.622819835422525,21.558981720039508,6.451331162726478,24.130099316404515,535.0361578429793,10.897520570612324,0
2023-01-07 02:00:00,STATION-07,textile,7.760713013561618,24.462194869057587,6.864162808156354,22.205400544874944,442.3875579361616,11.260330244041295,0
2023-01-07 03:00:00,STATION-09,food_processing,5.017665222264542,8.731333314515796,6.249177771489284,13.102031297240574,189.7762311416591,13.851394540536138,1
2023-01-07 04:00:00,STATION-08,food_processing,6.780310799538424,0.0,8.052896324010261,14.771341242267683,136.84632877718235,4.634155834733994,0
2023-01-07 05:00:00,STATION-04,chemical,5.467012444920757,10.185113902151103,7.5186139182107885,18.381707593377797,295.56017761437494,16.93266637397738,0
2023-01-07 06:00:00,STATION-04,textile,5.8707267687294244,42.02669972074363,5.3441278502646306,24.71879500304986,1171.2878089715634,12.091646799498564,1
2023-01-07 07:00:00,STATION-10,chemical,5.387703394643423,10.331839367736032,7.500669923377243,17.27264526343213,373.6476786094787,16.046725258500008,0
2023-01-07 08:00:00,STATION-09,food_processing,6.562585914725126,4.23617549070191,7.746337176113476,11.58231582984043,100.74209838445869,4.455109028646792,0
2023-01-07 09:00:00,STATION-06,chemical,5.860348389549429,8.909250129079602,6.925398001405853,19.457424092075893,204.59347933873664,14.382375873473027,0
2023-01-07 10:00:00,STATION-01,chemical,5.483029893667598,7.714076625069227,7.574313547651416,16.002148016755974,318.31047988919687,12.599691226434784,0
2023-01-07 11:00:00,STATION-08,food_processing,6.970937146027112,6.8985737438219195,8.494680661690904,11.679511015842962,81.1806250461026,3.7996824550972246,0
2023-01-07 12:00:00,STATION-09,food_processing,5.897234864758307,14.72484832242611,7.930762104832091,13.365363742063767,204.7472964638261,10.829246842598003,1
2023-01-07 13:00:00,STATION-01,chemical,5.235491773341664,11.260680128423758,7.448801646694452,15.941718949162363,267.4718189797204,14.270708803951429,0
2023-01-07 14:00:00,STATION-02,food_processing,6.624098074268211,5.892533213556665,8.943379527202369,12.287662935587292,125.54612659405382,8.422449315914093,0
2023-01-07 15:00:00,STATION-02,chemical,4.9696583330161594,4.568143960058816,6.375108111024196,16.286446018629643,240.23205128509485,12.932986084728201,0
2023-01-07 16:00:00,STATION-02,food_processing,7.058112752464234,7.347676477145478,8.049551502347713,12.955563832295645,176.19754770963354,5.616473865351313,0
2023-01-07 17:00:00,STATION-04,food_processing,6.911908074123233,3.3513421366097513,7.938615783864503,12.423352707766307,90.7935834050864,5.84928163786225,0
2023-01-07 18:00:00,STATION-02,textile,7.517301108384292,17.622422508626258,7.013292670663049,20.71517946450468,528.5268518069242,10.490514803183972,0
2023-01-07 19:00:00,STATION-04,food_processing,7.055396166439609,10.050758628614068,8.234511747722143,14.551880120122489,202.2436406227214,3.4980628508651836,0
2023-01-07 20:00:00,STATION-10,food_processing,6.438460628045013,0.32185029408317334,8.983649617921387,12.587850621543032,225.8396328569624,4.742653234675478,0
2023-01-07 21:00:00,STATION-10,chemical,6.158131383321795,19.19317048867065,6.162342931285495,17.30197074251927,766.219579048282,28.196439615483552,1
2023-01-07 22:00:00,STATION-07,chemical,5.3327885770308425,11.950747016735093,7.7967773474527835,16.884501120701064,376.84828269588223,15.99312230187263,0
2023-01-07 23:00:00,STATION-10,food_processing,6.874610463686835,5.070065948343666,8.200125275440568,12.625055310150865,231.00351545680257,4.064598966112681,0
2023-01-08 00:00:00,STATION-09,food_processing,7.038723714371275,0.0,8.897919327609888,12.781970871895577,153.02342240586842,1.7440768853068827,0
2023-01-08 01:00:00,STATION-05,textile,7.495353257829927,22.47259885938759,7.084853272571406,21.673603896681453,478.0473044947531,13.005264115602014,0
2023-01-08 02:00:00,STATION-06,chemical,5.551528084184232,5.273142018488155,7.169291553846592,14.870802110799982,242.1267683883289,16.26822466272278,0
2023-01-08 03:00:00,STATION-05,chemical,5.083119569002305,12.261565209801047,7.374448705981544,17.0534816268219,175.96457450077293,15.921405657535596,0
2023-01-08 04:00:00,STATION-03,textile,6.944401143854286,16.459997664598223,7.4022851507924186,24.232901934102696,466.2443023928269,9.47871488170972,0
2023-01-08 05:00:00,STATION-05,food_processing,7.167245167946004,6.128133108867834,7.757472260436282,13.565460419169092,209.5206781646872,4.695587084486944,0
2023-01-08 06:00:00,STATION-06,textile,7.495550441030158,20.686310086786815,7.483733136462505,22.439245835912253,514.6466911748646,7.655673481990226,0
2023-01-08 07:00:00,STATION-01,chemical,5.6484057805958985,6.775701958546858,7.93827180204076,16.87619070567034,313.5047717098643,12.18301685105114,0
2023-01-08 08:00:00,STATION-10,textile,7.59371055570124,28.13223658165498,6.893097720954755,24.85949480762331,460.10586181907524,10.98683201564977,0
2023-01-08 09:00:00,STATION-02,food_processing,6.6946569216107585,11.929533266270234,8.663421735194012,13.438991029388895,113.38573092989623,3.451404470667729,0
2023-01-08 10:00:00,STATION-09,chemical,5.575057061449567,12.131962354759073,6.010503535051518,16.890854848438664,672.8046993874261,42.626190748244206,1
2023-01-08 11:00:00,STATION-09,chemical,6.475649125162456,20.34492314928069,7.237858727620268,17.916311441074566,501.4181276385894,39.432270925938575,1
2023-01-08 12:00:00,STATION-03,textile,7.495140523245837,21.668225821469452,7.0886306834744275,21.394728752867433,514.561570842369,10.546801733549893,0
2023-01-08 13:00:00,STATION-02,textile,5.4053589161810285,35.79920352602027,5.578388139580217,24.22603390991068,934.2160907630342,23.94132774736465,1
2023-01-08 14:00:00,STATION-06,chemical,5.592442497802125,15.586952684184642,7.801326223153249,16.457442179888176,290.87500786748694,12.193172825908519,0
2023-01-08 15:00:00,STATION-03,textile,7.736506148350531,19.387791454854696,6.754172192517258,21.59018057105219,470.9674298627208,9.514022836755355,0
2023-01-08 16:00:00,STATION-09,textile,7.630349628280608,21.539599433231544,6.790575628037481,23.25590685010422,611.4865920704774,9.986807965771643,0
2023-01-08 17:00:00,STATION-05,food_processing,7.073581490144194,11.68782083166792,8.99774514147266,14.260937323562985,198.55695034114558,3.7217617910516094,0
2023-01-08 18:00:00,STATION-09,food_processing,6.758118234592078,9.203558825101688,8.59065710893071,12.782773841781324,104.42781884313548,5.585795894479276,0
2023-01-08 19:00:00,STATION-09,chemical,5.6309319056895575,9.187215609526575,7.03550541643471,17.921150746394794,256.590328467961,16.118248359787472,0
2023-01-08 20:00:00,STATION-02,textile,7.483310243354682,11.13314352696479,6.376341265152916,23.236948611545948,556.0420325701583,9.340018443205437,0
2023-01-08 21:00:00,STATION-05,chemical,5.221862914004949,9.56791701983597,7.645020198241768,17.360591677656842,416.2889895940842,17.158058223538845,0
2023-01-08 22:00:00,STATION-02,chemical,5.3813559630259284,11.529694745429607,7.447387932874564,16.693434378712944,280.23779274982644,14.511682482720703,0
2023-01-08 23:00:00,STATION-09,food_processing,7.259917818607463,10.355955182674183,8.678659711355314,12.885790108222164,198.1480286624724,5.13611384562826,0
2023-01-09 00:00:00,STATION-05,chemical,6.474675025014637,15.56878374131105,5.673135796304989,16.146240777412586,457.6044523516549,27.534595636787884,1
2023-01-09 01:00:00,STATION-10,textile,7.467440200673479,15.628586261241331,6.804661198700402,22.80923953966545,585.2926340272282,13.14399812533816,0
2023-01-09 02:00:00,STATION-06,chemical,5.522916887404776,12.332828590835607,7.095256840553617,17.563313073516426,343.90292894541,15.494915307985897,0
2023-01-09 03:00:00,STATION-05,chemical,5.467791359004604,21.826322870401196,6.400383425726607,17.32836797283154,419.74728105054754,35.426419720647196,1
2023-01-09 04:00:00,STATION-08,food_processing,6.675079318356964,5.990869836849775,8.394133098727803,12.433705084418994,174.93597205348618,6.987720093312259,0
2023-01-09 05:00:00,STATION-01,textile,7.899502835560953,20.203739507508008,7.2740641898210985,22.956866410359094,544.7802621657173,10.19851975960401,0
2023-01-09 06:00:00,STATION-07,chemical,5.54205825821723,13.936075786659742,7.342412805057388,15.317673518208974,203.2734632143441,13.927685157153736,0
2023-01-09 07:00:00,STATION-01,textile,7.371097172361946,33.49881622570599,6.232590957226734,20.250323980369423,1006.1570137408539,20.820638676216827,1
2023-01-09 08:00:00,STATION-06,chemical,5.901751077237027,12.247668781602563,6.656326152793325,15.83517190353896,253.48676563649747,13.560858370287198,0
2023-01-09 09:00:00,STATION-05,chemical,5.667984521026559,9.685125531999482,8.181925162466344,16.739100176999152,288.16705876740497,15.35543308307887,0
2023-01-09 10:00:00,STATION-08,chemical,5.610238345740338,5.298825249293685,7.137828740295899,16.196759908048296,270.9139325398877,15.593263659543762,0
2023-01-09 11:00:00,STATION-07,food_processing,6.6743257783761045,7.314599779285758,8.904560655495121,11.624086411398448,142.7094770955592,3.907084272110709,0
2023-01-09 12:00:00,STATION-01,food_processing,6.636684978508885,2.1793363732228492,8.182593418014271,13.139924312039113,91.82631001038645,3.2797518767488385,0
2023-01-09 13:00:00,STATION-02,chemical,5.182580339840351,9.340192614200994,7.670754342768402,17.72971567378371,299.3530615948206,15.03769306682405,0
2023-01-09 14:00:00,STATION-03,food_processing,6.805884715116995,0.0,8.67286328990079,11.737610701142835,209.48110026438215,6.543171379618264,0
2023-01-09 15:00:00,STATION-01,food_processing,6.659386183820439,0.13725944507554555,7.327828345790563,13.55020249602644,197.13829006126377,4.820950701084684,0
2023-01-09 16:00:00,STATION-10,textile,7.222711549345961,19.478486899716152,6.6352114029321765,22.54447215499657,518.8985498997349,7.885045445374186,0
2023-01-09 17:00:00,STATION-03,food_processing,6.847720158185688,1.797218692865342,8.472532566898542,13.320849646324607,206.63449102597943,7.366652307397829,0
2023-01-09 18:00:00,STATION-03,textile,7.437528911668826,21.524237315597198,7.097631515739886,21.578236350655427,489.1157653282672,12.03718164380089,0
2023-01-09 19:00:00,STATION-05,chemical,5.449525175003103,10.235796118345112,7.160964235753251,17.288219063090324,326.6064686940719,14.936132068433334,0
2023-01-09 20:00:00,STATION-01,textile,7.564802504837996,21.73220773255775,7.02327873666393,21.223013360673924,538.0927387021231,8.859714867071641,0
2023-01-09 21:00:00,STATION-04,textile,7.726410457682835,24.77135689374807,7.18753107594617,23.19242111776818,553.892167787259,6.483553159316984,0
2023-01-09 22:00:00,STATION-04,food_processing,6.829187658828955,5.849205764029969,9.042257580464984,12.169230118394664,61.73898423485754,4.974443165993805,0
2023-01-09 23:00:00,STATION-02,food_processing,6.75924362777509,6.509146005130595,7.292946074484481,13.008281909957928,182.41970056193563,2.7933271484226645,0
2023-01-10 00:00:00,STATION-09,textile,7.476166232534416,19.46403449295833,6.652930719427167,23.053457912617475,474.66986520143985,11.754307220940825,0
2023-01-10 01:00:00,STATION-10,textile,7.422874003695368,15.298468728243659,7.19423710042577,23.536296969180892,412.0092146152267,9.64533037005323,0
2023-01-10 02:00:00,STATION-03,food_processing,6.9619400513847935,7.6989450226952805,8.553508836803164,13.128621592491266,344.63802885192354,8.837436112008817,1
2023-01-10 03:00:00,STATION-03,chemical,5.527024690373616,9.317741762068348,6.692474554707606,15.401947624723286,349.4265931425731,15.675031010132749,0
2023-01-10 04:00:00,STATION-07,chemical,4.89767309109363,9.257574365397415,5.563610421087535,16.273984902299024,777.284182696276,33.461400941681326,1
2023-01-10 05:00:00,STATION-03,chemical,5.185494349999511,8.404367518171728,6.875470014660974,16.465188661781443,320.51060078397757,12.927076452954552,0
2023-01-10 06:00:00,STATION-06,food_processing,6.452457080972573,1.6161409294829934,8.25329932980866,15.374606550026432,157.0709736670272,5.305449768064702,0
2023-01-10 07:00:00,STATION-04,textile,7.880581492454834,20.77942357041653,7.5124608465627,23.236826116788027,491.8023249986502,9.31984255244711,0
2023-01-10 08:00:00,STATION-03,textile,7.628198143878994,16.961948445835514,7.063298355138847,20.72426359627825,470.8159821596909,9.830247385406654,0
2023-01-10 09:00:00,STATION-02,food_processing,5.20947500916032,1.6108878642807176,7.294925425417966,13.606291156108709,459.7590666498158,16.92308721270778,1
2023-01-10 10:00:00,STATION-01,textile,7.4938334971831635,15.674063793079961,6.741744628919584,22.909129070374036,545.7312026993424,9.678437335442329,0
2023-01-10 11:00:00,STATION-04,textile,7.336049214245831,18.834100456799547,7.738696832487334,22.81044448846072,525.3291577095127,10.167025644097167,0
2023-01-10 12:00:00,STATION-08,chemical,5.345069628747588,10.941457060321365,7.254126290134932,17.6712280116137,344.6427908161478,14.1345054429337,0
2023-01-10 13:00:00,STATION-05,textile,7.368725821290378,23.29757466664344,7.314398146805152,22.381053447408636,585.4971977006036,9.15154187746744,0
2023-01-10 14:00:00,STATION-04,chemical,5.514083825465458,7.667182216755199,7.184958744872166,15.96928296806766,247.1422562930863,13.23569952503485,0
2023-01-10 15:00:00,STATION-04,chemical,5.256656316322719,7.246739387747457,8.904784485048197,16.855715621479746,277.4307774517802,16.26319043870645,0
2023-01-10 16:00:00,STATION-06,textile,7.841218351625528,20.890747612208337,6.326598725610217,21.704658815533964,510.533343886231,11.679251021204374,0
2023-01-10 17:00:00,STATION-02,textile,7.661838946370635,12.690873010258032,6.508292010670485,24.46235526347336,534.3880565799936,10.143158557731605,0
2023-01-10 18:00:00,STATION-06,textile,7.181597399551709,23.046545649448788,6.170832217208877,24.10916981149213,499.6047742313382,10.452328460219356,0
2023-01-10 19:00:00,STATION-09,food_processing,6.429567628919759,4.0180837092349275,8.425963797726123,12.699235415153264,121.82642872874652,4.511452834889407,0
2023-01-10 20:00:00,STATION-09,textile,7.588490920993943,18.771053214895993,7.046177019127229,22.960293717653023,403.95420370524096,9.543359855715,0
2023-01-10 21:00:00,STATION-01,textile,7.507938705319512,14.141553409855256,6.013083065070518,22.99943690287704,513.6901922661759,11.441101461391696,0
2023-01-10 22:00:00,STATION-05,chemical,5.407574584965511,12.79791652897336,7.741991146975764,17.170176943191933,286.95857707977086,15.996530511359897,0
2023-01-10 23:00:00,STATION-10,chemical,5.744345733243518,7.36107271789748,7.8368971968338785,17.769236208037128,343.0264853980723,15.96683761797597,0
2023-01-11 00:00:00,STATION-01,textile,7.454709083091172,20.172230214314474,6.441336198974363,22.123890075772042,520.7308142513351,11.120908076715182,0
2023-01-11 01:00:00,STATION-10,chemical,4.423280941540098,26.49570312207798,5.028176259904613,17.087962896331003,536.7772916935625,38.074001056949996,1
2023-01-11 02:00:00,STATION-06,textile,5.820855939108026,23.969174836287102,6.3981044489574685,21.881694182793456,698.3785084772019,24.800802208021967,1
2023-01-11 03:00:00,STATION-06,food_processing,5.7740986447438996,18.099963525432898,6.827132534241754,11.603037942248868,243.86463734591663,9.02325436126631,1
2023-01-11 04:00:00,STATION-10,textile,7.376761452001861,16.806581761621484,6.085802344279249,22.43819345647441,536.4914394507765,8.208451778913311,0
2023-01-11 05:00:00,STATION-02,food_processing,6.474783102274697,9.266319049770669,8.271595009630667,14.425328943470305,155.07237153250247,6.0872820073343,0
2023-01-11 06:00:00,STATION-10,textile,7.2872880541130565,15.31639123343336,7.271429112238798,23.266736167976642,551.2256337713345,10.299452526867272,0
2023-01-11 07:00:00,STATION-05,chemical,6.236691345150578,12.72639282519444,6.176593416517139,15.863077418589565,424.63278886563376,39.47055944781134,1
2023-01-11 08:00:00,STATION-07,chemical,5.267817608722652,10.441966991459411,7.265081745750637,17.619105018464854,321.7729167978709,15.048555151090547,0
2023-01-11 09:00:00,STATION-09,chemical,5.610371754306258,13.570917110530353,5.976183717323623,17.509820707776118,269.19754872219374,10.624260178954401,0
2023-01-11 10:00:00,STATION-04,food_processing,6.506762803506091,8.08071723896186,7.539247734725681,12.68271327474756,206.44955504810088,3.359394407424994,0
2023-01-11 11:00:00,STATION-07,textile,7.383376985539462,22.598675602575586,7.366213904881419,21.807604669557566,414.04194330619765,8.474163488347537,0
2023-01-11 12:00:00,STATION-06,chemical,5.758701993691874,14.812687314055042,7.483352630241531,16.13681433765572,241.9032796809956,12.974851322810368,0
2023-01-11 13:00:00,STATION-06,food_processing,7.172179012398236,1.823660290527697,5.907958693186474,12.19838115923155,259.2015665303807,9.984465476234043,1
2023-01-11 14:00:00,STATION-02,food_processing,6.444720340731541,5.645907889824536,7.987735543543497,13.245371008995333,195.40314217589926,4.019055299544617,0
2023-01-11 15:00:00,STATION-05,food_processing,6.682789672004888,3.078529784433722,8.364553186464532,12.713633864134824,138.1934954111007,5.246480989072874,0
2023-01-11 16:00:00,STATION-05,food_processing,6.847677674967485,3.7086249996141256,8.898272015259998,13.485093868497113,138.20828780929094,4.867079082120249,0
2023-01-11 17:00:00,STATION-07,food_processing,7.13931733659417,7.309570679166064,7.553414419380948,13.104690029888125,160.8636579114312,2.989465687968194,0
2023-01-11 18:00:00,STATION-07,textile,7.588605172354239,36.27889359321317,4.584572129138348,23.488668524467307,923.4932356500179,17.84493709987226,1
2023-01-11 19:00:00,STATION-05,food_processing,6.846332088847303,5.263602911242183,8.696005468682879,13.545323261967061,165.19187128187815,6.447755739092999,0
2023-01-11 20:00:00,STATION-03,food_processing,7.242830523158382,3.002366866638691,8.717004911725054,12.469178171870352,162.59272076475025,4.322073530219737,0
2023-01-11 21:00:00,STATION-07,chemical,5.481161084929833,13.566352343061622,7.812837785798077,18.122678254563738,236.7729004026043,13.333603357176418,0
2023-01-11 22:00:00,STATION-07,food_processing,6.797960776874991,5.477893351488921,8.485958462447984,13.658797368366193,116.98499419890055,7.38532820843267,0
2023-01-11 23:00:00,STATION-03,food_processing,6.8029360279779425,5.389789562498222,8.46510060711893,13.47660296732398,83.32628406328995,3.8150204691985956,0
2023-01-12 00:00:00,STATION-10,food_processing,6.279622336989662,3.5657508267385265,9.154123303439954,13.56515337880977,125.32658954230621,5.30811579044189,0
2023-01-12 01:00:00,STATION-07,textile,7.522749630697229,18.61233285102626,7.4982774422492025,22.60308615876221,450.31510614467584,11.105254796380077,0
2023-01-12 02:00:00,STATION-01,food_processing,6.932007498358066,2.7096820480680184,7.810425374325706,13.922639722787853,100.28324457524403,7.874667315103116,0
2023-01-12 03:00:00,STATION-05,textile,7.5204513319294835,22.300601879987184,6.38764761117473,23.49792293426938,557.947479118845,8.315564426339305,0
2023-01-12 04:00:00,STATION-07,chemical,5.616621627131549,4.5693600367395515,7.198640318484889,17.36645114657155,245.35523794506253,14.26071034665666,0
2023-01-12 05:00:00,STATION-10,food_processing,8.394178752440352,5.488164065083961,6.140888285875482,14.722359941995649,300.55735527697675,10.269918218725024,1
2023-01-12 06:00:00,STATION-06,food_processing,6.811299338398646,4.896575404896101,8.526876281495252,12.738438098933598,42.19959969703105,3.0708049449368136,0
2023-01-12 07:00:00,STATION-08,textile,7.577411745879148,20.475344151499204,7.511203612680236,23.40726389373547,538.8536479495449,8.269487625400359,0
2023-01-12 08:00:00,STATION-04,textile,7.374131103133099,20.585311919428666,7.3147020030511,22.532023686675707,506.5936906560576,10.701729674364486,0
2023-01-12 09:00:00,STATION-08,food_processing,6.956937743226337,2.5864201093255597,7.595927976564627,13.0945925329577,227.17464280072767,6.306234155549959,0
2023-01-12 10:00:00,STATION-03,food_processing,6.657236100556258,4.160969506601321,8.243969290340436,11.285514104503878,220.04409301564834,6.1578114385547424,0
2023-01-12 11:00:00,STATION-02,food_processing,6.842277295009653,6.489029103022195,8.955619022284473,12.201846642245165,159.92893103407584,5.585682398080824,0
2023-01-12 12:00:00,STATION-09,textile,7.5125396606473425,20.645294407457108,7.38626990379138,22.74079074068492,527.7572840972416,10.161301270080452,0
2023-01-12 13:00:00,STATION-10,food_processing,6.813534251612542,5.579544739439595,9.603262653570201,12.19087401505896,123.81136107293823,4.957973322656384,0
2023-01-12 14:00:00,STATION-02,textile,7.6148567091059265,43.0495437053963,5.888785124444945,24.068462067244297,707.1598008817252,23.244770033158844,1
2023-01-12 15:00:00,STATION-05,chemical,6.0407970214558775,7.841555362064357,7.152868118875966,16.667831470160994,252.86600427343296,15.591356474163046,0
2023-01-12 16:00:00,STATION-04,chemical,5.5254724951312975,12.194477223822805,7.07662795355799,16.63562270710676,246.22138569284922,14.904736988342597,0
2023-01-12 17:00:00,STATION-01,chemical,7.365661675511166,28.240629197388163,5.6410591461733235,17.600959284699897,583.4895186196018,28.839351855807134,1
2023-01-12 18:00:00,STATION-04,chemical,6.062529849647745,7.784870257368675,7.191912457912738,18.24721142114245,257.45901888086536,12.436160844134767,0
2023-01-12 19:00:00,STATION-10,textile,7.8101089582190335,42.054639020177305,4.937958856936372,22.700346935944633,1132.1374659871262,20.382541592742005,1
2023-01-12 20:00:00,STATION-08,chemical,5.503466925830262,8.594722906301627,8.505463056200258,15.259497010972185,327.44914370384555,14.81729216392,0
2023-01-12 21:00:00,STATION-10,textile,7.300171021733798,20.519021418956676,6.071844216442772,22.068926512057896,490.9846488575233,10.055208248645432,0
2023-01-12 22:00:00,STATION-07,chemical,5.337321917530665,9.469422419281612,7.5454000118050235,16.78485083422887,330.2395791275284,14.19069722711829,0
2023-01-12 23:00:00,STATION-07,textile,7.408768760776929,21.83253474923256,6.782899783370557,22.70565227647275,539.5196738483086,10.65648351030146,0
2023-01-13 00:00:00,STATION-03,chemical,5.855664181343965,10.041694627997533,7.50563884830933,18.291686465658675,295.0963215733746,13.700375792010842,0
2023-01-13 01:00:00,STATION-01,food_processing,7.0208209576778415,12.263792815669307,6.9646133680776305,11.514437996768928,159.4576901614231,6.852915370770815,1
2023-01-13 02:00:00,STATION-07,chemical,5.242618511892725,7.2295606602000895,6.978027964265679,15.922438671132674,298.04505393917236,17.37424417016,0
2023-01-13 03:00:00,STATION-03,chemical,5.43900535625738,7.582019173504607,6.803163757816915,16.09749349355671,347.12968104498964,16.844063576475158,0
2023-01-13 04:00:00,STATION-09,food_processing,6.483566596774616,4.835886689452186,9.08283604494191,12.379481379351338,98.17090125651715,3.883064965342155,0
2023-01-13 05:00:00,STATION-01,textile,7.023746531975616,16.45264828338069,7.1659977467284675,23.675144659894897,512.3341574805372,11.550679251908349,0
2023-01-13 06:00:00,STATION-04,food_processing,6.324541901654004,5.41461538805984,8.402510056940107,13.550924380893541,173.88053648783853,3.822831129266013,0
2023-01-13 07:00:00,STATION-08,chemical,5.457145011489107,8.633556253435549,7.708184074069478,17.60845173642968,245.47763737247612,12.23049448331928,0
2023-01-13 08:00:00,STATION-08,chemical,5.525373395259169,6.16573491186459,8.443094579278041,17.908393297267306,272.6731103485811,10.404330200531406,0
2023-01-13 09:00:00,STATION-09,food_processing,6.8026711183087345,5.830876025658096,8.729279568106085,14.235247388310272,168.15046238572583,6.657410733436588,0
2023-01-13 10:00:00,STATION-10,food_processing,6.994201267191837,6.33998454583671,9.070740384051609,15.277430448556098,210.1350403268073,2.6294910232316977,0
2023-01-13 11:00:00,STATION-08,textile,8.958617103238483,34.75321147203079,5.141412538477907,24.164944445188127,977.1301003828123,25.01667828615863,1
2023-01-13 12:00:00,STATION-09,food_processing,6.8026751625431725,5.784261238189905,8.91320365494663,14.93538118352911,163.9620776966781,6.936543582776203,0
2023-01-13 13:00:00,STATION-09,textile,7.599224141617757,19.135143625618042,7.202491159462339,23.0559393501324,611.7193123098841,10.549499400475066,0
2023-01-13 14:00:00,STATION-03,textile,7.751555790173889,20.035149253158096,5.808305648521319,23.41946489285325,525.8351409324233,11.71037992141642,0
2023-01-13 15:00:00,STATION-08,food_processing,5.203995994121998,5.69889812520239,5.317994940550154,14.46993723094123,321.716439645256,16.18980590423206,1
2023-01-13 16:00:00,STATION-05,textile,7.795892428770439,13.83571607697412,6.905706933496995,23.843936891553355,540.586785499825,9.714892490648882,0
2023-01-13 17:00:00,STATION-05,chemical,5.361646051399537,12.248371046219692,7.825770310321979,16.82363404951067,331.0800656560486,17.253043877764696,0
2023-01-13 18:00:00,STATION-08,food_processing,6.562963083893536,5.450243391035072,8.661995128136072,13.197556282527504,210.46322842126887,1.7203370318741484,0
2023-01-13 19:00:00,STATION-04,food_processing,6.600395281341224,6.441002887644139,9.765952338871088,14.569998484998948,224.0049601856958,4.471602447575346,0
2023-01-13 20:00:00,STATION-08,textile,8.764361232384449,23.082419690480794,5.833660653209719,22.61221204445071,923.5099110049007,27.325552229729915,1
2023-01-13 21:00:00,STATION-05,chemical,5.445259200836446,5.401405364941878,7.24149288752282,16.913295299157877,334.20189565586907,16.185510872677057,0
2023-01-13 22:00:00,STATION-05,chemical,5.775686999843149,19.590771660182046,4.122632700986207,15.391193290730028,557.8859893808799,35.46801190668369,1
2023-01-13 23:00:00,STATION-06,textile,7.61774065564303,22.940572615015466,7.14058658282174,22.35579174961355,465.1221396701846,9.33089593231175,0
2023-01-14 00:00:00,STATION-02,food_processing,6.626812023233542,5.872199533600467,8.32270622637432,13.57598487041402,31.390223596824285,2.528755551428842,0
2023-01-14 01:00:00,STATION-03,chemical,5.815135518434132,5.675947600797839,8.05498482155285,16.09896597074505,367.83815787319816,12.445832082160035,0
2023-01-14 02:00:00,STATION-07,chemical,4.338073724085648,7.720166416131559,6.8423349584348205,16.36791417719109,662.3662650615408,20.152098338095104,1
2023-01-14 03:00:00,STATION-03,food_processing,6.495560144961714,1.9450534029162254,8.551236183551579,14.822055221342843,137.86904762998628,6.541371605830733,0
2023-01-14 04:00:00,STATION-04,food_processing,6.855282872850751,4.610791390434491,8.535056579366609,12.016898072341725,178.55870331455236,6.493308992244023,0
2023-01-14 05:00:00,STATION-07,chemical,5.663868619411949,8.871687428321254,7.270959099165936,17.739692508412922,338.4482935786873,18.905439448125616,0
2023-01-14 06:00:00,STATION-06,textile,7.41936746461399,17.517247277796017,6.794733005992493,22.46491284662329,504.4796383684217,10.81169625732706,0
2023-01-14 07:00:00,STATION-08,food_processing,6.431523107593866,1.2217607998815998,7.843416140900032,12.39540138382046,142.26946206900456,2.1251037987226837,0
2023-01-14 08:00:00,STATION-01,textile,7.34518282300359,23.96751299456937,7.330973794715258,22.297245040178797,500.8064707638002,9.339238208728009,0
2023-01-14 09:00:00,STATION-07,chemical,5.56554929399039,7.277147481698199,7.518240377807116,16.566767343376977,198.41902156684864,15.876253610028435,0
2023-01-14 10:00:00,STATION-10,textile,7.479031050179023,31.66458263135428,5.322126021391992,23.762149241958685,759.690382947303,27.47724015305248,1
2023-01-14 11:00:00,STATION-01,food_processing,6.799549951099168,2.8946991611996524,8.882977726363116,13.229800125805252,111.90042380865049,6.22297410825745,0
2023-01-14 12:00:00,STATION-07,food_processing,6.7755832224057215,3.355781200265531,9.115937567144652,15.210640877393239,177.65383935126223,1.711184763788887,0
2023-01-14 13:00:00,STATION-01,textile,7.596890687849684,22.758271029940957,7.760850226368479,24.00866835595484,517.9398041953127,11.826587781176706,0
2023-01-14 14:00:00,STATION-05,textile,7.379707837688199,20.648614028968066,7.40244028293119,22.692872926914216,506.18700072056953,12.560151460628461,0
2023-01-14 15:00:00,STATION-07,textile,9.321454710143051,34.241968352262724,4.553532667487287,23.0109828925824,869.0416011523117,16.61568592820615,1
2023-01-14 16:00:00,STATION-09,food_processing,6.725716452783586,3.3740497993214227,9.074128212257994,12.9299871411872,177.1097642862128,6.623527894687603,0
2023-01-14 17:00:00,STATION-04,food_processing,6.765006392657164,2.4039715036944975,7.689037436584895,13.145514805335596,180.72200614462372,6.568460180313899,0
2023-01-14 18:00:00,STATION-04,textile,7.992661366680565,46.94465452676951,5.214789084291456,23.480241152511766,997.892751329506,17.15660589963618,1
2023-01-14 19:00:00,STATION-07,textile,7.082994340664024,18.85988581342341,5.950396828719378,22.566372514845813,541.9784045387127,10.583556385650645,0
2023-01-14 20:00:00,STATION-01,textile,7.571791288130294,23.98446986268739,7.841191792670049,24.49012434229657,556.6784351437813,10.069087207865673,0
2023-01-14 21:00:00,STATION-06,textile,7.587903228858286,21.408081978862324,8.136495912989695,23.201344853214923,531.9968082900396,7.285574546624156,0
2023-01-14 22:00:00,STATION-07,food_processing,6.785356335203235,2.5525200560467023,8.018112406382805,13.182914730128704,213.3152278584683,5.571907085121463,0
2023-01-14 23:00:00,STATION-03,food_processing,6.993599760910772,6.019425723471292,8.730109319717531,12.00889368441265,199.71752340621592,4.869560036590968,0
2023-01-15 00:00:00,STATION-03,textile,7.561882567951985,17.50021222538826,8.079329505352417,24.410161995301937,523.4912461602484,10.936276408704298,0
2023-01-15 01:00:00,STATION-09,food_processing,6.635459595384179,5.8606733548778145,7.543110132585537,11.391814188788459,201.91449644919095,6.856825531878096,0
2023-01-15 02:00:00,STATION-07,chemical,5.48243286427926,13.536863735774945,7.051253514572669,18.411316985876713,250.357659608303,15.307060029030795,0
2023-01-15 03:00:00,STATION-10,food_processing,6.533824549477302,7.471162781131377,8.198510843716498,13.827172799621222,130.38869935398586,2.4979481001663553,0
2023-01-15 04:00:00,STATION-01,food_processing,6.798486540673769,2.6863095012960834,9.328688060116248,12.321020685648017,115.77219879100997,6.395566786434339,0
2023-01-15 05:00:00,STATION-07,chemical,5.542292030472783,9.53460060645822,8.17653678877103,18.537357551897802,373.3101409812841,14.171962906482635,0
2023-01-15 06:00:00,STATION-08,chemical,5.518031365533514,9.832944842050017,7.50266143022585,16.957566189920893,357.0104739468368,13.520639834225104,0
2023-01-15 07:00:00,STATION-01,chemical,5.74148500566224,9.358140568417564,7.832146151027818,17.687685066264997,270.7405775536494,14.506185902461487,0
2023-01-15 08:00:00,STATION-07,textile,7.306120284452276,24.341176088093306,6.92178926042835,22.912093512630786,582.0177046949156,8.56474493068053,0
2023-01-15 09:00:00,STATION-04,textile,7.978535344603649,14.30655650030067,7.643295065643617,23.291205201131493,458.65954473034634,8.41391988300508,0
2023-01-15 10:00:00,STATION-06,textile,7.553632556191063,19.46017973635008,7.224907663278267,22.414081789548415,449.5845556862869,8.574195689221387,0
2023-01-15 11:00:00,STATION-07,textile,6.489769567396221,34.62444023776966,4.871520426478892,22.65261716640147,833.7594449987262,20.80743602812594,1
2023-01-15 12:00:00,STATION-07,textile,7.573097469007701,21.525978629054297,6.11329273059516,22.760382844565353,522.699781572348,12.348669296804882,0
2023-01-15 13:00:00,STATION-02,textile,6.710197380839967,35.825323342378496,4.740233773685722,22.778403830001896,863.0432790853598,21.885077701731813,1
2023-01-15 14:00:00,STATION-01,textile,7.779827276339217,21.485818838205795,7.072815157171942,22.63428321435379,519.6614888492413,11.431522493637546,0
2023-01-15 15:00:00,STATION-09,food_processing,6.57759114912816,8.558427506356493,8.605432301044043,13.857210353556612,141.1893470519012,6.253065490853347,0
2023-01-15 16:00:00,STATION-06,chemical,5.5604516436970925,9.848115660829027,7.853266256448913,14.138481629899328,296.2615539217636,14.82996900324029,0
2023-01-15 17:00:00,STATION-02,chemical,5.513511096816165,10.485758101855204,8.019684522459277,16.85859732917462,245.69827234829262,15.172400867371518,0
2023-01-15 18:00:00,STATION-01,food_processing,6.45307770061256,3.24386449408087,8.314644807763447,14.289929698618241,104.7596248392789,5.26947002117008,0
2023-01-15 19:00:00,STATION-04,chemical,5.247113927764557,6.094196289509487,8.36370914331405,18.841255614426906,276.8830147239357,13.245584996281758,0
2023-01-15 20:00:00,STATION-01,chemical,5.311115424319381,17.37473081720968,8.196035460487128,16.59721705889376,257.3531091103864,14.647274030078346,0
2023-01-15 21:00:00,STATION-03,food_processing,7.788390243104727,11.43087068805773,6.582439967363991,12.168477227333623,228.06721513529837,15.68040570866157,1
2023-01-15 22:00:00,STATION-03,chemical,7.356899850927355,26.05958420768779,6.14271703785035,17.11387519414201,505.58411206798564,36.63983684088384,1
2023-01-15 23:00:00,STATION-02,textile,7.135729931615073,22.47714092427593,7.384947990637382,22.305956676142358,548.3862693389736,12.628971331826408,0
2023-01-16 00:00:00,STATION-04,food_processing,6.767247179175559,12.904222263245,8.777956015649721,12.755671144820472,126.80997793242827,4.358653453111812,0
2023-01-16 01:00:00,STATION-05,textile,7.800901343717845,21.5032562978674,7.532988814871567,21.989131082143683,519.2384272102496,9.008396356289289,0
2023-01-16 02:00:00,STATION-03,textile,7.4887117806225785,18.651549710690887,7.739795186825468,23.010802084856014,494.57316836574216,9.134952266608746,0
2023-01-16 03:00:00,STATION-10,food_processing,7.020074136139445,6.68098753469677,8.371239400545104,12.48370240313849,178.66812350864726,6.013409949746718,0
2023-01-16 04:00:00,STATION-02,food_processing,6.993960897478349,2.0542704621475902,8.072236773545711,12.740385968654225,155.43510764067048,6.311416518378596,0
2023-01-16 05:00:00,STATION-05,chemical,5.555666587914101,8.097007019423364,7.317785790967879,15.084434835531006,278.97458282815546,12.935935002640278,0
2023-01-16 06:00:00,STATION-10,chemical,5.392948886673884,12.33960883756833,7.87643608357444,17.00720706037637,342.15871550113343,12.806313922718772,0
2023-01-16 07:00:00,STATION-05,chemical,5.635195771161385,10.027519744546387,7.441866677344817,17.29891815258415,392.1075329284132,13.453196897340622,0
2023-01-16 08:00:00,STATION-07,food_processing,7.298785401145597,7.942019882982278,8.985248990431865,11.3356436066698,100.21548865790966,3.6271614182700143,0
2023-01-16 09:00:00,STATION-04,textile,7.610866000926478,23.58901845611074,7.037699771573031,22.892466255733936,491.6062965286844,10.346008453570938,0
2023-01-16 10:00:00,STATION-10,chemical,5.646362678864177,6.864211655804578,7.216138928373649,17.580395964858603,268.95893071597055,14.003119991612104,0
2023-01-16 11:00:00,STATION-04,food_processing,6.7689739420935195,9.105408181295388,8.62169945820027,13.975984050294052,108.905411422848,7.146378528236529,0
2023-01-16 12:00:00,STATION-05,chemical,5.525233039286195,7.3306290211084075,6.765680284842354,16.938982648971592,331.6434161778644,14.490592461590147,0
2023-01-16 13:00:00,STATION-10,food_processing,6.582785283477504,6.530416146840324,9.264656739483648,16.059531228996825,153.22948284716108,3.1139262875279448,0
2023-01-16 14:00:00,STATION-10,chemical,5.364497690861647,4.314862450156356,7.558490117011943,15.15645258254129,187.85861891947832,13.38957640629365,0
2023-01-16 15:00:00,STATION-06,chemical,5.333742832809785,10.91674057570744,7.946899372967728,16.46280620598658,337.6191866356339,15.594612753310601,0
2023-01-16 16:00:00,STATION-07,food_processing,6.860693380163334,5.424970092173077,8.301402845041464,12.998081599990947,133.3778732830115,5.767270552878787,0
2023-01-16 17:00:00,STATION-06,food_processing,6.781196965182969,3.0132655420262218,7.894800636108606,13.42161682990983,198.94206706185997,4.005239374044852,0
2023-01-16 18:00:00,STATION-09,chemical,5.6617095499204035,5.780498118963302,8.010611144609566,16.13719998042673,273.14515052169435,14.15932678530844,0
2023-01-16 19:00:00,STATION-06,food_processing,7.0285178445580225,1.4026486215643095,8.77193850205609,13.041180020349177,125.7505137869138,5.030055936299467,0
2023-01-16 20:00:00,STATION-07,chemical,5.052992900420267,15.833793376780685,8.287960144272695,16.998880278002108,391.5477144378283,15.536047458233512,0
2023-01-16 21:00:00,STATION-02,textile,7.355601092052658,16.1811427137808,6.677772117558642,23.91215239597678,466.18766513181924,10.336434099125388,0
2023-01-16 22:00:00,STATION-06,textile,8.740560054197394,30.38641711891001,5.6928592599152665,23.800719121669655,747.8515216491627,18.120353746679534,1
2023-01-16 23:00:00,STATION-08,food_processing,6.649855076346977,8.795479836464981,8.512224360959893,12.598745060680177,135.3298454468013,7.463990440154351,0
2023-01-17 00:00:00,STATION-03,food_processing,7.120009456263921,7.178087099117424,9.084635054535086,13.227162798387466,91.51619994877905,5.63370113635584,0
2023-01-17 01:00:00,STATION-03,textile,6.996780960845447,16.945647165443944,7.265611614296291,22.70543124533839,505.6899782670148,6.807745687021282,0
2023-01-17 02:00:00,STATION-09,food_processing,6.546182077028037,5.913306568441447,8.131863441730832,14.950943482686693,151.41633725414704,4.958849968724414,0
2023-01-17 03:00:00,STATION-05,food_processing,6.6636770894939135,4.902577028247634,9.014026782699592,14.409906217275028,147.33485655044228,8.047100247167755,0
2023-01-17 04:00:00,STATION-09,food_processing,6.8238247858732555,2.64722447325446,8.437477792070059,12.415970666777993,119.49505669714432,5.476998041621071,0
2023-01-17 05:00:00,STATION-08,textile,6.785100987528098,41.915914440511976,4.767310219042013,22.91026923008838,726.0359804625016,17.965584466556145,1
2023-01-17 06:00:00,STATION-10,textile,7.978044542130361,17.700614497406992,6.394973575155483,22.940957782694944,616.5512335779035,9.271905695628815,0
2023-01-17 07:00:00,STATION-06,textile,7.749804539374699,25.898382414126772,6.226083583630045,22.66587926661969,486.7319945842873,11.031538277676674,0
2023-01-17 08:00:00,STATION-02,chemical,5.712065440955939,12.218893614959686,8.679885967164806,15.026317323591398,282.3378154086196,14.594405166294962,0
2023-01-17 09:00:00,STATION-08,textile,7.697449470596682,18.10711520860361,7.528594635120683,23.118664169723996,518.9319661919018,9.149930462034774,0
2023-01-17 10:00:00,STATION-08,chemical,5.0910543473990355,14.503707591481632,7.700964141539406,16.46865366653115,261.8902034481375,13.161912300796338,0
2023-01-17 11:00:00,STATION-10,food_processing,6.947146672056032,2.4771525839886257,8.636477877431695,13.01323667280167,145.00827097522748,2.9626049077118157,0
2023-01-17 12:00:00,STATION-07,food_processing,6.871425735254264,6.46045564144785,8.569555869880796,11.770492602640402,145.20581987170146,6.637375429066209,0
2023-01-17 13:00:00,STATION-01,textile,7.751941170576081,17.33058803195477,6.7538764556173065,22.928001407560213,510.0425148637965,9.821457240099813,0
2023-01-17 14:00:00,STATION-06,textile,7.604568752149806,24.2706784167951,7.497929362186181,23.48530328306314,453.288046792602,11.333474770606973,0
2023-01-17 15:00:00,STATION-08,chemical,6.206692887601941,20.053562028954172,4.882060657830442,16.924228523540176,532.6064555543883,33.0894177046556,1
2023-01-17 16:00:00,STATION-06,chemical,5.551298395688708,16.230133977577072,7.077339767511216,17.004132882654865,342.9523029088868,15.652880935756595,0
2023-01-17 17:00:00,STATION-06,textile,7.654139756418953,17.42847078866771,6.995533066054015,21.42890225742938,413.7322868996148,11.901435341205858,0
2023-01-17 18:00:00,STATION-10,textile,7.406716698798513,20.688381093375288,6.738793784284488,24.048029577617253,476.4589171112232,8.336795537592941,0
2023-01-17 19:00:00,STATION-05,food_processing,5.497743240548043,16.01385642368836,8.690921410028016,11.838266641065653,222.3778970901126,8.367857826257254,1
2023-01-17 20:00:00,STATION-01,food_processing,6.944307184989451,5.523457300400912,7.422768266022835,15.0132464547946,295.1134041831976,9.448115992599414,1
2023-01-17 21:00:00,STATION-04,food_processing,7.043096483299538,7.338588262314351,8.643645380518182,13.235119943151664,187.44069429912383,7.423973636243072,0
2023-01-17 22:00:00,STATION-04,chemical,4.090667243133769,24.353334683119062,7.030508754525224,16.846769039741787,710.5671746890538,35.59135949775604,1
2023-01-17 23:00:00,STATION-07,food_processing,6.39981214411815,11.593569579639325,6.927646621309031,13.36970592563913,177.0764650984044,9.635702363686203,1
2023-01-18 00:00:00,STATION-09,textile,7.454494116927356,18.806666258179376,7.186162780030153,26.031762415110634,541.7807463943122,10.382790027634025,0
2023-01-18 01:00:00,STATION-08,chemical,5.547829856926692,7.273006916458847,7.709249537275192,18.776719847117622,293.29863895953173,15.405728079165298,0
2023-01-18 02:00:00,STATION-08,food_processing,7.334352675951337,0.6290437376561968,8.150889270133714,12.223525591851637,147.42160802618932,4.604784124731447,0
2023-01-18 03:00:00,STATION-01,textile,7.635322910355305,21.021321330504637,6.5619702679447105,23.554796521725315,469.0178508492994,9.032709540044007,0
2023-01-18 04:00:00,STATION-05,chemical,5.712841897771602,12.92999610993439,7.5196565330121485,15.81161114540173,338.84038494325733,16.03291755146833,0
2023-01-18 05:00:00,STATION-07,chemical,5.535423966001006,11.140069897145839,7.006472422731557,17.863087518045354,225.09801123044767,15.94066440022375,0
2023-01-18 06:00:00,STATION-04,food_processing,6.9380182830350785,2.056701897595356,8.13838215702958,13.564917281272912,132.13474698665922,2.9480865839272057,0
2023-01-18 07:00:00,STATION-10,textile,7.335632940718489,16.45821698073953,6.942098245014117,21.577948233859868,552.9276408070907,10.12938075433751,0
2023-01-18 08:00:00,STATION-08,textile,7.704951346750154,18.278990927424744,7.581747907153237,22.79355424158946,484.6898960514226,9.372597414454287,0
2023-01-18 09:00:00,STATION-09,food_processing,6.731431069418033,5.961348541538113,9.010441410501237,13.428965391127198,122.58272310674907,5.719535795896295,0
2023-01-18 10:00:00,STATION-07,textile,7.640829628327957,23.050931144713566,7.233164386085209,22.938484320395364,434.15374631835266,8.462231208333737,0
2023-01-18 11:00:00,STATION-09,food_processing,8.593400141861185,8.447242422429081,7.268006283444855,15.23409308079773,112.51451187032531,13.673486514571142,1
2023-01-18 12:00:00,STATION-06,textile,7.209448490647571,24.529612049360946,6.462355809889313,23.61558528786129,543.4880593582478,9.326683569579423,0
2023-01-18 13:00:00,STATION-08,food_processing,6.339868694575778,14.070523675135616,6.910333144464183,13.545793759849953,415.7293373985626,9.266929869047488,1
2023-01-18 14:00:00,STATION-05,textile,7.6744697359923535,23.448130522873452,6.977633532906066,21.650132587704285,429.74178196615196,10.278751866278373,0
2023-01-18 15:00:00,STATION-04,textile,7.568400691484205,24.932905130701073,6.561717587908402,22.62962939033889,483.1285122946913,9.028810857280721,0
2023-01-18 16:00:00,STATION-04,chemical,5.566103905717519,8.528613517918869,7.697571409515863,15.907817672913042,162.52823069807224,17.417865716201234,0
2023-01-18 17:00:00,STATION-02,textile,5.675701843942309,36.03749852231784,5.1595279721327785,22.686957714073795,868.2367911763379,22.4032167301724,1
2023-01-18 18:00:00,STATION-09,food_processing,6.953720753099273,8.913541091346653,8.12974208974944,14.743621867291566,200.4549901867003,4.1642442094203505,0
2023-01-18 19:00:00,STATION-03,food_processing,6.718773270905802,4.348569160771058,8.638672089860107,14.073257831789157,125.2625784737144,3.4572436385880954,0
2023-01-18 20:00:00,STATION-04,chemical,5.624074478786271,9.817230835876195,7.2793088438170255,16.417006116335934,307.57703978826333,15.663333093054899,0
2023-01-18 21:00:00,STATION-08,food_processing,6.987884084359636,14.26553658458085,8.757979238383921,15.06179915273161,174.23217556558512,6.463984924723762,0
2023-01-18 22:00:00,STATION-10,textile,7.411219672716249,21.942841931658684,6.912912718889401,21.991034022411746,506.9111712737151,9.240746099961498,0
2023-01-18 23:00:00,STATION-10,food_processing,6.7676557993917505,8.405824194959566,8.886945590454934,13.863150738704139,69.68715908523089,3.9950073546826665,0
2023-01-19 00:00:00,STATION-02,textile,7.655765943424206,20.851718003526422,7.292623765679428,23.165515462016764,503.2068401189077,11.365152242409657,0
2023-01-19 01:00:00,STATION-05,chemical,5.503798237328022,4.343281286669589,7.3012583325352844,16.738735608958745,302.8102826544576,14.947981124972115,0
2023-01-19 02:00:00,STATION-06,chemical,5.597598274160918,5.1158733581463665,7.325915104581663,16.753176204488415,338.2057202750895,13.38156421942705,0
2023-01-19 03:00:00,STATION-05,chemical,6.5688470074517875,24.61930677441416,6.2701046120493515,17.78212823909474,589.1386111960417,39.582013433322075,1
2023-01-19 04:00:00,STATION-09,chemical,5.375707606484445,6.941246475497671,7.582806075116326,14.29618231992666,297.20272839773656,14.213377660543436,0
2023-01-19 05:00:00,STATION-05,chemical,5.314335173842195,6.154446256814004,7.5150032692654705,17.215507969301758,285.8418335556747,15.728533438785773,0
2023-01-19 06:00:00,STATION-01,chemical,7.2160842037775375,13.50374812829166,6.602893260781748,17.124697277651347,394.97379604437776,31.954411591589032,1
2023-01-19 07:00:00,STATION-05,food_processing,7.175675826398626,4.779564015228799,8.713061973409713,13.324884718824585,148.82885203995923,3.996635989994871,0
2023-01-19 08:00:00,STATION-03,food_processing,6.697833088189396,0.0,8.102160579164707,11.450742823655757,97.64541396167728,3.3894463809232986,0
2023-01-19 09:00:00,STATION-08,food_processing,6.619224142083825,0.0,8.252830024908652,13.601091837414295,169.9490950351173,4.609657054155319,0
2023-01-19 10:00:00,STATION-01,chemical,5.704519341383975,8.152857226105805,7.152352201327671,16.286952918308685,709.2036179070143,28.822243894397978,1
2023-01-19 11:00:00,STATION-05,food_processing,6.728387466085765,5.196597742490152,8.557565683753905,13.129409536895869,197.22079342701363,3.341247226771823,0
2023-01-19 12:00:00,STATION-08,textile,7.5015988059097625,23.192936558741547,6.510779559979283,24.228394368334385,640.7223726633081,9.826997507788995,0
2023-01-19 13:00:00,STATION-06,textile,7.60501919479452,22.37752223501782,6.197472010498038,23.380829252837675,570.1735192383752,12.815704712997464,0
2023-01-19 14:00:00,STATION-01,chemical,5.244149205564947,8.045877129797343,7.550084818996737,17.107155072839323,285.79504973196083,15.789303027185843,0
2023-01-19 15:00:00,STATION-08,textile,7.509302634042948,18.879671100951455,7.5530031457513935,24.98226030014559,483.55400648333114,10.095966567053281,0
2023-01-19 16:00:00,STATION-02,chemical,5.39234018093667,5.256067655467022,7.852095172561583,17.978592863664964,397.04334695909347,14.943367448327205,0
2023-01-19 17:00:00,STATION-08,textile,7.330779572764534,17.17052022689183,6.886117227209328,24.461799167547305,538.6105738676252,10.354486423042301,0
2023-01-19 18:00:00,STATION-10,chemical,5.2369941788924494,11.47435776981877,8.531947267828334,15.587358977398779,368.12291220001066,12.92825410276384,0
2023-01-19 19:00:00,STATION-01,food_processing,6.987280083402929,4.090395149868508,9.047761205747905,14.421075938069784,177.52167554673926,2.6820500817068633,0
2023-01-19 20:00:00,STATION-03,chemical,6.776555142269143,31.292950223855946,6.023303555764909,17.610742155796196,564.8164695303367,37.4834664371533,1
2023-01-19 21:00:00,STATION-05,food_processing,6.817901799952763,1.3628951208208226,8.022344245590096,13.265528649116472,135.89927590323953,4.644110421353897,0
2023-01-19 22:00:00,STATION-04,chemical,5.491640554424897,13.237946969296363,7.384276601155604,18.440812598004264,329.7345105685092,16.505214436316496,0
2023-01-19 23:00:00,STATION-09,chemical,5.627168667653186,10.48457395646154,8.324056080911939,18.322135894078478,290.9384482726649,13.214274367967468,0
2023-01-20 00:00:00,STATION-10,textile,7.29267542016708,15.818494543896122,6.687187946799302,23.545878837739146,553.7861483747096,10.76606192382027,0
2023-01-20 01:00:00,STATION-10,food_processing,6.871351258061671,6.339383063735562,8.469953876122434,12.871643222049082,150.62892511759165,4.543283288380209,0
2023-01-20 02:00:00,STATION-09,chemical,5.508067281110939,5.243189876199233,7.03977212187535,16.272632259340867,378.4103223531916,14.53159770809002,0
2023-01-20 03:00:00,STATION-08,textile,6.54603174964998,50.506849520766195,4.989394283409256,21.67641169859861,964.3874135703844,27.072398137663736,1
2023-01-20 04:00:00,STATION-05,textile,7.535409869501983,19.537900050272402,7.202272596543079,22.18583001801389,486.68014624037454,10.528004430906448,0
2023-01-20 05:00:00,STATION-07,food_processing,7.009790573272288,6.7053329167838385,8.128660572649423,14.605483382793965,90.7657678168838,3.8587028824277345,0
2023-01-20 06:00:00,STATION-10,textile,7.685371182715309,19.365360190758413,7.204875609811645,21.295900374352595,529.0599405997126,9.620916531140413,0
2023-01-20 07:00:00,STATION-01,food_processing,6.822674107605044,4.490376549260782,9.190639507779462,13.717725608750063,233.82973991228482,3.115917810697943,0
2023-01-20 08:00:00,STATION-02,food_processing,6.898121380491178,7.177123949956166,8.892477144343959,11.80965651183163,168.16315396237655,6.276291355788789,0
2023-01-20 09:00:00,STATION-04,chemical,5.378326500819196,11.018925300140053,7.593026421826094,16.95499135965554,327.8787921412408,12.153096722247756,0
2023-01-20 10:00:00,STATION-02,textile,7.910909018924156,19.815004042380377,7.1545011780428505,23.64501668931506,601.6168512355168,10.117675196166868,0
2023-01-20 11:00:00,STATION-04,chemical,5.340068515540471,9.851229076354182,8.17366162080678,17.203206933393904,390.0495300344368,14.179492918732507,0
2023-01-20 12:00:00,STATION-09,chemical,5.451394626143558,16.88942331434237,4.913489957356732,16.623405276976516,493.6964117075337,39.313627105043615,1
2023-01-20 13:00:00,STATION-03,chemical,4.0828167151148085,23.324658530008712,5.83508817929626,15.352222858895528,475.46313634374184,33.314715844645015,1
2023-01-20 14:00:00,STATION-07,chemical,5.359731170047231,9.203378576112291,7.6641369810405156,18.191593614182565,268.62113793944854,15.522304523917228,0
2023-01-20 15:00:00,STATION-10,textile,7.4872258829751015,20.13892989438242,6.536960979824753,24.052074886023743,561.3470438217969,13.033163426280215,0
2023-01-20 16:00:00,STATION-05,textile,7.738120135773584,19.618240073044138,6.914275084256103,23.726872863696425,435.4626731542191,9.020805559231308,0
2023-01-20 17:00:00,STATION-04,chemical,5.547467620758769,5.332481765005195,8.332388029374135,18.336379457876824,295.4840494872435,12.980908008232518,0
2023-01-20 18:00:00,STATION-05,textile,7.204538449136534,18.82084118724191,7.683700763869211,22.726008235103,502.58258572236576,12.13464272426743,0
2023-01-20 19:00:00,STATION-08,food_processing,7.751916634520214,16.15570013003929,6.824067989254304,13.256694499043086,204.80277123549646,11.094868912520605,1
2023-01-20 20:00:00,STATION-04,chemical,5.466231482959407,10.028656858770539,6.949717333484924,17.314746305589587,213.28071187755495,12.627071223843151,0
2023-01-20 21:00:00,STATION-10,textile,7.605339608420915,14.202232937178168,6.319491536046265,23.487883342019565,598.6760718406836,10.850756060529541,0
2023-01-20 22:00:00,STATION-04,food_processing,6.662612475666831,3.100237393179218,8.780770577309822,13.610841031136689,156.83870586583495,5.1195091089013465,0
2023-01-20 23:00:00,STATION-02,textile,8.482430738839607,29.83734048496154,7.569085602161345,21.94982788031929,1214.2877413925396,22.500667505399345,1
2023-01-21 00:00:00,STATION-04,food_processing,6.766869904863196,1.3196937963450912,8.474762963609288,12.300747901835953,105.4235272663982,3.406930611730168,0
2023-01-21 01:00:00,STATION-03,food_processing,6.904472042766893,4.464284096318439,8.798472948654442,12.218808973852994,142.89801958835298,4.651811464256964,0
2023-01-21 02:00:00,STATION-03,textile,7.633639568711526,20.241823326861564,6.609104885133336,23.470450355570172,456.9658478417737,9.779389750737094,0
2023-01-21 03:00:00,STATION-01,chemical,5.591059687683315,10.13860982744486,7.848205945411385,17.444942062544623,346.7554380511392,15.421281523088282,0
2023-01-21 04:00:00,STATION-05,chemical,5.777398545981768,11.897128577697396,7.64104394541744,16.899222084054013,312.3503353742087,15.342691022598482,0
2023-01-21 05:00:00,STATION-10,food_processing,7.3690588789815274,5.212984146274844,8.276897367826368,13.701350838344826,125.59900492190327,4.437807387814875,0
2023-01-21 06:00:00,STATION-08,textile,7.405183905326727,17.727164826373258,6.145800053523326,22.327028982272534,531.5902349605965,7.6187607644030475,0
2023-01-21 07:00:00,STATION-08,chemical,5.166648413401952,7.819225123209529,8.14967346527677,16.63332120634948,285.89854761050276,16.3499994966446,0
2023-01-21 08:00:00,STATION-05,food_processing,6.9515553521872375,3.509825891618884,8.400584198510565,12.822042444254313,86.40724077495575,4.658869053866515,0
2023-01-21 09:00:00,STATION-07,food_processing,6.711175709126897,5.90914484879815,8.795160286493195,11.21327340615509,146.74771636405956,6.139077813246114,0
2023-01-21 10:00:00,STATION-09,textile,8.222504171385568,54.273149415553846,4.960929093989535,23.924699196769794,782.2628088742375,22.176882319467925,1
2023-01-21 11:00:00,STATION-08,food_processing,6.422847677885774,0.0,8.027371724063311,12.928833011146914,217.58406864300537,5.562662245631286,0
2023-01-21 12:00:00,STATION-02,textile,7.434121692517461,25.343680782744705,6.753565526087799,21.78434363152804,476.1557988483361,10.063933784618058,0
2023-01-21 13:00:00,STATION-01,food_processing,6.944440341793292,4.486301767723021,7.670201580836798,12.625210847281743,97.22831095221478,2.784285552331359,0
2023-01-21 14:00:00,STATION-06,textile,7.436178851889405,19.33803178027615,7.150556583550347,22.950094608913286,549.1458103230881,8.876875564028623,0
2023-01-21 15:00:00,STATION-05,food_processing,6.831819248437801,6.210128727580175,8.633770143063277,12.168238825737191,134.75660685032963,4.851705326056571,0
2023-01-21 16:00:00,STATION-02,chemical,5.729748469964549,9.811579830568133,7.59167110699921,16.7544985102645,378.0175464937229,13.901988100641429,0
2023-01-21 17:00:00,STATION-10,chemical,5.746395880653004,9.367843062769712,7.335473163975892,17.95880665601096,287.2088432878709,14.904368602514028,0
2023-01-21 18:00:00,STATION-01,food_processing,6.847057941833974,2.0975297678742963,9.57172341238849,13.231009977255514,141.10871373556552,3.3121647344302474,0
2023-01-21 19:00:00,STATION-05,food_processing,6.85636170973671,4.585858774155399,8.340663454711597,14.431099165589297,141.5206813751355,5.8672323752967825,0
2023-01-21 20:00:00,STATION-01,food_processing,6.859206615408524,5.257997195015647,7.3329114788948475,12.912072590580102,145.30072836076891,7.775694850765631,0
2023-01-21 21:00:00,STATION-08,chemical,5.337822211238282,7.773959725330779,6.823096240226572,17.86636623498504,282.58153183829637,15.886659771645835,0
2023-01-21 22:00:00,STATION-08,food_processing,6.570168141892273,3.775480472033138,8.697405635573045,11.127844497566604,89.26658363457193,5.015503344773532,0
2023-01-21 23:00:00,STATION-03,textile,7.828546860387526,16.722337188849764,7.208685401515915,21.816240902939803,583.2116625748819,7.426362573432526,0
2023-01-22 00:00:00,STATION-07,food_processing,6.8035073803346116,3.5295849552818623,7.894045140009362,13.562857920182392,86.06450161115642,3.46040231882721,0
2023-01-22 01:00:00,STATION-08,food_processing,6.575364403582407,1.0945317433367068,8.648191510058377,12.596200359216892,125.56587155185187,5.479331010085042,0
2023-01-22 02:00:00,STATION-08,chemical,5.534823624654194,16.07700790408537,5.290821085125515,17.323718895579066,381.17406650667147,31.277637895394125,1
2023-01-22 03:00:00,STATION-07,textile,6.545164667694944,33.41461957180579,4.381742556681461,23.627493896671844,881.3516571637878,14.377826663488426,1
2023-01-22 04:00:00,STATION-06,textile,7.290431956226036,15.51001856983136,7.676296954878273,21.4051247359844,621.1223950541748,8.439098717737743,0
2023-01-22 05:00:00,STATION-02,food_processing,6.352614900254796,4.050903730515668,8.174351936819928,11.67957685315559,161.0687626988114,4.633836922216847,0
2023-01-22 06:00:00,STATION-06,chemical,6.233347550932291,18.38091794289848,5.667501684093521,17.3230832579379,727.4563374835599,23.86820376130373,1
2023-01-22 07:00:00,STATION-08,textile,7.719836798757062,20.625948745620107,7.5998648901720856,23.351309675987917,523.4863669867524,10.594730226116377,0
2023-01-22 08:00:00,STATION-07,textile,7.5230361766305585,17.486530223667053,7.351512729522706,24.480453033930687,561.8525270921234,9.543489092623117,0
2023-01-22 09:00:00,STATION-01,food_processing,6.405996993605685,4.879715263686691,8.136502813796326,14.307915623779838,269.1930518990937,4.916819937788127,0
2023-01-22 10:00:00,STATION-02,textile,7.505192422686701,17.720396223965256,7.491619984722702,22.592269228395566,468.5527322533613,6.995779392211256,0
2023-01-22 11:00:00,STATION-05,textile,7.768050880190366,18.634647997884,6.8802644674418385,24.3095256365144,459.79250192125204,10.775485708241712,0
2023-01-22 12:00:00,STATION-02,textile,7.376389118642958,15.308884644370554,7.109701334876953,21.955583511691568,511.72977904467183,8.447918513972883,0
2023-01-22 13:00:00,STATION-09,textile,7.2229734352517205,38.26113900179096,5.200273397872187,22.331661631645296,918.9245289259923,24.539201515855552,1
2023-01-22 14:00:00,STATION-09,chemical,5.587984793337533,7.27581270301255,7.641720717872318,15.876028237570566,248.29444302351448,16.794941803480516,0
2023-01-22 15:00:00,STATION-07,textile,7.620379129721289,23.03498124111994,6.8771396131689,22.309670420822226,467.5198145202585,8.981817739236732,0
2023-01-22 16:00:00,STATION-04,chemical,5.679043680445236,16.716494999243274,8.214893726235209,17.25320451029535,284.62361176414925,15.409981884805312,0
2023-01-22 17:00:00,STATION-06,food_processing,6.632396163914863,6.084801565530752,8.628229455429267,13.469696719485354,184.34768338854082,6.74943245979873,0
2023-01-22 18:00:00,STATION-08,food_processing,6.777391925825723,7.902651247973406,8.33951007980814,13.170955352187505,150.259322432951,7.263079434983867,0
2023-01-22 19:00:00,STATION-08,food_processing,6.528680029812177,2.337829933992639,8.017630778494329,13.361812944604983,117.80879930137488,2.6862730882976598,0
2023-01-22 20:00:00,STATION-04,chemical,5.539278921002038,8.615073391237164,7.79362883087242,16.831070843675263,329.74762290884007,13.163544884936607,0
2023-01-22 21:00:00,STATION-09,textile,7.950734468076106,38.549173028715586,6.08410691178143,23.161662386379554,833.3294773451064,26.05865159994504,1
2023-01-22 22:00:00,STATION-05,chemical,5.4645972827847125,12.668240369573576,7.4503941323869745,16.43381072514,319.95516026491265,15.091522283121307,0
2023-01-22 23:00:00,STATION-08,textile,7.5751460595224716,22.140381387333463,7.294367811440573,23.572095723598483,495.079129567111,11.29872550476973,0
2023-01-23 00:00:00,STATION-01,chemical,5.369585086119441,10.544294193851085,7.707639845132727,18.063508928451526,258.7946750367998,14.057388331954701,0
2023-01-23 01:00:00,STATION-10,food_processing,6.356943976879306,4.528046501454601,8.41985352858849,12.906001225771215,220.7957137288634,4.67060901611186,0
2023-01-23 02:00:00,STATION-03,chemical,4.9775608403361336,8.813069337621997,7.245011411832872,16.175377428795386,355.383866974188,14.278625000738788,0
2023-01-23 03:00:00,STATION-09,textile,7.425877389292028,19.940726420492446,6.590864980540771,23.077856724267303,414.18756612577243,11.539284502160296,0
2023-01-23 04:00:00,STATION-09,chemical,5.955307737908618,7.7039334546390865,6.907517395857893,17.754643617172608,327.59774481527995,15.092415519284215,0
2023-01-23 05:00:00,STATION-02,textile,7.663542321252582,19.341014984184326,7.282470326773407,23.55034510140489,508.546918556415,10.654419179849295,0
2023-01-23 06:00:00,STATION-02,chemical,5.429664124077897,2.744157151912856,8.138235441390464,18.850412322375025,373.4381872327291,16.163628450674864,0
2023-01-23 07:00:00,STATION-02,textile,7.611703036321512,21.64136691631802,6.595684765063722,23.55877103473776,469.5621538177337,9.035824645538913,0
2023-01-23 08:00:00,STATION-03,food_processing,6.658724899576841,3.0632101926269835,8.866319783232745,13.974657690700203,100.00076095948015,3.899635484748439,0
2023-01-23 09:00:00,STATION-05,textile,7.48235090994138,19.087069491530624,6.893072199503043,23.746846810634295,451.13768844340717,11.515095545297392,0
2023-01-23 10:00:00,STATION-05,food_processing,6.869954363543012,1.841650810665012,8.195448428088339,12.23347955302113,219.14361195203668,4.893025899311098,0
2023-01-23 11:00:00,STATION-08,textile,7.561065657469738,30.362139206732543,7.142561920671136,21.99084965863316,480.96875764668175,9.780828952608182,0
2023-01-23 12:00:00,STATION-04,textile,7.51886403127622,19.651402146920738,6.133349477675961,21.158963832707155,480.20410177947014,12.99164274202161,0
2023-01-23 13:00:00,STATION-09,textile,5.641960050946234,44.83902482409094,5.266519529196664,23.37606959632077,1226.3696150005537,18.883820867264564,1
2023-01-23 14:00:00,STATION-07,chemical,5.5608300892372355,6.9272129969234095,7.4529394677160905,16.774432978931397,325.1825143762027,13.293609006955966,0
2023-01-23 15:00:00,STATION-10,chemical,5.514731318998439,6.787279012466442,7.244561455835426,17.607053434770553,320.49677924902835,13.880707869664427,0
2023-01-23 16:00:00,STATION-03,food_processing,6.6428645943464995,5.2376451434124185,7.791495543448507,10.900098014274878,267.79105907990754,6.806761327409234,0
2023-01-23 17:00:00,STATION-05,chemical,4.014902995332203,15.696090031493611,7.7609538174204795,17.38433395931341,582.1997782533548,23.080178570268302,1
2023-01-23 18:00:00,STATION-06,textile,7.091828229870496,17.572702198415275,6.005416214351364,21.36061009453543,527.0304751473537,10.477436803979671,0
2023-01-23 19:00:00,STATION-05,food_processing,6.748536422946866,7.66311877035174,9.061064009917454,14.389560258580062,132.82321405871505,5.013267960045418,0
2023-01-23 20:00:00,STATION-05,chemical,5.610775264055766,9.639744264793768,8.189916164877195,17.300614806764536,360.4760351221443,14.8003853369831,0
2023-01-23 21:00:00,STATION-05,food_processing,6.722710847554716,6.627546330606652,10.135513061107295,14.71910907002293,90.3759036608761,7.434460172944071,0
2023-01-23 22:00:00,STATION-10,food_processing,6.879446810595798,2.9948759501013984,8.952459259346941,13.418797828200548,208.1231502340998,7.925208476262528,0
2023-01-23 23:00:00,STATION-08,food_processing,7.081551761050839,6.798753559371132,8.602173843604477,12.03900365807568,161.30540050221856,6.84398739697312,0
2023-01-24 00:00:00,STATION-08,chemical,5.506226970588996,6.854225065517224,7.123981873173854,17.640785134252642,311.1066121274726,13.727212536971038,0
2023-01-24 01:00:00,STATION-08,food_processing,6.900162626709222,9.396980505036044,8.366144586476263,13.21534379328875,128.32865076092455,4.0590186111246815,0
2023-01-24 02:00:00,STATION-06,textile,7.341893110055416,14.787734212813668,7.558787098466578,21.163489797624926,575.5568283179567,11.471609198037749,0
2023-01-24 03:00:00,STATION-09,food_processing,7.023817416970205,7.603326561578545,8.164425602434664,13.29181276742631,126.11988533334103,4.299816217934721,0
2023-01-24 04:00:00,STATION-08,textile,7.73159381051311,16.18625252026279,6.458646588856592,23.342647199194804,519.729971068527,9.723830601824254,0
2023-01-24 05:00:00,STATION-04,textile,7.422620689869749,19.28150409323976,6.810857391317897,23.393724999314397,452.0770447152368,11.149275950275426,0
2023-01-24 06:00:00,STATION-04,food_processing,6.959571840055854,3.7689778056451617,9.346157578058905,10.460792082504337,114.29344538999743,4.3043825933036945,0
2023-01-24 07:00:00,STATION-07,food_processing,6.882769477162448,0.27842320839234347,8.067150909559118,12.86960576108047,214.06669282322596,4.337216326560696,0
2023-01-24 08:00:00,STATION-07,chemical,5.447715758565392,15.032708349626233,7.40590407147446,17.45108728370382,277.83150602364367,14.010753455740096,0
2023-01-24 09:00:00,STATION-06,chemical,6.25401597904544,16.08554351349049,6.757795503557359,16.277639641132616,720.6622738385631,25.463794006823118,1
2023-01-24 10:00:00,STATION-08,food_processing,6.7942643424650395,6.839132629312358,8.22895960140275,13.24594730939617,102.61568321804123,4.921081860416916,0
2023-01-24 11:00:00,STATION-07,food_processing,6.820028582492015,5.349405245154266,8.033387224655332,12.284142556218766,127.87635285749946,2.756509623686949,0
2023-01-24 12:00:00,STATION-03,textile,7.613681904914964,25.51068550948704,6.404059344529062,23.472009568378073,576.4280407146932,7.343192742412206,0
2023-01-24 13:00:00,STATION-01,textile,7.178013793644676,35.078408213977035,5.679430786275868,23.57733274178468,642.6469505714887,20.41133968207008,1
2023-01-24 14:00:00,STATION-09,chemical,5.3515929220109735,26.459338821297106,5.784098656549476,16.106243661705527,405.94556314780965,24.328078545943043,1
2023-01-24 15:00:00,STATION-06,food_processing,7.190938503082249,6.016983531424478,8.315149627395613,12.552133588223539,120.18141661816111,5.528693745783071,0
2023-01-24 16:00:00,STATION-08,chemical,5.589661941151276,9.588319894491233,7.8680721311305275,17.968740531923558,222.26449634600735,14.73125101017988,0
2023-01-24 17:00:00,STATION-09,chemical,5.854301856497349,3.3919220765939073,6.743119186680012,15.863697137107469,293.3827163321257,16.31348329777995,0
2023-01-24 18:00:00,STATION-01,textile,7.888952447530098,21.424448968589275,6.653992525383893,21.675617791923113,536.1137073589001,10.46880987097387,0
2023-01-24 19:00:00,STATION-03,food_processing,6.922200391965052,9.791083579552948,8.591194607361938,12.7166568262925,214.04721043902123,2.5565036524095506,0
2023-01-24 20:00:00,STATION-03,textile,7.267619955680037,20.19794990575474,6.76779409038441,22.076834875971805,449.29654035573606,10.375446508997259,0
2023-01-24 21:00:00,STATION-08,chemical,5.40688264408228,14.64126845839483,7.4588371609036335,16.951516099529343,363.50214669634624,13.971589511462607,0
2023-01-24 22:00:00,STATION-06,textile,7.488904796748733,24.285014918791738,6.932423196483792,23.244776283798657,537.320910981648,7.453566535722816,0
2023-01-24 23:00:00,STATION-07,food_processing,6.626629528015329,5.934228042352027,8.683526763340444,12.835155618420236,217.90920735524895,6.85399772414509,0
2023-01-25 00:00:00,STATION-02,food_processing,6.515654530592507,1.9883355919659418,8.863766846812899,13.765342536136286,158.53259708750258,3.9564813207249747,0
2023-01-25 01:00:00,STATION-09,textile,7.201177532856244,15.033882488038445,7.264413746692306,22.811255786988774,518.8981313017036,9.92026526789536,0
2023-01-25 02:00:00,STATION-06,textile,7.415417148835499,15.807008357164465,6.518763698159457,23.847873289497343,516.6571266037555,11.227105139911728,0
2023-01-25 03:00:00,STATION-08,food_processing,6.5959473415763155,1.76679092585821,8.712124068727594,12.962839215066117,150.9663711833695,5.151960582729895,0
2023-01-25 04:00:00,STATION-01,food_processing,6.646271439007706,0.9672908089498051,8.70306862735272,13.006734534101621,179.4925123157636,4.629671216259076,0
2023-01-25 05:00:00,STATION-02,food_processing,6.939984624619777,9.37961264453446,8.031169072974592,12.378164009395595,213.1109438749488,9.301191331264572,1
2023-01-25 06:00:00,STATION-05,chemical,5.977051176073036,17.977159881366358,7.953461100873029,19.42666775873137,655.9062120084396,39.04639419079621,1
2023-01-25 07:00:00,STATION-02,chemical,5.491616057751534,10.688162984477378,7.529546666512509,17.215698713885953,267.9492042006218,15.646581738899476,0
2023-01-25 08:00:00,STATION-02,textile,7.585527243775949,25.2786418083479,6.54825873138808,21.949580056651453,463.2368369119834,9.51963888654785,0
2023-01-25 09:00:00,STATION-02,food_processing,6.525389868086272,0.0,8.620210677064046,13.32346505095061,124.98925706218687,4.282207257863351,0
2023-01-25 10:00:00,STATION-03,textile,7.238466620323012,17.896877528036587,7.8007856889477125,24.085609402974058,537.4775269463073,11.195415535042322,0
2023-01-25 11:00:00,STATION-05,food_processing,6.921105041044862,4.491972478935903,9.13611943088605,12.082917447789693,112.56555633150217,4.60643280393475,0
2023-01-25 12:00:00,STATION-01,chemical,4.815900198577351,16.774540364597584,4.81511583457613,17.954627793652307,381.69414046572297,27.378129993342924,1
2023-01-25 13:00:00,STATION-01,textile,7.359168012485097,22.72576040483944,7.145066663544378,23.188710963411218,589.7115889664293,12.147215670891125,0
2023-01-25 14:00:00,STATION-06,textile,7.5732673937868125,20.902143625453185,6.446708753106061,22.992273718894317,534.5278659137126,8.628167429809118,0
2023-01-25 15:00:00,STATION-07,textile,7.129440436987011,21.694130009639483,7.010599321756183,23.27233340112833,365.2998691153756,8.549809718250948,0
2023-01-25 16:00:00,STATION-04,chemical,5.336185067199991,7.9673799612793035,7.155773941197893,17.136656506253832,317.9176325507018,16.492433396349995,0
2023-01-25 17:00:00,STATION-07,food_processing,6.871942299780821,7.3744967962544745,7.871508162315325,14.623587177972887,182.20741685759913,5.693578488275479,0
2023-01-25 18:00:00,STATION-03,food_processing,8.103193957113115,7.2597669439718135,6.059635605830785,13.318478066796581,312.0776122667101,15.687203784134866,1
2023-01-25 19:00:00,STATION-03,chemical,5.587534660038621,11.087778999089796,7.050991123292898,17.311373129121662,178.08312931101887,16.566737841075852,0
2023-01-25 20:00:00,STATION-10,chemical,5.429380733716439,10.446184527760819,8.144033035131093,17.760945525881116,285.23916464396694,16.201767558422596,0
2023-01-25 21:00:00,STATION-10,textile,7.800320374526239,18.624775176340528,7.424258052694252,23.50588506453536,577.2948239889324,7.440044040498583,0
2023-01-25 22:00:00,STATION-04,food_processing,6.9514236737348885,3.9210149639980783,8.665153656088773,12.707295835578513,209.02636312059846,6.303054012847524,0
2023-01-25 23:00:00,STATION-10,textile,7.508827779333119,21.672189671580867,6.942163578760275,23.74260495923529,509.4820249511194,9.918887235943137,0
2023-01-26 00:00:00,STATION-04,chemical,5.271963054570264,10.292779782555442,8.495493439944319,18.29705719649116,278.8658507573836,14.35183235932048,0
2023-01-26 01:00:00,STATION-05,textile,6.504117292099055,26.359687271013623,6.339484124403529,22.449183082666206,1059.7367208483356,13.469933511930115,1
2023-01-26 02:00:00,STATION-05,textile,6.565439063057507,29.354095895542148,4.633374211637316,22.460211696987038,899.03592863214,19.594966698392504,1
2023-01-26 03:00:00,STATION-01,food_processing,6.678910102425607,3.1593723221325494,8.9404617315996,12.52814035227858,149.05087001595692,7.279287018963776,0
2023-01-26 04:00:00,STATION-05,textile,7.488243469683846,20.51007294276371,6.881875183688156,22.164619711151964,452.76860334042,8.852355809653874,0
2023-01-26 05:00:00,STATION-09,food_processing,6.460583102102553,7.743899670561837,6.942736405342197,13.426840480021426,242.22435594288896,8.383080211481738,1
2023-01-26 06:00:00,STATION-02,chemical,5.6771371307305465,12.385729036221276,8.426432487469286,19.52070869215797,260.6499008263729,16.956495198990716,0
2023-01-26 07:00:00,STATION-06,textile,7.410774878329423,20.454550915243935,7.137736305483892,22.897667902566674,566.0455001334936,10.837327863321306,0
2023-01-26 08:00:00,STATION-05,food_processing,6.612087451629448,9.842341769073464,8.550450767573533,13.798912927591022,118.83854082769327,3.356909466175945,0
2023-01-26 09:00:00,STATION-07,food_processing,6.658208195790832,0.4987387933384744,8.40249781117279,12.350876878361742,120.35370648398003,3.07527829609451,0
2023-01-26 10:00:00,STATION-05,food_processing,5.90400826348794,9.03589189233247,7.340508609371033,13.293076653266917,361.04641893405534,8.356501874475244,1
2023-01-26 11:00:00,STATION-05,textile,7.645064812629325,21.26655998431232,6.825706517022506,23.268358988018523,459.66268742772036,10.863020997711354,0
2023-01-26 12:00:00,STATION-07,chemical,5.387820181831235,7.351403456357199,7.20823831060448,17.426447416198275,381.8212606170832,16.664136283788086,0
2023-01-26 13:00:00,STATION-02,textile,7.55747614192871,11.763158405067866,6.546763025263309,22.641990694108976,497.45766914453594,10.232188366785758,0
2023-01-26 14:00:00,STATION-07,chemical,6.717424492211212,14.866863846070263,6.8541566512160035,17.24710256483042,400.7654579979068,25.583003411966935,1
2023-01-26 15:00:00,STATION-06,food_processing,6.979965166425656,4.856736144534378,8.364663122328153,12.218857507717221,144.40215828841764,6.219886518079459,0
2023-01-26 16:00:00,STATION-05,food_processing,6.76240017969664,7.259636194483595,7.884869926200712,12.921626971874238,97.46680503834256,5.378673971888589,0
2023-01-26 17:00:00,STATION-05,food_processing,6.850064658638092,0.7115052849095944,9.392474061440069,13.866397400357599,119.55745459273211,5.757901273899156,0
2023-01-26 18:00:00,STATION-07,chemical,5.302604048840785,10.537515323802623,8.928736537732354,17.85438466067837,315.0562371426012,14.180513462231,0
2023-01-26 19:00:00,STATION-01,textile,7.573602007298904,23.179260832454705,6.250944829175976,24.205673145191955,580.0437561838546,8.516206342553982,0
2023-01-26 20:00:00,STATION-01,food_processing,6.731898780993632,4.2889283808807,8.857502905496787,10.349776452701825,107.49879161438523,5.980921731384411,0
2023-01-26 21:00:00,STATION-08,food_processing,6.806313133457983,8.681873439926576,8.074896312430472,12.928554596952395,165.65828036661748,4.4774234734065175,0
2023-01-26 22:00:00,STATION-04,textile,7.112384599291257,63.027597971496945,5.46999195412822,21.443284047863916,841.2596856600876,20.071905648284023,1
2023-01-26 23:00:00,STATION-06,food_processing,6.710507272358703,5.075788493295171,8.771338173280164,13.846173463027863,149.28329977440444,4.360871644653402,0
2023-01-27 00:00:00,STATION-04,chemical,5.234320958907378,8.186098790372661,7.215778958141127,16.53806481073297,296.7098339463908,17.96546305216977,0
2023-01-27 01:00:00,STATION-05,food_processing,6.796513220610198,5.524457981062421,7.321256270506342,12.613316357511717,244.04381535039246,4.940356652857739,0
2023-01-27 02:00:00,STATION-03,food_processing,6.524379731693195,2.9830524010387567,9.234861882254272,13.580622619446986,120.70931965820586,4.293499608126124,0
2023-01-27 03:00:00,STATION-02,food_processing,6.709476212069211,8.851535380487901,7.555073670484941,12.349579547326805,84.21682223627836,4.631674752198971,0
2023-01-27 04:00:00,STATION-01,food_processing,6.637679989761578,2.797556760155993,7.492642759533292,11.91249788023855,99.10056381161594,2.5782781188644166,0
2023-01-27 05:00:00,STATION-08,textile,7.537493534434506,15.391745122865828,6.43042196223286,23.403588070281103,497.83950865519927,8.495832165581328,0
2023-01-27 06:00:00,STATION-10,chemical,5.626122472496666,10.073649497211964,7.339328734981377,17.90236741713532,289.9405118252625,13.893664703898084,0
2023-01-27 07:00:00,STATION-03,textile,7.453064636815548,15.602325514899386,6.678126287366875,21.237999762996388,473.548075121618,11.817623360794235,0
2023-01-27 08:00:00,STATION-05,chemical,7.128886139791485,15.077787699924196,6.360197932978579,15.404042840393783,588.3808152151005,26.143539090533906,1
2023-01-27 09:00:00,STATION-07,textile,7.260197921496998,18.66707164341295,7.4684844977946,21.64820407393669,528.919909900842,8.438315296076814,0
2023-01-27 10:00:00,STATION-04,chemical,5.391737128912871,8.11504004383476,7.360816779849451,15.901075434409458,322.0679346264975,15.408001660324782,0
2023-01-27 11:00:00,STATION-09,chemical,5.818545691203914,13.538013429157619,7.779685033653679,17.226059589102025,226.63790032566166,14.742211801519504,0
2023-01-27 12:00:00,STATION-09,textile,7.329033016613443,21.843932144245468,7.627579208352361,22.166404116930103,515.4087544362541,9.864565380839778,0
2023-01-27 13:00:00,STATION-05,food_processing,6.814117915083467,5.548786260616873,9.553120148851667,10.917758756370127,212.0298273096536,5.038655290542487,0
2023-01-27 14:00:00,STATION-05,chemical,5.397401050160651,7.6737786279689395,7.750232262492559,16.0379228699284,317.84544246078525,14.857733089607247,0
2023-01-27 15:00:00,STATION-05,textile,6.8588998234322185,31.65316565224493,6.738275480345742,24.196816709096126,826.6282365327228,14.941181839506545,1
2023-01-27 16:00:00,STATION-06,food_processing,6.864581846080944,8.16982954712482,8.84181436473986,14.195984178381769,104.43442556331641,7.243560081770043,0
2023-01-27 17:00:00,STATION-08,chemical,4.203124319601788,15.874388408898836,6.100505231206782,17.536301432208273,590.1269879583105,26.4927810430442,1
2023-01-27 18:00:00,STATION-03,chemical,5.777011925409728,9.924117203305142,7.922100595346443,18.889379546017352,356.4985197053778,15.531718432493186,0
2023-01-27 19:00:00,STATION-07,chemical,5.135608354086384,16.195072773102567,7.540041312311542,16.922561132367797,193.7494937548492,16.684653165391342,0
2023-01-27 20:00:00,STATION-06,food_processing,6.667330111667108,5.763662376538173,8.255945612330699,12.095910833850919,117.51971836991677,5.9398645846865055,0
2023-01-27 21:00:00,STATION-07,chemical,5.278152573279399,11.018777869765552,7.410948266590183,16.59053444748763,229.32457008759076,14.50115522778246,0
2023-01-27 22:00:00,STATION-05,chemical,5.410726968994313,10.444536633614245,7.780830903901368,14.261188563056667,356.3382404130518,14.069702318169126,0
2023-01-27 23:00:00,STATION-02,food_processing,6.839163677576292,10.70162076630233,7.780612436379901,13.586582337333482,170.97486361548576,2.432690937225165,0
2023-01-28 00:00:00,STATION-06,textile,8.936094506560085,34.00859456069723,4.580012495757005,23.275636782329077,828.2716303226322,25.650649367778026,1
2023-01-28 01:00:00,STATION-05,food_processing,6.748409581351787,2.9100202624836604,8.714241464327916,12.107267790761991,161.73230938523795,4.550771163812578,0
2023-01-28 02:00:00,STATION-07,food_processing,6.884936890641151,5.906123465300972,8.890465789054595,11.348474004760643,86.45235812972204,3.7770703568081982,0
2023-01-28 03:00:00,STATION-06,food_processing,6.8703141565924915,2.198178642061209,8.24477957554636,14.674431682395294,90.47138319433449,4.371139014990094,0
2023-01-28 04:00:00,STATION-04,chemical,5.718706917643253,6.869949449148056,7.286849205993099,16.22324884639368,168.79166112492916,14.399056620344982,0
2023-01-28 05:00:00,STATION-01,textile,7.0340561684965035,43.36090772956396,5.54401517438977,22.82988080886984,1233.2689983389357,16.25124443295556,1
2023-01-28 06:00:00,STATION-09,food_processing,6.801106227725854,6.1282205950874,7.595881222497991,11.87585948183564,43.64512281920692,3.763551187673595,0
2023-01-28 07:00:00,STATION-10,textile,6.1817518401144,43.92769023967419,5.8190605348386395,23.903800129401436,960.0739669403386,15.048902288954789,1
2023-01-28 08:00:00,STATION-02,chemical,5.506881499197106,12.405387729701342,7.011807396116871,17.07286823782849,289.0883277726413,13.427358536198211,0
2023-01-28 09:00:00,STATION-08,food_processing,6.376179211956533,2.9690289571635073,9.109981647388526,13.358103612659216,126.09175377419228,6.336364722394187,0
2023-01-28 10:00:00,STATION-05,food_processing,6.744532358241266,5.11713525669368,8.707709415146745,14.913786040068423,153.49792947056872,6.858274827010188,0
2023-01-28 11:00:00,STATION-07,food_processing,5.066640781487616,8.447452710673712,7.911247696787081,12.314468387146949,393.2682212605633,8.434097980172341,1
2023-01-28 12:00:00,STATION-03,chemical,5.451059985564787,16.409946273786748,5.882699955853419,17.47980232005158,600.7465574534057,24.423056920243308,1
2023-01-28 13:00:00,STATION-01,chemical,5.5073119328801745,12.670081473229551,7.310049087945723,16.864472182206352,286.99617302725005,13.775184560704918,0
2023-01-28 14:00:00,STATION-08,textile,7.453006801300431,22.38606624137923,7.823246537741917,22.81200506191678,529.2743116123041,10.015862808293612,0
2023-01-28 15:00:00,STATION-02,chemical,5.358440427366257,10.513722473801714,6.788685675625126,16.800145937898876,283.5965188287201,15.980979348352673,0
2023-01-28 16:00:00,STATION-09,chemical,5.796347118908425,14.119524753665944,7.63171263082608,16.489542132971522,304.0693918212539,15.719758555353325,0
2023-01-28 17:00:00,STATION-07,chemical,5.502610785135088,8.381417590688816,7.338358700741819,17.011929533196568,320.6739772027861,12.94932917394865,0
2023-01-28 18:00:00,STATION-06,textile,7.593773920508377,11.39113992543513,6.757648984024229,22.418681518034795,553.949432007119,9.726881605977225,0
2023-01-28 19:00:00,STATION-09,food_processing,7.117052242837057,5.006447241283057,7.847991871386039,13.11269120041554,231.3615570831786,3.859080570484279,0
2023-01-28 20:00:00,STATION-10,textile,7.770860093101124,17.37311380250978,6.676361037956342,23.04662684279402,524.7465652261649,10.992217591968222,0
2023-01-28 21:00:00,STATION-03,food_processing,6.789351840272184,9.848845260691178,8.588393818881576,10.882756687879473,104.74124716282122,2.779681008312786,0
2023-01-28 22:00:00,STATION-02,textile,7.280107622643899,26.695358436477175,7.363198256599479,21.11060241212608,495.39787306894857,11.524484803811049,0
2023-01-28 23:00:00,STATION-10,textile,7.9119531798679485,26.346889490187515,7.69675975480503,22.043504186423636,412.96017843268635,9.716876947203438,0
2023-01-29 00:00:00,STATION-05,textile,7.484030727178852,28.98871728619443,6.461386062762621,22.330954875826176,511.4484967832195,9.90952862032937,0
2023-01-29 01:00:00,STATION-06,chemical,5.522036115556272,10.319458583808045,7.755699498087186,16.998427995530804,316.38002921355644,13.432786658540119,0
2023-01-29 02:00:00,STATION-08,chemical,6.055582787634923,11.836711367363796,5.421990903851527,18.41260790063623,574.9318489981476,40.75248129001247,1
2023-01-29 03:00:00,STATION-04,textile,7.299894863168522,15.9922480718257,7.189876094249349,21.530334557929695,537.0111531802844,9.409147190733545,0
2023-01-29 04:00:00,STATION-02,textile,7.6074859540278155,17.651798265208114,7.598249239093145,22.562972692389998,544.2093869356394,8.92900735414798,0
2023-01-29 05:00:00,STATION-06,food_processing,6.4045442549265275,6.176186349751227,9.005390692002868,13.925644621394094,169.35808895581812,7.030753320189661,0
2023-01-29 06:00:00,STATION-06,food_processing,6.873428875377241,7.6036283001953375,7.7067716777239,12.724690787637945,122.92120691028612,4.532378136643172,0
2023-01-29 07:00:00,STATION-07,chemical,5.4522632553873045,11.007537018657471,7.131867554928903,16.373919536427607,290.7194532596475,13.676128599974886,0
2023-01-29 08:00:00,STATION-04,textile,7.657722223853044,23.164868284157883,7.0702704974590205,22.301236581185183,662.0629538488392,11.233343973340535,0
2023-01-29 09:00:00,STATION-08,chemical,6.032956821857532,21.800218531253826,6.354538931841599,17.324877624406827,748.2791288023699,37.409906955686246,1
2023-01-29 10:00:00,STATION-04,chemical,5.680675419696161,11.594757957228245,7.007673707503812,17.52319944726975,294.7511657657667,15.745704360579142,0
2023-01-29 11:00:00,STATION-10,food_processing,7.602668754295363,13.414787443891122,6.861905631316716,10.996630870599805,213.96099144838175,6.8178119212143455,1
2023-01-29 12:00:00,STATION-01,chemical,5.194828603453466,7.015578288565745,7.954130704633662,18.975343117845526,314.92156180875327,15.574306703057207,0
2023-01-29 13:00:00,STATION-04,textile,6.8191475325734645,47.77248155892715,6.389586355513852,22.05511038239774,594.1623295607552,22.784405886493744,1
2023-01-29 14:00:00,STATION-10,chemical,5.579465661652573,7.571447628608201,7.9941422015513295,17.619565206125543,359.57754063250724,13.850416979833259,0
2023-01-29 15:00:00,STATION-02,chemical,7.125135281553521,20.447033785241004,7.061474473159318,18.803930483252866,510.99469545057866,24.738553615257082,1
2023-01-29 16:00:00,STATION-04,food_processing,6.413692778725326,7.084065567191621,7.736707071656158,14.329873248418432,117.25521793450139,5.380096875831801,0
2023-01-29 17:00:00,STATION-04,food_processing,7.125570793738813,2.5571373407801534,8.763278625246787,13.021698171059915,177.93989260711575,8.033884106997352,0
2023-01-29 18:00:00,STATION-06,chemical,5.5607485004902655,13.307399543104173,6.969923051200866,17.398979634739234,339.7860540440275,17.53135518120963,0
2023-01-29 19:00:00,STATION-10,chemical,5.726284874100546,10.601403163228753,7.560620272338522,17.314967287151788,199.08779571001656,15.282111051448556,0
2023-01-29 20:00:00,STATION-05,chemical,5.2627104043614885,11.512622555603373,7.485084459527726,16.33174942554543,271.75983244487867,17.151027427109284,0
2023-01-29 21:00:00,STATION-03,chemical,5.334606831290611,12.604199496553518,6.531999435457935,17.991436093317514,297.1215118797298,14.992757441585084,0
2023-01-29 22:00:00,STATION-05,food_processing,6.699674288725619,10.770881661268154,8.338038763035724,12.866170142244966,164.58555045470533,5.206436907810944,0
2023-01-29 23:00:00,STATION-02,chemical,5.862935069785793,15.34568867759478,7.875100562473159,16.449984421627445,315.35541812912106,15.00798450994066,0
2023-01-30 00:00:00,STATION-01,food_processing,6.815158309992871,4.960665707009988,8.341688597469071,12.37595856012079,137.46087329111134,6.346042188530037,0
2023-01-30 01:00:00,STATION-01,chemical,5.366569897246326,11.138076759001336,8.263766032378628,18.225161455099855,357.299515415628,13.997118213828765,0
2023-01-30 02:00:00,STATION-04,textile,7.313879289062098,24.813229988106063,6.288699675608491,22.73592403000814,419.0567353359905,9.598731217127114,0
2023-01-30 03:00:00,STATION-06,food_processing,6.924150964128152,8.52705620969305,7.618457202883035,13.287310602575992,209.41682691794685,5.6561726522923,0
2023-01-30 04:00:00,STATION-03,chemical,6.897851583688365,21.611658900274737,6.837647512671529,17.731494309804866,396.3508324993787,33.23423202404578,1
2023-01-30 05:00:00,STATION-01,textile,7.233009025139801,45.73779862235851,6.825163784975764,23.92722648568879,765.897590925779,13.027686342577281,1
2023-01-30 06:00:00,STATION-07,chemical,6.920969135861278,27.271552172774,6.471671969756931,16.373368440487468,331.2539696058035,27.589051599718097,1
2023-01-30 07:00:00,STATION-02,food_processing,6.8646395193717415,4.98269736145165,7.83505448877971,12.923801061280196,186.38930751550947,5.72555209041277,0
2023-01-30 08:00:00,STATION-02,food_processing,6.658452244104012,4.897921991950774,9.147976344142133,14.161734790014698,158.04710683080253,2.5965879089735084,0
2023-01-30 09:00:00,STATION-08,textile,7.851553293336164,17.82381722711528,7.285017098042012,22.129652982342567,407.1989655056605,8.45559610767283,0
2023-01-30 10:00:00,STATION-09,textile,7.679846214362222,19.51662944763089,6.468425644922289,23.624193114217356,492.996227938752,10.83717551792448,0
2023-01-30 11:00:00,STATION-02,food_processing,6.96135596610962,6.115302921658589,8.962287678297592,13.486155310076384,135.14276313849288,7.215212946797312,0
2023-01-30 12:00:00,STATION-09,textile,8.181901083282781,35.0125738093361,5.376150706917308,23.473671890816803,799.8664461643388,19.485881828224578,1
2023-01-30 13:00:00,STATION-10,chemical,5.659174397604438,7.888361976850607,7.007062512503727,17.807487234022947,263.89388648857044,17.86318553768545,0
2023-01-30 14:00:00,STATION-09,chemical,5.458514352660638,12.351279302193397,7.67620968950502,14.645449385708107,269.96516861153316,14.183143902157632,0
2023-01-30 15:00:00,STATION-08,textile,7.346290842041718,13.323910438706053,6.454670012815358,23.72326305982377,462.8765219788211,9.260463616926373,0
2023-01-30 16:00:00,STATION-01,food_processing,6.697309602590178,5.513341695593812,8.712857297292453,12.054617320640185,170.11826742099112,3.1620039776261013,0
2023-01-30 17:00:00,STATION-08,chemical,5.37600926722143,8.790114061238125,7.5374906089949185,15.458927003498605,371.27706861855097,14.389039991522273,0
2023-01-30 18:00:00,STATION-07,textile,7.635680575059327,17.581797581145306,7.424432961317719,22.012482220151306,491.98116820273685,10.960453551498604,0
2023-01-30 19:00:00,STATION-02,food_processing,6.843392364722905,4.887640745050102,8.140457260555769,13.455202724637141,180.50652518985547,4.658483556221259,0
2023-01-30 20:00:00,STATION-08,textile,7.571428384885775,17.317150934353844,5.895027770191895,23.166448843948228,528.2371129245204,8.268121578360512,0
2023-01-30 21:00:00,STATION-02,chemical,5.574197644987911,6.3879492584918225,7.467419190929655,17.13256970989565,383.51402103938744,15.90352925833878,0
2023-01-30 22:00:00,STATION-10,textile,7.567498627763768,22.15586487617316,6.920989385626579,23.98732309402695,528.0264137636423,8.492340416731935,0
2023-01-30 23:00:00,STATION-02,chemical,5.532829472015285,11.481168143380744,7.21040250773755,16.827066887160072,232.83577739448987,15.369417137240788,0
2023-01-31 00:00:00,STATION-05,chemical,4.425671914052004,11.715902608157705,5.4839532921682315,17.411856278853012,687.8431804805963,38.9612709127513,1
2023-01-31 01:00:00,STATION-10,food_processing,6.924239511890581,4.752225614764518,8.702620045653216,11.436185308678075,126.27543852864648,6.687193947756857,0
2023-01-31 02:00:00,STATION-06,food_processing,6.877499169562892,9.50634544398384,7.972578832840713,14.026425680547218,122.3986865920289,5.7355528991028235,0
2023-01-31 03:00:00,STATION-10,textile,7.65662730705449,17.022401577508433,7.032885837593831,22.43568676223876,508.5169385403394,9.718901168644024,0
2023-01-31 04:00:00,STATION-05,food_processing,6.892229278271967,4.435332436124209,8.141890442444367,13.393140903147424,164.4419175829688,5.480437526010837,0
2023-01-31 05:00:00,STATION-09,textile,7.7684364589546435,21.135400817878956,6.956020474509412,24.689822620441014,436.94381343264325,10.949258698527412,0
2023-01-31 06:00:00,STATION-07,food_processing,6.845891294888932,7.763990593633055,8.153922964153566,13.101400033405257,115.84621963954945,5.704304550523739,0
2023-01-31 07:00:00,STATION-02,chemical,5.421845811573336,9.691858159975304,7.515787061140691,17.77098158919315,323.6341546119307,14.839183246571645,0
2023-01-31 08:00:00,STATION-09,food_processing,6.93251963008505,3.545300021663495,9.114407501358302,13.189756561162653,170.1157695678308,2.470284940714786,0
2023-01-31 09:00:00,STATION-04,food_processing,6.444662246447537,10.754493183886307,7.502046206940103,13.975137546580733,225.9693837822756,6.0110348034742955,0
2023-01-31 10:00:00,STATION-08,textile,7.498270274797552,21.33841348171936,7.5754198745760295,23.937998945053412,518.1943501910787,6.475043177133076,0
2023-01-31 11:00:00,STATION-07,chemical,5.127722048955795,15.249261758338887,8.06479042711373,16.588323887660938,200.6062085199327,16.037796033505597,0
2023-01-31 12:00:00,STATION-08,textile,7.181404909743971,21.18024741554157,6.2848733583788166,22.15403225820266,538.8564229637764,10.06628487933406,0
2023-01-31 13:00:00,STATION-07,textile,7.465495602803204,19.003213531138776,7.0036924870651625,22.451840875156297,508.4373797614095,7.075298236520453,0
2023-01-31 14:00:00,STATION-02,food_processing,6.747131260546865,8.006095979930745,8.452250963345177,13.244241743230573,165.87974454158385,5.429292413831475,0
2023-01-31 15:00:00,STATION-07,textile,8.249012034793791,40.80093421460394,6.181105538819525,22.35324108352043,761.249383379635,22.289972821428563,1
2023-01-31 16:00:00,STATION-05,textile,7.8790767250953335,17.37467107341591,6.503157540078668,22.468543097693207,413.3038798385169,9.43039607822555,0
2023-01-31 17:00:00,STATION-03,textile,7.620149032576951,25.43380304467736,6.824140419239172,24.371067390768662,486.5487084386674,8.655866788336331,0
2023-01-31 18:00:00,STATION-08,food_processing,7.240220627750919,3.808907601263826,8.194097558270101,13.658910584480871,57.65019114046865,5.373083390478529,0
2023-01-31 19:00:00,STATION-02,chemical,5.619766834531214,7.015196668551012,7.613436509006369,18.14459333882738,350.64068525976865,15.030462009840608,0
2023-01-31 20:00:00,STATION-02,chemical,5.340608469343759,0.6042855437674568,7.691422854432573,17.16673516963336,428.51609904722994,16.30077272116802,0
2023-01-31 21:00:00,STATION-02,textile,7.498417801975055,23.10912272767694,7.23622550717765,22.758630545298633,507.61501862736594,9.306125778915135,0
2023-01-31 22:00:00,STATION-06,food_processing,7.435972897764703,5.585846295469113,7.644765975213362,13.016750709071742,122.82748363482881,5.227020400485111,0
2023-01-31 23:00:00,STATION-09,chemical,3.8263769404792214,26.43713980144703,6.296700066550008,15.664543149640128,413.11232353577765,25.8126812253004,1
2023-02-01 00:00:00,STATION-10,chemical,5.616705018366669,11.562162696105217,7.934236160750598,18.132315942547347,209.06211154380406,15.980524063216977,0
2023-02-01 01:00:00,STATION-09,food_processing,6.774035965665489,5.97404495968655,9.058552905728016,12.263992099810228,207.42476492901756,5.582205384962269,0
2023-02-01 02:00:00,STATION-02,textile,7.330433690455632,20.965374107145486,5.295643961764155,23.23857611005047,620.5622019819842,9.71762944246965,0
2023-02-01 03:00:00,STATION-06,textile,7.885473951046046,20.397558157484173,6.756442094801186,22.404296724586594,582.5995918721669,9.478853244270708,0
2023-02-01 04:00:00,STATION-07,food_processing,7.040756430605089,4.8369558045977845,9.055195486178732,13.149484100739508,276.9241614713976,5.877709186191614,0
2023-02-01 05:00:00,STATION-01,food_processing,6.834125416723817,3.2024067949012327,8.36084122014417,13.116760087872567,73.12785254366794,6.9656442512472765,0
2023-02-01 06:00:00,STATION-10,textile,7.488812601187916,21.607978414775673,6.543960744905103,22.48219999730203,463.6009757317942,12.65362498865518,0
2023-02-01 07:00:00,STATION-06,textile,7.505629982044841,23.37479850711393,6.503336436637657,24.126610348629193,519.6015199028761,9.336210301691752,0
2023-02-01 08:00:00,STATION-10,chemical,5.541071136450292,11.231106108014613,7.264995640492327,16.750830270728915,230.29420781232926,13.836585781107594,0
2023-02-01 09:00:00,STATION-04,food_processing,6.737818665585485,2.115303826634511,8.425032199766216,14.117834400549722,121.88158085384046,4.43414648885559,0
2023-02-01 10:00:00,STATION-08,chemical,5.593298563349902,12.650198706797282,7.885518108379903,18.892168830399605,279.34450236016426,15.858592662044028,0
2023-02-01 11:00:00,STATION-02,chemical,5.578907491294946,18.883655121014844,4.840722937227206,16.73096951573934,613.245888870095,29.5284566093521,1
2023-02-01 12:00:00,STATION-09,textile,7.278115793912152,20.606954541675066,6.594351832606625,22.461288103450933,491.253505899808,10.312962859730511,0
2023-02-01 13:00:00,STATION-02,textile,7.345864148065567,15.719919736106663,6.708823200269213,23.926376747833245,486.0204423241236,9.948015472880531,0
2023-02-01 14:00:00,STATION-10,textile,7.787815016697244,22.886493629438736,7.7230520549715695,23.47973251552251,528.4853940761349,11.099066414154034,0
2023-02-01 15:00:00,STATION-07,chemical,5.714601857192331,5.636117208891691,7.079269923452676,18.009111906255054,286.2572947984758,15.972848756949054,0
2023-02-01 16:00:00,STATION-10,food_processing,7.027373726690112,8.597511406031618,9.102770282240144,12.978653580929441,98.15030476706409,6.972854943116422,0
2023-02-01 17:00:00,STATION-09,food_processing,6.896527099891155,0.05280100592240444,8.356264433972083,12.532694790213299,216.23684828136257,4.088706438566875,0
2023-02-01 18:00:00,STATION-10,chemical,4.298529776633981,23.093902097824387,7.003662199007814,19.017809371605892,514.8010706474623,47.99150414228589,1
2023-02-01 19:00:00,STATION-05,food_processing,6.7898048269389495,7.347554542017194,9.276782334247114,12.637808865945019,168.40732775992035,4.910218403456223,0
2023-02-01 20:00:00,STATION-03,chemical,5.453040121177116,15.11782083612632,8.499144491670668,17.897194418033063,359.344567229954,16.24306710919346,0
2023-02-01 21:00:00,STATION-05,textile,7.615213900712278,21.301307366643353,7.227265935934406,22.78330674594408,502.5698927158546,12.51096174290657,0
2023-02-01 22:00:00,STATION-06,textile,7.527085197049106,19.280858664407596,7.02630603795569,22.837865493356084,456.73111697967454,12.577149994359733,0
2023-02-01 23:00:00,STATION-03,chemical,5.824899569191351,11.723062849837707,7.423224838914981,18.366679178718282,326.4009339847261,15.305046787043565,0
2023-02-02 00:00:00,STATION-10,chemical,5.527550738455426,9.117542695463307,7.378751603960984,17.058264387251487,385.36810068357767,15.677883425090473,0
2023-02-02 01:00:00,STATION-07,food_processing,5.406865919821516,9.043330904156903,7.762161159010299,11.795633051465956,291.24316316416537,9.103633053334072,1
2023-02-02 02:00:00,STATION-03,chemical,6.357044101081558,17.06830478436939,6.037646089091961,15.838689795277404,406.94765870311886,34.53813420856679,1
2023-02-02 03:00:00,STATION-01,food_processing,7.009780743034316,0.0,8.847688573930323,12.111415375243038,59.59186432031302,9.812241370874743,0
2023-02-02 04:00:00,STATION-09,chemical,5.525956464492369,12.3416233284895,6.77582108101481,16.793227836448107,362.081863144937,13.632470585507644,0
2023-02-02 05:00:00,STATION-07,chemical,5.81898736466814,15.722907911326079,8.110678064656671,15.59730932259691,260.09271476067823,14.898986020786271,0
2023-02-02 06:00:00,STATION-08,textile,7.805260639997288,20.528877863289377,6.9000602064508465,23.121037939663573,497.47214820726805,10.656276570050672,0
2023-02-02 07:00:00,STATION-03,textile,7.421000545740365,18.338704538491513,6.298952001978617,23.003705350797475,462.48123458367604,9.15323925157947,0
2023-02-02 08:00:00,STATION-05,textile,7.64088233371122,21.70493392689764,6.919323647815443,22.793400739432503,475.9279988554746,6.281865223148748,0
2023-02-02 09:00:00,STATION-06,food_processing,6.375225016022329,5.7290526840445795,8.343028772626074,12.504174746187973,101.69073139637814,6.383371911757906,0
2023-02-02 10:00:00,STATION-10,food_processing,7.1226881920450715,0.8517151817215218,8.6125583635192,13.223892707068057,147.3328518876636,5.304749715111558,0
2023-02-02 11:00:00,STATION-01,chemical,4.902835493178015,6.9895617714877485,6.78913562927565,17.606733177411726,290.5763294813218,15.817863306642685,0
2023-02-02 12:00:00,STATION-03,chemical,5.64091528341151,10.140928588898493,7.066188184886475,15.359265389713176,251.0310997905354,16.1450082712974,0
2023-02-02 13:00:00,STATION-01,food_processing,7.012894092163836,4.712496501071429,7.6459561472933375,11.488777313504094,142.66416849357066,4.752201261304345,0
2023-02-02 14:00:00,STATION-02,food_processing,6.899727173450369,3.0687331585030795,8.927336543245652,11.66358991214802,39.8871615510722,5.133518380518534,0
2023-02-02 15:00:00,STATION-08,textile,7.787988627820132,19.094957671607464,6.6820987217261845,24.61943515807329,484.8537103047179,10.584710080807783,0
2023-02-02 16:00:00,STATION-07,food_processing,6.951484763610076,4.814350294617815,7.827802598358347,12.192756194540584,82.76276268417936,8.199740777004987,0
2023-02-02 17:00:00,STATION-10,textile,7.5311816321843,42.89433683236259,5.467330443931528,22.940253821039555,835.425013602306,25.636382188053965,1
2023-02-02 18:00:00,STATION-07,textile,7.39262617342584,19.298358467246196,7.550596266689599,23.644514088682197,473.96341043008584,8.422108267030264,0
2023-02-02 19:00:00,STATION-04,textile,7.5998045201435485,21.061251435117484,7.321996339265618,23.155464244369142,535.963761846016,12.464272253279775,0
2023-02-02 20:00:00,STATION-02,food_processing,6.58322074207887,7.386379624611211,8.645025045831877,12.036667929530456,153.97480315457247,3.0017813664625317,0
2023-02-02 21:00:00,STATION-07,textile,7.321145599169289,15.652275558046052,6.593799420721732,25.05547685861862,389.8575308745185,13.077719133908436,0
2023-02-02 22:00:00,STATION-05,chemical,5.285399969180329,12.332065188213589,7.855731825783773,15.898743179188768,390.6016945539393,12.941228674238404,0
2023-02-02 23:00:00,STATION-10,food_processing,6.542132960519609,3.4434640601564674,8.73222497874771,13.2188193710468,200.85109032090955,4.4974414658970225,0
2023-02-03 00:00:00,STATION-09,textile,7.6996935809246,19.026209312308954,6.6457442565905405,22.15718772778239,472.0032102819224,9.933872294338304,0
2023-02-03 01:00:00,STATION-05,food_processing,6.834922369500241,12.337935834314084,9.152505244423212,13.307410766494023,113.94689426006036,4.60662971219458,0
2023-02-03 02:00:00,STATION-04,chemical,5.52917439565652,11.31644957008509,8.226044066019657,16.78575545662909,234.31859454979184,13.948161011052846,0
2023-02-03 03:00:00,STATION-10,textile,8.23037547419742,48.02781763172315,6.5469977152107255,22.516841444702692,658.8094238830416,23.047710745915968,1
2023-02-03 04:00:00,STATION-01,chemical,5.47164417075992,12.675692726521287,6.7648921889512605,16.789170286643834,336.80280668691876,15.255068292840953,0
2023-02-03 05:00:00,STATION-05,chemical,5.083078849469187,14.34313894982221,8.337342333370698,15.941362732046304,317.76881053350485,14.79528943218247,0
2023-02-03 06:00:00,STATION-03,chemical,5.6891320724189365,12.635218769971223,6.178555968459488,16.957058917043256,271.819651374684,31.194872567666906,1
2023-02-03 07:00:00,STATION-05,textile,7.852698462111949,15.01739937259375,6.822776002011858,22.795640563463717,448.28211149531506,13.140668276234077,0
2023-02-03 08:00:00,STATION-02,textile,7.372686134524033,18.567744135776874,7.807123047187448,23.286593547293926,527.3479757508019,10.108859620886529,0
2023-02-03 09:00:00,STATION-08,chemical,5.486642264234238,13.978387210110053,6.5764552070398485,14.333082521967103,284.3287083658203,18.124816438588553,0
2023-02-03 10:00:00,STATION-07,food_processing,6.848855656455181,5.102473830622367,7.196317235465758,14.71110156036287,95.75193482717117,3.848306660402846,0
2023-02-03 11:00:00,STATION-03,chemical,5.111737175880532,13.029057215556465,6.774273337813364,17.84567536845332,311.45914173920863,14.428267038446355,0
2023-02-03 12:00:00,STATION-09,textile,7.453972761377672,22.564879259494067,6.3368256659753275,24.714380320356604,488.95583967245705,9.742599102437394,0
2023-02-03 13:00:00,STATION-04,food_processing,6.969681289792567,2.753953074413971,8.568349601663606,12.8610881872949,224.5220807050262,5.831242227623259,0
2023-02-03 14:00:00,STATION-09,food_processing,6.761367864612274,0.10802713325179791,9.205381427156102,13.145166780397012,111.28240495559083,4.905492476244834,0
2023-02-03 15:00:00,STATION-06,food_processing,6.674899069620848,7.981653810433773,8.604332949481991,12.37862339195249,188.05752749031598,6.819684875698201,0
2023-02-03 16:00:00,STATION-07,chemical,5.3676751215072365,7.919760006497943,8.242578172468926,16.99163237228111,284.2082915840088,16.356097423950388,0
2023-02-03 17:00:00,STATION-01,food_processing,6.8047728842379165,4.909929656574586,8.946909176778792,13.758728020654335,116.85738889316472,4.553137528572035,0
2023-02-03 18:00:00,STATION-01,textile,7.877638483689323,37.967111331520954,4.8578634398608695,23.010286727337476,635.6099006107277,25.194744786441262,1
2023-02-03 19:00:00,STATION-02,textile,7.745306949121319,23.766147382723283,6.573455001382421,22.515355810384293,475.2375689903172,12.326765699338392,0
2023-02-03 20:00:00,STATION-10,textile,7.446474587020784,23.021897202074335,6.714275214535868,23.241139692000022,510.97199793099657,11.077521941996256,0
2023-02-03 21:00:00,STATION-10,textile,7.502469091485228,17.049258509219566,6.718449961259848,21.839712854040148,523.8559768939735,8.328415520423928,0
2023-02-03 22:00:00,STATION-07,textile,7.510310912664992,21.28640965350173,7.565693380979155,22.351581875031595,496.03979795059945,8.279555907600356,0
2023-02-03 23:00:00,STATION-02,textile,7.094306116233691,29.30565741123459,6.93866188944264,23.37344035321557,494.04374831418346,10.805226184896801,0
2023-02-04 00:00:00,STATION-01,textile,7.694993568886827,21.69019651298824,8.285965072620836,24.645332668197963,531.1220523379733,6.766589682124675,0
2023-02-04 01:00:00,STATION-03,textile,7.243862549731786,17.132352235916223,7.037121817346011,23.281829624418613,457.1109999004076,11.84920553390329,0
2023-02-04 02:00:00,STATION-08,food_processing,6.820691432978739,1.5643160873398316,7.564149256800282,14.486150645860494,87.43596832386567,4.16119628941142,0
2023-02-04 03:00:00,STATION-06,food_processing,6.68792970151556,2.8474987333153194,8.38099413856006,13.980233768722664,96.0211639831374,7.355815401078521,0
2023-02-04 04:00:00,STATION-07,chemical,3.5111873250162997,24.945048955305403,4.7948343096085075,19.097510614044566,529.5718087421545,36.598793319728706,1
2023-02-04 05:00:00,STATION-04,chemical,5.393524430140153,12.930892451286137,6.814112221104516,16.93803278696552,287.3712981004399,13.620029833389456,0
2023-02-04 06:00:00,STATION-10,textile,8.80832968712155,35.93973914265456,5.273576193601696,22.496997487281245,901.4295688382301,20.990586758812654,1
2023-02-04 07:00:00,STATION-09,textile,9.169914584116432,47.68818964397299,5.723365885089823,21.1643013095729,979.3622747303257,12.417436219585923,1
2023-02-04 08:00:00,STATION-07,chemical,5.628286596946744,11.149039451355051,7.091576048812272,16.76507057175173,403.51993044553114,15.013397809666047,0
2023-02-04 09:00:00,STATION-06,textile,7.4622262301391045,22.202670497078408,7.573425877575023,24.556016326949976,457.96881464179273,11.210645673482443,0
2023-02-04 10:00:00,STATION-06,chemical,5.448261404151628,8.429660072559537,7.32678187390745,18.84643985091144,385.5711399466245,15.052059100713183,0
2023-02-04 11:00:00,STATION-02,chemical,5.822180187282876,16.361110747127572,7.274780681087074,16.057881178149227,306.31405686187844,15.936822638832544,0
2023-02-04 12:00:00,STATION-02,food_processing,6.659414419445797,9.767450941261075,7.784555695649798,13.143301168647696,197.84380149643633,14.69552974943691,1
2023-02-04 13:00:00,STATION-09,food_processing,6.692652387931339,4.78915423395695,7.800297140858789,11.494872057329347,169.26579757367455,5.632176110833006,0
2023-02-04 14:00:00,STATION-06,chemical,5.449354259476511,6.198734790610073,6.985995351051746,18.91432540860378,336.08309799047447,16.752005077989885,0
2023-02-04 15:00:00,STATION-03,textile,7.504815481296783,19.45634052108356,7.418461392812063,22.042607273925608,478.25207504319275,7.927631239706383,0
2023-02-04 16:00:00,STATION-02,chemical,5.370328317275015,10.2187746751514,6.9988461166747005,15.870204601703948,284.26140250410043,17.63716637432151,0
2023-02-04 17:00:00,STATION-05,chemical,5.7720679478092904,15.672190528303618,7.4523260807519724,15.985840307859787,298.2010651904252,14.786276363420093,0
2023-02-04 18:00:00,STATION-03,chemical,5.540987864730715,14.458116680545443,7.982339697081809,14.327412417780598,243.31541572265996,14.926520267908572,0
2023-02-04 19:00:00,STATION-03,food_processing,7.048427723725516,2.286640321111865,8.5985516254356,11.356393718251244,139.86153221680908,4.606528211628508,0
2023-02-04 20:00:00,STATION-02,food_processing,6.841131784177201,8.278614854278135,8.89180254714865,13.34062202849121,220.9731736407477,6.35097062428316,0
2023-02-04 21:00:00,STATION-08,chemical,5.430767748328368,16.097614692075954,6.421429207875422,17.167651464726703,772.7295568594366,38.75169625803037,1
2023-02-04 22:00:00,STATION-10,textile,7.49565830802246,20.387126985761704,7.1327120228198035,23.331696578714595,481.23024665398844,9.003492730640506,0
2023-02-04 23:00:00,STATION-08,food_processing,6.993979538731082,7.267464512565116,8.53898069873002,14.288832392310988,88.21270107170241,4.585627422179008,0
2023-02-05 00:00:00,STATION-10,food_processing,7.318709600413861,7.133450470803572,8.62458525064409,13.146131640956948,158.1861127529009,7.1859062949178405,0
2023-02-05 01:00:00,STATION-10,food_processing,6.625488178183687,0.0,8.227839103863625,11.26101277280009,137.6193483437787,4.9284244727443545,0
2023-02-05 02:00:00,STATION-06,textile,7.4316972371237195,21.98643584447181,6.719849611550925,22.338276401811854,496.58261058190186,12.585840742185793,0
2023-02-05 03:00:00,STATION-08,chemical,6.604680881522715,18.868915853212528,6.1457150261117075,16.232044566259848,515.0589365722636,30.25031022091955,1
2023-02-05 04:00:00,STATION-08,chemical,5.789786804950171,12.274468785323794,7.581535103966351,18.25110948231218,348.6870146715666,19.20012890387149,0
2023-02-05 05:00:00,STATION-05,textile,7.370454471384337,18.044272735940538,6.656535750069141,23.10768631949497,520.6736646552753,10.596976836344322,0
2023-02-05 06:00:00,STATION-10,textile,7.208888615737582,17.35108428165808,7.207211664739319,21.07247886428325,510.9469423535818,8.279100262807805,0
2023-02-05 07:00:00,STATION-06,chemical,5.714380591236532,10.629037927274469,8.049675871143828,17.75280182294177,345.970639587005,15.912594287188684,0
2023-02-05 08:00:00,STATION-02,food_processing,6.330842351499321,4.082628603044807,9.076341438740785,14.271071870860142,228.56974984753847,4.564305238789325,0
2023-02-05 09:00:00,STATION-08,textile,6.022716999226701,32.29695119353818,5.664596876798833,24.411167174149277,786.7959312505399,21.659106491621518,1
2023-02-05 10:00:00,STATION-01,textile,6.933151043473356,20.016622528375393,6.457214882542249,24.687995441468466,487.08398213644415,8.564583476516345,0
2023-02-05 11:00:00,STATION-06,chemical,5.512893785220535,9.291200664906993,7.273402633015632,16.34231389120753,291.71175416730637,15.94222391663672,0
2023-02-05 12:00:00,STATION-02,textile,7.592310783592255,23.784605224433154,7.295526737821238,21.25968043466558,558.5033202109828,9.323498155829808,0
2023-02-05 13:00:00,STATION-02,food_processing,4.781969771230109,12.417257792140825,8.026613821488123,12.628613358812574,164.19378990648497,6.399476029725322,1
2023-02-05 14:00:00,STATION-10,food_processing,6.710640518772226,6.246997909799352,8.429140952228083,11.050961431082076,131.71216404762347,5.243137712838261,0
2023-02-05 15:00:00,STATION-07,food_processing,6.6705966756097075,6.149507067968578,9.35911862072569,13.285205926365757,189.31618341457897,5.056584345023357,0
2023-02-05 16:00:00,STATION-10,textile,7.395163418748999,19.56928206008551,6.495987521098555,22.38939260370037,563.2966813278409,9.646930010780515,0
2023-02-05 17:00:00,STATION-01,food_processing,6.92834212980277,7.1594839427941235,7.827846438237185,12.694322138698492,142.71694634012826,5.334348744505757,0
2023-02-05 18:00:00,STATION-10,textile,7.3743124797635735,16.754900846951237,6.9694760071445465,23.62364209961165,503.1942112751666,6.250103913876406,0
2023-02-05 19:00:00,STATION-04,food_processing,6.816306055846297,8.312550146509079,8.20494477392128,13.582746440658099,142.98581061297006,4.951413084827844,0
2023-02-05 20:00:00,STATION-10,textile,7.578499787400323,19.656634969045076,7.2548253816031405,24.418906048695305,487.46405436388625,8.93871505599408,0
2023-02-05 21:00:00,STATION-09,textile,7.567792379848223,18.63872679571176,6.331969122472297,22.345726314015668,503.88202882635846,9.462918581183972,0
2023-02-05 22:00:00,STATION-01,chemical,5.539754135497744,12.104696415821405,7.776364250449881,16.678351651358035,287.96648606821395,16.122003394103846,0
2023-02-05 23:00:00,STATION-02,textile,9.070080917888511,42.75755999032044,5.5767929327445085,21.95608435867756,600.8252359182014,23.626558934633888,1
2023-02-06 00:00:00,STATION-02,textile,7.419385227798771,23.214895519667216,6.094777147820844,24.374907711467966,598.3434321456333,9.676654938006127,0
2023-02-06 01:00:00,STATION-03,food_processing,6.780499354216649,4.205684687285799,8.290807465192039,10.293662470579918,190.5879549239679,3.9215794521956546,0
2023-02-06 02:00:00,STATION-04,chemical,5.465562967740975,6.4488360167041545,6.67688315551501,16.089092785800045,399.637140041766,15.772176355443614,0
2023-02-06 03:00:00,STATION-08,food_processing,6.7204409188348855,10.318369769273131,8.789966920864643,12.862647013080478,74.08174262300045,5.822131556123213,0
2023-02-06 04:00:00,STATION-09,textile,6.429095705798033,31.492121989815384,4.6388286729452535,22.601035224673083,1020.378131447829,19.859095589130796,1
2023-02-06 05:00:00,STATION-10,food_processing,6.742133002349403,4.024521790988737,8.97483995140818,11.912764678411646,110.73462036821337,4.301377987391955,0
2023-02-06 06:00:00,STATION-06,chemical,5.823086054635719,9.996960302390153,7.2549019432609905,15.674940367174646,282.81356642310726,13.47523406713996,0
2023-02-06 07:00:00,STATION-05,textile,7.7381049409911284,20.55276566721366,6.608961063165819,24.49982679722881,450.4224843712652,9.392715501487228,0
2023-02-06 08:00:00,STATION-07,textile,6.505938545975145,28.772153195533324,7.203207536525066,22.56242669301587,729.8547724065504,12.13018671811468,1
2023-02-06 09:00:00,STATION-10,textile,7.154606902884707,19.698473489557404,6.83447473426396,24.8313003205774,431.5078267393928,11.37721933781175,0
2023-02-06 10:00:00,STATION-06,chemical,5.857025560393178,8.218314013132794,6.9980687081912425,17.676137384776858,231.5754283238807,16.51207539429089,0
2023-02-06 11:00:00,STATION-06,chemical,5.796045973794262,10.989708644781881,7.34656584371985,16.221825715722133,333.03364565011253,15.7876080612931,0
2023-02-06 12:00:00,STATION-09,chemical,5.63920095732964,7.604995663783519,7.799913387730325,16.63078670853119,296.8007172185717,14.784041836168305,0
2023-02-06 13:00:00,STATION-07,food_processing,6.558175739063809,9.639834232290722,8.941892480630981,12.546140141645813,130.60946573128635,7.602610943771413,0
2023-02-06 14:00:00,STATION-05,textile,7.429233992486517,25.61670402690936,6.9761611591930635,24.382327445896465,588.4212664256922,9.051165945479054,0
2023-02-06 15:00:00,STATION-10,food_processing,7.214216519843323,4.207986523196611,7.91612404120079,13.518184882784501,204.11715272176235,5.044626116988293,0
2023-02-06 16:00:00,STATION-06,chemical,5.253099544041477,13.464655932177049,7.484207625393434,16.90519144061001,242.2925532206536,17.335341900146148,0
2023-02-06 17:00:00,STATION-10,chemical,5.2789590318364965,8.062104604318675,6.77268093873503,16.634068272952852,268.85895817385875,12.356822981291185,0
2023-02-06 18:00:00,STATION-03,food_processing,6.871138676422742,5.195507199092694,9.460450411043011,12.624599836024768,132.5756960986552,3.914998010701652,0
2023-02-06 19:00:00,STATION-05,textile,7.804021224483374,23.1516009497195,6.9384098521205475,21.43447277253156,530.5789682510404,9.284190056582702,0
2023-02-06 20:00:00,STATION-07,food_processing,7.01838128715237,7.333802660082629,8.304897352916734,12.547559660487282,167.477897431603,3.8615227040103504,0
2023-02-06 21:00:00,STATION-10,chemical,5.285061259661647,10.132563504878759,7.229923222963763,17.049975974706594,297.2486016804852,15.371335477033192,0
2023-02-06 22:00:00,STATION-02,food_processing,6.774248284854066,12.037199116883022,9.029559330104092,12.383642946734888,163.65470528157755,3.4916720886576185,0
2023-02-06 23:00:00,STATION-09,textile,6.988464052433199,15.864307569193674,6.881697237775835,21.02074752331622,510.28283202974495,9.40106340737514,0
2023-02-07 00:00:00,STATION-06,textile,8.365264828627142,51.786974422103654,5.041351490941782,21.861736015724787,753.8794758618396,18.2032072054395,1
2023-02-07 01:00:00,STATION-09,chemical,5.520001985732316,1.299266725768989,6.921651395563889,17.632315340467546,762.6923004972007,25.091808677693898,1
2023-02-07 02:00:00,STATION-07,chemical,6.157306147617576,40.32345907629499,6.625509560436461,17.011424515361313,442.494386428502,46.357763534507306,1
2023-02-07 03:00:00,STATION-06,food_processing,6.511506629830868,4.68676687659298,9.079400430317007,13.146875173121819,139.94319110791903,6.630630783878651,0
2023-02-07 04:00:00,STATION-06,chemical,5.651951394603628,8.540732880402315,7.500523593041269,15.787682571708043,306.0612091844678,13.686240068965363,0
2023-02-07 05:00:00,STATION-03,textile,7.215412540396989,41.81374234746014,6.570708819995074,22.769194134511984,831.5490925858855,24.083727797916204,1
2023-02-07 06:00:00,STATION-06,chemical,5.481528358632424,10.276796800429532,6.898199892552274,17.941381950490346,248.32522342697968,13.724700549591205,0
2023-02-07 07:00:00,STATION-04,textile,7.771467516799961,21.398675367954436,6.581849290022039,21.933220762442602,537.976687288161,8.900322503076106,0
2023-02-07 08:00:00,STATION-03,chemical,5.51057026197379,11.891275863940495,7.203547992835364,17.039227927761758,334.2524481825257,18.49170800463989,0
2023-02-07 09:00:00,STATION-02,chemical,5.331503591486254,8.748735318574147,7.333621650835062,15.370363909515705,234.78838672033785,14.644653661330059,0
2023-02-07 10:00:00,STATION-02,textile,7.4599574380755005,19.909445428562442,6.510302916548616,21.577391401523382,432.56621718130214,11.568745887641047,0
2023-02-07 11:00:00,STATION-09,food_processing,6.841046218340596,7.439107210662866,8.557774761582232,12.242970434149534,159.49181971762386,2.8978232784137306,0
2023-02-07 12:00:00,STATION-09,food_processing,6.654836661053355,4.422420291430226,8.454517552604337,12.562204501628134,108.46511316991135,4.1783545574796905,0
2023-02-07 13:00:00,STATION-06,chemical,5.571965133257378,13.598663409477481,8.477743271981895,16.43907099912096,337.96668857292343,15.20438745938024,0
2023-02-07 14:00:00,STATION-03,food_processing,7.141979851185477,7.853495512336781,8.853190073212293,13.76677429226312,139.73839140313163,7.776280451436902,0
2023-02-07 15:00:00,STATION-07,food_processing,6.924250322179011,4.42668137066027,7.32241505741085,12.662162668649739,236.1544947386255,3.9194779439609775,0
2023-02-07 16:00:00,STATION-03,chemical,5.7915573389422805,14.333031106280295,6.879131093924316,17.455580437336575,419.8688294798851,15.45044015616177,0
2023-02-07 17:00:00,STATION-10,chemical,5.7850158665250895,9.13415536369152,8.222125198201189,17.20920249248664,206.64699095525177,13.247047671015942,0
2023-02-07 18:00:00,STATION-08,chemical,5.893845163364433,14.8288931710949,7.220264628425548,17.532176159845154,277.6495270044073,12.625566870416645,0
2023-02-07 19:00:00,STATION-07,chemical,5.70509148716707,23.27462285734618,5.813723540678673,15.912147962533075,469.57764082061027,20.375150765533114,1
2023-02-07 20:00:00,STATION-04,textile,7.291155596884768,21.411948758312214,6.269637347014025,22.689904691410568,455.46958514962074,10.114141718383774,0
2023-02-07 21:00:00,STATION-10,textile,7.347793219274643,15.184600395624749,6.210140651402788,22.792177811279622,483.30555942442686,11.06056108764535,0
2023-02-07 22:00:00,STATION-08,textile,7.378650231470487,18.820106158933562,7.075940741644645,21.545356127141897,466.9210557788219,9.398434273871366,0
2023-02-07 23:00:00,STATION-09,chemical,5.338577295871736,10.372045955816816,8.107360737248891,17.48820463973357,269.9808785541824,15.14176724005136,0
2023-02-08 00:00:00,STATION-05,chemical,4.3335143342065034,26.595499278062448,6.7513467804443295,15.498871882518943,543.0372018800642,39.824619642750356,1
2023-02-08 01:00:00,STATION-04,textile,7.611311825618665,23.29444475656324,6.3535324729992135,21.786964414801293,506.3620724486625,8.769983196040746,0
2023-02-08 02:00:00,STATION-10,textile,7.253097981563573,50.780345662208575,5.422016844054329,20.847752935376363,804.3833506922213,16.378174268971534,1
2023-02-08 03:00:00,STATION-08,textile,7.138849974846347,18.276967674568343,7.747772007600868,23.901078840237655,501.3396721559719,13.916654017581763,0
2023-02-08 04:00:00,STATION-07,textile,7.625148908617917,24.737009334769667,7.219334083708505,22.311521089134207,546.7971320650784,9.620214181908391,0
2023-02-08 05:00:00,STATION-09,food_processing,6.882110327011659,7.883471641153552,8.317047877431273,12.914427320211376,152.43935525173154,5.335422359659561,0
2023-02-08 06:00:00,STATION-03,textile,9.00024231607142,33.76688069926967,4.715323589020782,20.721310996554642,1013.9436357886364,24.45721031875631,1
2023-02-08 07:00:00,STATION-10,chemical,5.667570669773627,6.861453340808235,6.657568582245437,16.36476596887767,341.59157260481896,14.936779779430964,0
2023-02-08 08:00:00,STATION-05,chemical,5.747941381413825,9.864587858461466,7.414652926890565,17.33038775565598,318.987143781398,13.036613284719772,0
2023-02-08 09:00:00,STATION-08,chemical,5.613959589741153,9.440868808129652,7.4312765035534385,15.670548185337593,320.92246844924614,16.54728566249055,0
2023-02-08 10:00:00,STATION-09,textile,7.6122561052802435,22.970799493114832,7.583391581095119,23.582352607367124,509.3041446845149,8.527041541576523,0
2023-02-08 11:00:00,STATION-09,chemical,5.538881175388114,8.919585809268959,6.795315306220729,16.88525429399991,330.3646112493222,13.283099643319774,0
2023-02-08 12:00:00,STATION-05,chemical,6.603745429254887,20.48239754609587,5.616561758898517,15.354216835185756,403.41474113498515,24.823954249974307,1
2023-02-08 13:00:00,STATION-03,chemical,6.001544957101387,8.326083974361422,9.146927054184074,16.64859673199452,321.0506651230276,13.843912272752688,0
2023-02-08 14:00:00,STATION-08,textile,7.317992222159771,19.367113161887957,6.7801020752552965,23.842687203977263,580.4582484413792,11.363592261707646,0
2023-02-08 15:00:00,STATION-03,food_processing,6.886983935903989,6.834063260774624,9.10460769634223,13.972989437449208,156.73690217587767,4.333333214310352,0
2023-02-08 16:00:00,STATION-02,textile,7.542396509954322,20.411711386902873,6.374380607202504,23.850487203201908,495.49639020956977,10.377229796526727,0
2023-02-08 17:00:00,STATION-08,chemical,5.567535403740939,12.321075673296306,7.831556190532866,16.58391487873347,308.35766437924207,15.031961235532666,0
2023-02-08 18:00:00,STATION-01,textile,7.471621800285772,18.972437453901836,6.755794171967231,24.790722738681172,577.2029024000262,9.878670319457303,0
2023-02-08 19:00:00,STATION-01,textile,7.478499969113855,20.22139094530812,6.90488854083845,23.44439340357767,516.9052960753165,10.92867697752063,0
2023-02-08 20:00:00,STATION-09,textile,7.540844185124327,18.142589127573174,7.35506817643827,23.252264264003433,454.68442535247476,10.904404031886887,0
2023-02-08 21:00:00,STATION-04,textile,7.285589645525264,17.09284257143061,6.650541831296664,22.471074940854255,562.7703855243321,11.523493425078494,0
2023-02-08 22:00:00,STATION-02,textile,7.297594199816693,22.540208732573195,7.369472952061724,22.811857314861903,526.8764914096972,11.249426811434027,0
2023-02-08 23:00:00,STATION-04,textile,6.344249792472015,29.362982038163413,4.607138016907894,22.475623333062014,986.1559712577983,21.94884838886925,1
2023-02-09 00:00:00,STATION-06,chemical,5.425714774461072,7.374097569513052,7.825369713828614,15.43619649979433,296.7226729108519,14.872357544362627,0
2023-02-09 01:00:00,STATION-06,chemical,6.2965303166430715,8.784912312505064,6.519207442064156,16.81708920981229,479.04045423816274,37.29748560767595,1
2023-02-09 02:00:00,STATION-03,chemical,5.0512243232100955,34.10587360492816,5.247292119328093,18.170497093426754,778.5170943119149,32.31302914257893,1
2023-02-09 03:00:00,STATION-05,chemical,3.916078617699366,9.983047927178859,5.514187072089562,17.426949610789183,377.908543930732,29.41351813453544,1
2023-02-09 04:00:00,STATION-03,textile,7.51455551398831,23.394071456759953,6.789871051149882,21.958760763687888,527.7534860035672,11.774658112822104,0
2023-02-09 05:00:00,STATION-08,food_processing,6.923189987429614,6.415101995187892,8.783178189535336,12.46006082140726,183.60774891003538,7.793738258078559,0
2023-02-09 06:00:00,STATION-10,textile,7.296648085032294,26.48582534356551,6.873369195170595,23.460224673206287,462.99129478528863,9.1151695889533,0
2023-02-09 07:00:00,STATION-02,chemical,5.410516171162064,10.128302695923878,6.7192014774367355,16.052322997157624,327.19948071613095,16.87357825197925,0
2023-02-09 08:00:00,STATION-05,chemical,5.378762610473173,15.327094097097142,7.0745283880942145,18.539851486530246,290.33934896209036,16.57683896058889,0
2023-02-09 09:00:00,STATION-03,chemical,5.554058989341566,9.264797285219904,7.5244691963540555,16.142654247445826,303.56323577892823,14.662619568741011,0
2023-02-09 10:00:00,STATION-10,food_processing,6.688965655130049,4.865727076292615,8.280575330026691,12.401173654543216,166.1969821043009,4.822118616762754,0
2023-02-09 11:00:00,STATION-07,food_processing,6.749561718319052,15.087187537161288,6.941391127669076,12.269533741091049,282.61767960582256,9.11163218136171,1
2023-02-09 12:00:00,STATION-05,chemical,5.274399358311295,12.491193247322627,8.159519667957616,14.440083433697502,369.3860634835462,17.1958896067715,0
2023-02-09 13:00:00,STATION-05,chemical,5.292549810746875,10.193703923162172,8.747011408190954,16.547131314620867,281.7451011994623,16.720116908174546,0
2023-02-09 14:00:00,STATION-01,chemical,5.76720971945174,6.931150215457863,7.257500960854566,16.843208209304244,248.35103871507346,17.545037605848684,0
2023-02-09 15:00:00,STATION-07,chemical,5.460674325950196,11.66871740491984,6.571306583142543,17.66706685052495,364.33830019785273,15.078549484785205,0
2023-02-09 16:00:00,STATION-10,food_processing,6.924142567845709,4.6854278366508995,7.438181270478535,13.532401306237858,152.85638067267803,7.056194841145761,0
2023-02-09 17:00:00,STATION-02,textile,7.529498130886588,15.971738152152469,7.335742447504642,21.96573914085988,471.8137424551102,9.458472347910563,0
2023-02-09 18:00:00,STATION-08,chemical,5.74709571949283,10.237299461637464,7.279681922806802,16.537421152712916,323.14334111274525,14.938625757339912,0
2023-02-09 19:00:00,STATION-09,food_processing,6.937373392266971,0.8592720700665106,8.061940584150431,13.647860817486507,139.75063032004368,5.909345308826518,0
2023-02-09 20:00:00,STATION-09,chemical,5.125564851825885,9.230423327972199,7.465286816590558,15.935462975244002,260.3473111934712,12.980206180298788,0
2023-02-09 21:00:00,STATION-04,food_processing,8.750376297361715,9.45432767534027,6.139685447112854,12.566166359091623,130.25298565472986,12.71955162209723,1
2023-02-09 22:00:00,STATION-03,food_processing,6.914483116512638,2.7074967263473315,8.508875486103587,13.014701825279436,159.2073486455787,6.361393353963493,0
2023-02-09 23:00:00,STATION-07,textile,7.3177794909857905,19.180708148132076,6.0545030950483625,21.518669939249865,470.8724928325917,14.20669373910412,0
2023-02-10 00:00:00,STATION-10,chemical,5.661956952055644,8.58782823324548,7.961827077684457,17.240920712456152,212.48922675769649,13.63250643574687,0
2023-02-10 01:00:00,STATION-04,textile,7.349533032506637,16.208749041780436,7.107156742960754,22.77188481828436,492.53834574100057,9.559199653789618,0
2023-02-10 02:00:00,STATION-07,food_processing,6.841338014499205,6.477774654934617,8.334566799097779,13.200399500480293,141.6700846175191,2.8305389682048294,0
2023-02-10 03:00:00,STATION-02,chemical,4.467259089918657,16.74823179991776,6.4998560696935,16.280564443483104,402.6714155268639,35.06364383002967,1
2023-02-10 04:00:00,STATION-06,food_processing,6.577279433677024,8.267411551740084,8.605555371810565,13.524890364316994,212.37131684118404,4.835778635589399,0
2023-02-10 05:00:00,STATION-09,chemical,5.032651724728522,12.290002337153467,6.724874289857357,17.00773833442162,283.6653705706525,13.34134155717704,0
2023-02-10 06:00:00,STATION-09,food_processing,6.684996060709117,4.842662700513499,8.675456484905052,14.46957069576151,142.2876586301953,4.034768436375306,0
2023-02-10 07:00:00,STATION-09,food_processing,6.824032186675809,3.79930157028243,8.919854968279983,12.200856166971528,157.4479270621175,5.667819065370528,0
2023-02-10 08:00:00,STATION-07,chemical,5.575280914297446,8.10768488442633,8.112198239964389,17.194104108048833,331.7755222260166,14.051412364725968,0
2023-02-10 09:00:00,STATION-01,textile,7.025244789292914,22.88308302985972,6.93742720564442,23.18086342465483,505.89563348330154,9.139089754450875,0
2023-02-10 10:00:00,STATION-07,food_processing,6.867654444765442,7.887067134003093,8.394871124113285,12.607746381863848,141.71720936879254,5.697934813097509,0
2023-02-10 11:00:00,STATION-05,textile,8.451539548489052,35.29504896080042,6.039839182721252,22.795478460826804,793.8058605879924,15.515116574165011,1
2023-02-10 12:00:00,STATION-01,food_processing,6.846097928685971,0.0,8.099453353832281,12.94538511914994,112.56210061901689,3.910295593206695,0
2023-02-10 13:00:00,STATION-02,textile,7.2572794443721715,20.474891111653747,7.480227538735835,23.970058590207604,493.34340641315345,10.451468911657239,0
2023-02-10 14:00:00,STATION-04,textile,7.58687850531696,12.085165771126674,7.188773426782927,22.827779861905903,521.5591563019615,7.745588369129139,0
2023-02-10 15:00:00,STATION-02,food_processing,7.097944450442075,6.262637059017108,8.797318112502039,12.47506748524532,235.93700798745553,4.310183276394467,0
2023-02-10 16:00:00,STATION-06,food_processing,6.500370923116935,6.26423272114562,8.726530552947152,12.346807093770847,305.835212066196,7.328550509993709,0
2023-02-10 17:00:00,STATION-01,chemical,5.460819285001405,8.812394816251683,7.298705198622696,15.697678594899967,270.64878044664755,13.53782638672702,0
2023-02-10 18:00:00,STATION-09,textile,7.559769608887679,22.27291348854723,7.2355336374246955,24.592501633672295,513.7845366371024,9.661791947949643,0
2023-02-10 19:00:00,STATION-03,textile,7.634044291398318,20.48815620509841,6.889802753251942,23.133934743758658,576.5198900726955,11.129668451316663,0
2023-02-10 20:00:00,STATION-08,food_processing,6.882781682147813,2.57653284406552,8.323073989565074,13.391313600427345,125.3891573412196,4.0856632216045465,0
2023-02-10 21:00:00,STATION-08,food_processing,6.8532445969269125,6.6631740055209,7.200232750814881,12.348504917480724,182.0651857378664,6.898915376222898,0
2023-02-10 22:00:00,STATION-03,food_processing,6.797172948157875,4.693292816113576,8.48878784586511,13.453080074687763,217.2202486045122,4.710968560869758,0
2023-02-10 23:00:00,STATION-02,chemical,5.687981173169131,4.640143539610968,8.058316328080803,18.0855361331812,277.1049352932206,16.00056832137548,0
2023-02-11 00:00:00,STATION-08,food_processing,6.562985191339349,2.129050799485657,9.073053319525874,12.027467166759587,155.92101607182605,7.964583105246799,0
2023-02-11 01:00:00,STATION-05,chemical,5.239781100693738,6.751779058312121,7.302278102843007,16.955171115669792,346.2649781984788,14.979368430586154,0
2023-02-11 02:00:00,STATION-01,chemical,5.670297625382774,8.373444194771984,7.873338151954465,15.51782950111948,291.6396581511499,14.989350357136287,0
2023-02-11 03:00:00,STATION-01,chemical,5.4965425114218025,8.78468448480823,8.089982869728795,18.847809711449603,273.756074592898,14.877922193276675,0
2023-02-11 04:00:00,STATION-05,textile,6.443950091877504,41.195272620448314,5.713061848789261,22.32132233810402,966.5968311755908,25.481928592725076,1
2023-02-11 05:00:00,STATION-07,food_processing,6.762135935486421,8.084204059880967,7.577751503094483,11.31303376139146,130.92469901481445,4.545415721951468,0
2023-02-11 06:00:00,STATION-08,food_processing,6.791290686127021,6.986640145719159,8.294888502905241,13.9600709639216,161.98293482794793,7.694141968478554,0
2023-02-11 07:00:00,STATION-01,textile,7.233560457341798,21.367069755664765,7.61287822436181,23.85939609049042,389.9015701930401,8.764456035143,0
2023-02-11 08:00:00,STATION-04,food_processing,6.78274924899185,0.6721245356700445,7.0552389974790195,12.859864871571993,228.5260023857109,0.815347476098873,1
2023-02-11 09:00:00,STATION-06,textile,7.6802893400670715,17.39084791302529,6.728804245265855,22.210835300727595,553.7420087851303,9.067904842413949,0
2023-02-11 10:00:00,STATION-06,chemical,4.343348975914725,23.3372088772271,6.591533045235545,16.30548649693023,462.8204448376236,39.15935676835736,1
2023-02-11 11:00:00,STATION-02,textile,7.5704292444609855,39.767620358252366,6.39828951367839,22.373809630874277,1073.7469244478968,14.739973116630718,1
2023-02-11 12:00:00,STATION-07,textile,7.549370785826243,16.585323650749242,7.370964959854465,22.212595606700614,540.9013876861886,9.294828616346688,0
2023-02-11 13:00:00,STATION-08,textile,6.4747536706598865,45.83285563430669,5.471110182832028,22.391651399967543,668.0140778564065,18.505221050280937,1
2023-02-11 14:00:00,STATION-06,textile,7.319025478002829,23.094239188822115,7.7390158971634815,22.436418762896075,464.9603694540529,9.154334531506793,0
2023-02-11 15:00:00,STATION-08,chemical,5.440603376407024,23.048875484782986,6.360752815122086,15.842871351406085,491.9469080341583,43.96220695023033,1
2023-02-11 16:00:00,STATION-08,food_processing,6.929809225791137,4.121986119944432,8.435652880727648,14.489638090790624,102.37442159532466,3.3735805987469636,0
2023-02-11 17:00:00,STATION-09,textile,7.304527876061409,18.69054656490495,6.987180335058413,24.50676859211856,528.0922209119286,11.617654114613021,0
2023-02-11 18:00:00,STATION-02,textile,7.090714060090324,12.594409626285092,6.886576636650771,23.567904313494534,542.7121492659246,10.659561082621956,0
2023-02-11 19:00:00,STATION-07,food_processing,6.566067120781296,5.558647587074404,7.484033404978148,11.70158952103806,149.3388212075721,3.966991939516048,0
2023-02-11 20:00:00,STATION-07,chemical,6.8207104368379,14.505492055381811,4.570243139170351,16.716962819129016,427.5986547832741,36.517460997192224,1
2023-02-11 21:00:00,STATION-03,food_processing,6.849104716199006,8.687682741878547,8.229770761985622,11.55552065884711,137.91811914188145,4.910141093484256,0
2023-02-11 22:00:00,STATION-05,food_processing,6.5782317237425465,1.7642217099897999,8.467649959225238,12.90796620760535,167.33440780128066,8.827449909935185,0
2023-02-11 23:00:00,STATION-02,textile,7.463047925894738,16.652198424225883,8.075109607211365,22.8102562959936,489.00045411433115,9.647602200568066,0
2023-02-12 00:00:00,STATION-06,chemical,5.4290472655289035,5.350462636032248,7.419689429939615,16.665347142318396,279.64961728402847,14.316834505995525,0
2023-02-12 01:00:00,STATION-05,food_processing,6.684570564489029,9.327591182035427,8.065295777572665,11.803299882415484,178.11499223630685,3.652339299868877,0
2023-02-12 02:00:00,STATION-08,textile,7.224637799811906,22.579292194388238,6.3697029906000715,22.853877088584593,519.6013305529956,7.953769211854464,0
2023-02-12 03:00:00,STATION-07,food_processing,6.894316961569177,2.073415462955776,8.857463567050202,13.377132484311026,118.53276947178017,3.5994938233731473,0
2023-02-12 04:00:00,STATION-08,chemical,5.292747742386246,14.178465547950907,7.508381228630974,17.648755297883866,349.78829158317654,15.70070381685788,0
2023-02-12 05:00:00,STATION-08,textile,7.287578578248579,22.019484815124404,6.9047941214949775,24.58742932814115,557.6109498326335,9.987677529375265,0
2023-02-12 06:00:00,STATION-06,chemical,5.924439500854449,11.657803541063851,8.095835717812319,19.06937115162889,240.64013005163167,15.423107994340949,0
2023-02-12 07:00:00,STATION-07,food_processing,6.8547976945746,5.0333699086434835,7.306979263817965,14.256418913857635,140.47188427714994,4.660242131030316,0
2023-02-12 08:00:00,STATION-01,textile,7.699006155676801,21.186375946397426,6.251326625639866,23.91807163361508,529.5321539998437,10.865020351194866,0
2023-02-12 09:00:00,STATION-07,chemical,5.923641962486039,8.83456952314536,7.128866681421178,18.24519265376873,308.6253594192537,12.461158989642588,0
2023-02-12 10:00:00,STATION-09,textile,7.705520872280235,16.87663559782218,6.4878873644509785,22.765917926919855,481.98362062870063,8.347878683228824,0
2023-02-12 11:00:00,STATION-03,food_processing,6.766901961073827,7.621298762168587,8.470249735856632,12.95142851120073,203.13236820159017,3.82022732900138,0
2023-02-12 12:00:00,STATION-03,chemical,5.387443519063658,12.136693918396139,7.294332883864851,16.975805111768647,325.92059812673324,14.989430189196773,0
2023-02-12 13:00:00,STATION-08,food_processing,6.684018834537614,5.182929627300995,9.260476866695532,13.759050565522209,92.29661368728955,6.277519809843575,0
2023-02-12 14:00:00,STATION-03,chemical,5.2230778103931375,11.864652281379627,7.497910603293671,16.383782754024434,276.01595116478705,12.925897658357584,0
2023-02-12 15:00:00,STATION-04,chemical,5.830073833563809,6.033598305750102,7.898025308743164,16.40276233567366,289.212218832609,13.896741438535445,0
2023-02-12 16:00:00,STATION-06,food_processing,6.969196835951358,3.4359925033939893,8.128539616045481,12.473794361205865,187.06832654654522,6.623295995898958,0
2023-02-12 17:00:00,STATION-07,textile,7.274312872739056,21.786160561936406,6.869086403432127,21.589389899289074,491.8924789512359,6.195354992577992,0
2023-02-12 18:00:00,STATION-01,food_processing,6.7044082174864865,5.3535082265528935,8.791734063315907,11.901897646910674,263.4806284642599,3.991511599778269,0
2023-02-12 19:00:00,STATION-03,food_processing,6.634005444604045,3.943095059869626,7.701139141062879,14.115402663096946,150.73365835845516,2.4875805275369665,0
2023-02-12 20:00:00,STATION-08,food_processing,7.147205029172035,0.08714209116740612,8.949085895253646,11.045728613245414,113.56928187303573,4.19365743034193,0
2023-02-12 21:00:00,STATION-06,textile,7.39182046194744,21.779658142112332,7.3842418686702995,22.26660566532195,495.51294306353356,10.51724756421557,0
2023-02-12 22:00:00,STATION-02,textile,7.54011382771337,15.66411515530661,7.299587078389995,23.74562860692342,502.10868495705756,9.786012830103555,0
2023-02-12 23:00:00,STATION-03,food_processing,6.560595501740676,9.811918581534611,8.018624332656433,14.27776636359166,242.45920561797368,16.251578305775546,1
2023-02-13 00:00:00,STATION-06,food_processing,7.210403924752659,9.281148374717624,8.032956631291203,11.458338655417375,140.8772045136066,3.361196024341827,0
2023-02-13 01:00:00,STATION-06,textile,7.818443027151811,21.38255253889901,6.866196495990437,22.179805553419126,532.9360143508545,10.113592537102617,0
2023-02-13 02:00:00,STATION-05,food_processing,7.145942558149847,7.29228811805513,8.744557168121524,12.868714062376785,96.57089636588154,4.082606287431323,0
2023-02-13 03:00:00,STATION-02,chemical,5.329361564744631,10.438868638325554,7.4637065263463915,17.007365937850373,296.5711265470658,15.53700365129119,0
2023-02-13 04:00:00,STATION-03,chemical,5.527966819002996,17.97042847441,6.795333377267342,16.632300378753673,270.76319613827707,14.03412868145433,0
2023-02-13 05:00:00,STATION-09,textile,7.2359730700045,20.74518219513962,7.166801152337274,25.040493414324537,561.817158130547,10.638883446979165,0
2023-02-13 06:00:00,STATION-09,textile,7.538803489898799,20.297279025565786,6.6030052860840405,22.549043173479884,490.68087870197417,7.203846951771784,0
2023-02-13 07:00:00,STATION-05,chemical,5.160686260884878,6.320483220932352,7.075179482432057,17.404872286719076,357.73660512725814,15.22242691018738,0
2023-02-13 08:00:00,STATION-08,textile,7.811945426500258,24.496914987322615,6.267247171910549,24.149203137670543,537.3050167272452,8.840741939290353,0
2023-02-13 09:00:00,STATION-10,chemical,5.622893973460888,12.745805159939634,7.607429944447396,16.069699857360682,306.59786506646196,16.41742728775382,0
2023-02-13 10:00:00,STATION-08,textile,7.608271167917196,22.52835147351909,6.186396096724786,23.30376407551719,493.4363262456807,10.305999191666071,0
2023-02-13 11:00:00,STATION-02,chemical,7.477086824001324,18.03784667920004,7.360366009939977,17.276702017604883,285.2775905811366,39.908504990873304,1
2023-02-13 12:00:00,STATION-02,chemical,5.676439527988635,11.666184722326944,7.342173145579693,17.3743182273701,305.79063414610465,15.322656351632196,0
2023-02-13 13:00:00,STATION-03,textile,8.983346117205732,39.41204177940045,6.0486502703736775,24.263483344182312,1207.0310320426804,32.84873800450798,1
2023-02-13 14:00:00,STATION-08,food_processing,7.12620910878159,0.8539353511366352,8.59866506547301,14.37888669960621,256.9840872028857,6.062786081164724,0
2023-02-13 15:00:00,STATION-06,chemical,5.782704870360195,17.440468973455314,7.133565308385705,16.940818427089784,250.5122107129589,15.925700883110379,0
2023-02-13 16:00:00,STATION-06,food_processing,6.7606464022364925,8.107968420157766,8.807133984012623,11.804121371728463,172.85324570884313,4.901530182710635,0
2023-02-13 17:00:00,STATION-02,food_processing,7.605164808545453,5.29901662264051,7.85106851450392,14.215004019081944,118.12592753414233,6.036923148384373,0
2023-02-13 18:00:00,STATION-09,food_processing,6.79678443309463,8.741500752107703,8.420583641765873,12.465399759732868,89.58600276670697,7.667024115210932,0
2023-02-13 19:00:00,STATION-05,textile,7.154699914879529,23.077060052700396,5.787045797532666,22.950945726538635,458.7722678933548,11.068645177739555,0
2023-02-13 20:00:00,STATION-03,chemical,5.396850683075166,12.181507749040847,7.265838813342921,17.734510911308618,327.10273252743485,13.751787147039096,0
2023-02-13 21:00:00,STATION-09,textile,7.651053831514079,22.767367199708623,6.7337034995392795,21.647666980763603,460.2447348760127,10.37877986547582,0
2023-02-13 22:00:00,STATION-02,chemical,5.750292141836125,12.580268542798226,7.156096241494776,15.47704123600553,259.173808163732,16.980757061223574,0
2023-02-13 23:00:00,STATION-03,chemical,5.307661200249281,11.94804734267247,6.975212586732522,15.704960323168601,333.80609676500376,15.967101437263569,0
2023-02-14 00:00:00,STATION-08,chemical,5.613827288373504,11.431232772790633,7.989964554848594,18.509886254577104,235.64414217161124,16.58787158060157,0
2023-02-14 01:00:00,STATION-06,chemical,5.451250010612943,11.903138963487253,7.696128538535574,16.96101723177247,291.1528059389331,15.665829945475089,0
2023-02-14 02:00:00,STATION-10,food_processing,6.869946563322767,4.4189373750511285,7.62835016114632,14.097186074156234,151.76853071737216,3.4720792124008875,0
2023-02-14 03:00:00,STATION-08,textile,7.816920037960706,22.119178855047007,8.093354080465936,22.425533049644663,553.8633951858344,8.265768820686832,0
2023-02-14 04:00:00,STATION-03,food_processing,6.527587564683109,2.938997798258275,8.140226545520933,11.865931360576672,133.6843272264378,4.382672457563717,0
2023-02-14 05:00:00,STATION-02,food_processing,6.552440756107514,4.520983751532556,8.402257403288365,13.485211947645297,241.82118537067115,3.9766343058004248,0
2023-02-14 06:00:00,STATION-05,chemical,5.583636272317353,9.624615915265785,6.893301662795399,15.386410188040575,387.90273476567313,15.818495584115968,0
2023-02-14 07:00:00,STATION-08,textile,7.540010105812787,25.12057377250199,7.280819436070518,23.660772206415935,472.06678864782333,10.901215823544655,0
2023-02-14 08:00:00,STATION-07,food_processing,6.832711602279053,1.900156317989743,8.525693335218094,12.36890054995588,168.4043354290436,3.0603745879763147,0
2023-02-14 09:00:00,STATION-10,textile,7.3361142046803405,18.944106713526477,6.438188865225007,23.497287368000663,503.7902278979626,11.91953202350675,0
2023-02-14 10:00:00,STATION-03,chemical,5.50010604150662,11.775403056793024,6.997526280399853,18.268945141433125,235.5423172335743,14.772485065360069,0
2023-02-14 11:00:00,STATION-02,textile,7.2799979692501084,21.57519232995182,6.373085228773545,21.90032929199119,469.0431978529332,11.255134046831332,0
2023-02-14 12:00:00,STATION-08,textile,5.971753877774966,45.072423996644076,5.424359197068696,24.77631929804058,935.3537600551327,24.797918985755338,1
2023-02-14 13:00:00,STATION-09,food_processing,6.714747025464443,6.232446767598368,8.599179583659417,12.703854407809107,91.07014749994701,5.347906262942882,0
2023-02-14 14:00:00,STATION-03,textile,6.544947956325338,28.849805267046737,4.777943546698117,23.39888180594807,955.8819695968307,28.29571029518723,1
2023-02-14 15:00:00,STATION-10,food_processing,6.831073149223118,2.777700188706374,8.596854733067579,12.79775991055294,163.7217784697105,5.860589684976937,0
2023-02-14 16:00:00,STATION-03,chemical,5.490847587011372,10.106889140471699,7.629584936475041,17.25269648877761,366.8671612838079,15.194949438173994,0
2023-02-14 17:00:00,STATION-09,textile,7.633323725792567,21.378216660026254,8.37678860783667,22.65784766449958,530.7067762058352,10.721388801591866,0
2023-02-14 18:00:00,STATION-02,chemical,5.301417525220543,12.135880514030212,7.703413927414588,16.69292794114749,320.162568529944,14.52852385614955,0
2023-02-14 19:00:00,STATION-03,food_processing,6.764028551141344,7.5221822845112545,7.996879175164386,12.626197381187025,188.11712797157247,6.086713175247819,0
2023-02-14 20:00:00,STATION-03,textile,7.4616068515075025,18.745776113056564,7.089305920447392,23.468921651841054,530.3296578779714,12.348682823858477,0
2023-02-14 21:00:00,STATION-06,chemical,5.446683023075373,8.68083099555028,8.056007299068398,16.927142944573056,270.07246326198333,14.22927977489104,0
2023-02-14 22:00:00,STATION-04,food_processing,6.520603976844964,0.7594603707269165,8.81404591408258,13.314595002031144,124.6404178434576,5.778754157639662,0
2023-02-14 23:00:00,STATION-09,textile,7.947472619267565,43.26504469835358,5.0687757373399,21.70572005037366,743.6209227685952,22.50051197100257,1
2023-02-15 00:00:00,STATION-02,textile,7.634944412250048,21.63179508255002,6.890599464868636,21.144646491447755,511.90196895581886,9.15221795765367,0
2023-02-15 01:00:00,STATION-04,textile,7.262324192108466,26.713845904961037,7.816349792733256,23.864388942678932,563.7739492887255,13.368354138008785,0
2023-02-15 02:00:00,STATION-09,food_processing,6.780764700344775,9.509604242092063,9.064412231461253,14.166546705747209,148.43304461722823,2.6697236866320395,0
2023-02-15 03:00:00,STATION-03,textile,7.135770883022498,15.19007309940746,7.143415435073338,22.413799323421028,457.8153326110156,11.417621278926966,0
2023-02-15 04:00:00,STATION-05,food_processing,6.733240122937594,1.1971841938138792,8.121342677263089,13.238355093278571,30.617889575455436,6.257283658138052,0
2023-02-15 05:00:00,STATION-09,food_processing,7.216719648819934,2.528513702280465,8.350775537254947,14.798192409978512,193.6787101243182,5.139089307835929,0
2023-02-15 06:00:00,STATION-09,chemical,5.49744878990375,8.421421762024387,7.646660435842755,17.23763386704169,251.15559318062793,14.146780994875712,0
2023-02-15 07:00:00,STATION-03,food_processing,6.825473460929646,4.495423864319143,8.959902170095996,12.528421040350818,60.398357205808566,7.075943849252838,0
2023-02-15 08:00:00,STATION-10,food_processing,7.184666135841292,4.711370414321669,9.22834442545813,13.027688621076074,110.7489797366564,2.0600718751101645,0
2023-02-15 09:00:00,STATION-03,chemical,5.536901710744556,11.345421430219695,8.16388644775711,17.33173898505554,281.9995821345044,17.34865571318162,0
2023-02-15 10:00:00,STATION-10,food_processing,6.5681793813264795,3.842365661734263,8.164105550011262,12.774276806980364,174.93292048105008,5.725267544315143,0
2023-02-15 11:00:00,STATION-10,food_processing,6.704332522301728,3.8217872653112983,8.815954833278962,13.770502213855794,158.97811868864528,6.738644666141276,0
2023-02-15 12:00:00,STATION-10,textile,7.167320517531351,19.73695123262628,7.3947580386774066,23.109946892147626,534.5123238434428,11.513190308863198,0
2023-02-15 13:00:00,STATION-01,chemical,4.9194903235587955,22.971756462500885,6.726696738433782,16.085204594824702,617.2851708351169,38.94109445558467,1
2023-02-15 14:00:00,STATION-01,chemical,5.509272015249941,15.170232270814896,8.100865015519776,17.531174443683856,303.9701907597859,15.186906064118133,0
2023-02-15 15:00:00,STATION-10,food_processing,6.765405690747009,7.551840768707384,8.87461044845546,12.29812949644903,94.53704720477448,5.464096681322922,0
2023-02-15 16:00:00,STATION-04,textile,7.302601728864492,24.38983699021386,7.13187349117033,22.911226320622447,535.4396800952618,12.004577106147883,0
2023-02-15 17:00:00,STATION-07,food_processing,6.945613705086345,11.029423246913383,9.032828444740021,14.39577215281225,124.52378973636176,3.0084675838421466,0
2023-02-15 18:00:00,STATION-01,food_processing,6.744347992326484,7.23022052383479,8.216779056001602,13.504813430404084,94.19460036578313,5.4949930309984385,0
2023-02-15 19:00:00,STATION-09,textile,7.529219157146479,19.243451826576088,7.357475945519998,22.466612144723026,530.2966253823398,7.985010344556603,0
2023-02-15 20:00:00,STATION-05,textile,7.503152737950359,21.215525420577652,6.743920077819345,21.831735630681948,514.8912221243302,10.841549195529113,0
2023-02-15 21:00:00,STATION-04,textile,7.173370412836276,26.131870913637826,6.356304593442202,23.205144687309026,501.4862330914511,10.304800507150963,0
2023-02-15 22:00:00,STATION-07,food_processing,7.892294204647815,7.7746852513315865,7.3914915958289615,13.095882959275064,208.79336822489967,14.33661465193989,1
2023-02-15 23:00:00,STATION-08,textile,7.417393734997109,22.953924464999787,8.00434682014491,23.686747354161678,574.397396789841,9.633499913089494,0
2023-02-16 00:00:00,STATION-01,chemical,5.541943782853465,5.655497436092029,6.936600821120029,17.03515057939051,302.49000172609686,13.869739020857619,0
2023-02-16 01:00:00,STATION-08,chemical,6.582060340973484,14.087732260118711,6.391385851655231,15.530558295280315,498.64518534526064,31.090192674845486,1
2023-02-16 02:00:00,STATION-08,textile,7.392205298344181,19.97805160191516,6.779210932326002,23.404215136018973,577.5535702327848,8.623114292361503,0
2023-02-16 03:00:00,STATION-04,textile,7.9950836279195885,21.66847059559727,7.3231547166931765,22.946814848282923,536.5700821859107,9.70785965990397,0
2023-02-16 04:00:00,STATION-10,textile,7.520066857967423,20.976556408517805,8.014322918712296,23.19384079441051,560.5340954481778,9.13600914664934,0
2023-02-16 05:00:00,STATION-06,chemical,5.3261648182538694,12.843549532552165,8.243583596729096,17.85582979810599,261.4566913952311,14.609231768700422,0
2023-02-16 06:00:00,STATION-06,food_processing,6.819252249953794,5.620571951827378,8.623090141162718,15.181375793878537,134.72545561700514,7.735042959050568,0
2023-02-16 07:00:00,STATION-06,food_processing,6.5929995539718265,7.745235573122661,8.435225681107836,14.357777550304,125.33072657333949,4.471324171669345,0
2023-02-16 08:00:00,STATION-03,textile,7.410071581865572,16.374575612287302,6.55225954476065,24.103453204712512,506.208261606669,10.31854979198192,0
2023-02-16 09:00:00,STATION-09,textile,7.356805215054885,21.36517957073963,6.01618040165405,22.033123908269367,449.4211385219902,8.402433445066661,0
2023-02-16 10:00:00,STATION-02,food_processing,6.43945328998906,9.91857204724227,9.33671699063545,13.41902060385798,59.70462154105894,5.0475937978033105,0
2023-02-16 11:00:00,STATION-04,textile,7.261372792857949,23.684873470799374,7.299829437110179,22.011028703619544,464.24295357585595,9.829795068414889,0
2023-02-16 12:00:00,STATION-02,textile,7.349410840313352,20.234962075216792,6.8985860181700005,20.756291668118322,492.9264453190058,8.764162682948124,0
2023-02-16 13:00:00,STATION-08,textile,7.608026193391645,19.146944550186326,7.200874139902391,23.022407240989086,541.3061771826382,10.223996539153575,0
2023-02-16 14:00:00,STATION-03,chemical,5.732381312609317,15.414106588767831,6.8304225126302125,16.940597269327323,282.7317694397632,13.345858984098966,0
2023-02-16 15:00:00,STATION-01,chemical,5.39932999423057,8.887753780180242,7.547801403946975,19.187926996869376,283.57791105477446,14.248738265207201,0
2023-02-16 16:00:00,STATION-07,textile,7.511431967200365,23.11570639223718,7.654530474139701,19.470790046976262,490.61459693041013,10.026709932229966,0
2023-02-16 17:00:00,STATION-07,food_processing,6.953468468539221,1.4459075956098353,8.407205660897974,11.898431219555194,220.02362235988898,4.141286301298135,0
2023-02-16 18:00:00,STATION-03,chemical,5.350253457236839,8.043519888289165,7.6126643357446016,18.49648814767838,310.83414143297074,16.571776656821985,0
2023-02-16 19:00:00,STATION-10,textile,7.352163092435637,25.194969782976184,6.708098288871941,23.250740619911326,408.23839617774837,11.320460428138846,0
2023-02-16 20:00:00,STATION-06,food_processing,6.773779428808941,3.6308227105232045,8.365574014328164,12.668819605947851,144.99402415317067,5.834266633596518,0
2023-02-16 21:00:00,STATION-03,chemical,5.15558999045645,18.621171835947234,5.282678298491477,17.03006960411358,417.9239297237699,21.360091090478114,1
2023-02-16 22:00:00,STATION-09,textile,6.978842282494555,21.5537125645344,6.7947717044804925,23.604749903939798,501.8101319629913,9.639251562276408,0
2023-02-16 23:00:00,STATION-08,textile,8.156222168300676,26.387661374139913,6.046514383665202,23.080925233252163,691.9989310118931,29.34308539155745,1
2023-02-17 00:00:00,STATION-08,textile,7.956083262384639,16.0693508188501,6.7189640624449405,22.97373057032803,481.3626649846089,10.348677167829855,0
2023-02-17 01:00:00,STATION-02,chemical,5.44040482343812,8.65563757703337,7.90570769083986,16.052750099770698,332.0660694232678,14.75843957880587,0
2023-02-17 02:00:00,STATION-09,textile,7.74050551352958,15.83484709703043,6.393099156954394,22.6689748188888,500.4605846316045,7.954004371034431,0
2023-02-17 03:00:00,STATION-04,textile,7.404661319007112,21.718484370162965,6.761187348322713,22.39785791936037,473.3291521041749,9.675973067035994,0
2023-02-17 04:00:00,STATION-10,chemical,5.735492350587067,7.780436469256255,8.118071986364468,16.428278888822877,270.73932489699064,15.136389012717714,0
2023-02-17 05:00:00,STATION-01,textile,7.511202325274934,26.868501846037265,7.193638028132273,24.4036069779001,483.8056487639705,7.7521757089424685,0
2023-02-17 06:00:00,STATION-05,chemical,4.384055552181842,24.299358711637154,6.057510605927963,17.70230278702135,641.9141550261702,22.26523885613547,1
2023-02-17 07:00:00,STATION-10,textile,7.797940807348287,21.660621514913284,7.216091812330121,23.790430214684232,500.4048905674429,9.164997461634872,0
2023-02-17 08:00:00,STATION-08,food_processing,6.6438036097696855,9.224092189716846,8.683851614589857,11.698402648889408,148.50194758004392,1.7914929146421024,0
2023-02-17 09:00:00,STATION-09,textile,7.499531722362608,17.904067412380755,7.431899007206219,21.1761291449796,476.00487961625197,12.955734948225965,0
2023-02-17 10:00:00,STATION-02,chemical,4.704038166011545,19.071853211161233,6.952389625735347,18.214683848892932,689.6841789187112,22.36649294083722,1
2023-02-17 11:00:00,STATION-03,textile,7.411481952402127,19.39082849879401,6.251746386103051,22.998317189505027,416.0288132505358,11.439319093967178,0
2023-02-17 12:00:00,STATION-06,textile,6.785249898565,49.39301831056919,6.223496725433636,23.61797075755394,896.4923442205566,21.492289623238918,1
2023-02-17 13:00:00,STATION-06,textile,8.169686535519517,48.07232951257449,6.468043816715317,21.636849486414743,687.8023239456012,12.652799041914225,1
2023-02-17 14:00:00,STATION-07,chemical,5.663208381051023,8.946253243497276,8.066656634779104,17.767124832017558,383.2058054384803,14.71404379561206,0
2023-02-17 15:00:00,STATION-10,chemical,5.57018661529094,8.432900922276117,8.441760315172022,16.736623324552024,321.10476327725854,15.729898496622916,0
2023-02-17 16:00:00,STATION-04,food_processing,6.710187674951082,1.2400333129351138,8.413824763873212,14.758884081511754,75.55362380323186,4.867352185336583,0
2023-02-17 17:00:00,STATION-09,textile,7.444586138592292,22.284399245566973,6.4321019565550515,23.41999675006999,510.2083933726262,9.849364438273229,0
2023-02-17 18:00:00,STATION-02,textile,7.636987601140404,19.647216548445403,6.418304447952387,21.21772592259276,571.5623289645007,7.488906305107649,0
2023-02-17 19:00:00,STATION-09,textile,7.526670428319263,15.4861843140082,7.262907599577424,21.349810108034617,400.425046877516,9.379445529968766,0
2023-02-17 20:00:00,STATION-09,textile,8.865867312547852,55.94097544424665,5.4275189658041665,22.424781729579216,760.6694395445121,31.220891444058758,1
2023-02-17 21:00:00,STATION-10,textile,7.216654093067174,22.827654653495852,6.784420377597236,24.933814398745675,440.9122438897689,8.278238157774421,0
2023-02-17 22:00:00,STATION-10,food_processing,6.723639767124564,11.142219691579815,8.487774090626695,13.46105597814514,219.8664031234747,3.2813377461507267,0
2023-02-17 23:00:00,STATION-03,chemical,3.9324895578712704,32.86065539745763,5.167480782807753,16.479098438336766,550.8522727013158,31.698110779773742,1
2023-02-18 00:00:00,STATION-07,chemical,5.485704301267602,14.719537086619892,7.746641616697063,16.500208735844,389.72815141910274,13.476650007141771,0
2023-02-18 01:00:00,STATION-06,textile,7.8516831228986055,19.465123934032626,7.360023705248658,22.45121003770289,438.11370958513606,9.132910390189023,0
2023-02-18 02:00:00,STATION-06,food_processing,7.053865063607566,8.899935058632714,8.444789049745795,13.583347066164603,106.86648406464697,6.3350667545152115,0
2023-02-18 03:00:00,STATION-04,chemical,5.214697384225238,14.874958144532048,7.594775422957083,15.473304384478034,349.9651849851103,15.847692060763247,0
2023-02-18 04:00:00,STATION-09,food_processing,6.425210438571348,0.35830602023295643,7.861090576983677,12.500455037818863,175.70126024807013,6.17061643734299,0
2023-02-18 05:00:00,STATION-09,textile,7.614034500821702,19.353719421672583,6.452647258556875,22.841031891770783,528.2445703442321,10.806682250309638,0
2023-02-18 06:00:00,STATION-01,chemical,5.329957476001891,18.99197426361431,6.418571385159858,17.89402440309026,370.99706248046255,36.127540992734254,1
2023-02-18 07:00:00,STATION-03,chemical,5.71085610981857,14.054041266257459,8.174710108491842,18.613750848239,241.29958369886785,12.538738795129163,0
2023-02-18 08:00:00,STATION-06,food_processing,7.024484881859964,2.3875182069162495,9.375989552331482,12.927778377652757,38.60338020916494,7.386892954700303,0
2023-02-18 09:00:00,STATION-09,textile,7.730467404984861,22.862670966300186,6.324724975627053,22.58278933078425,543.1309515899461,11.94745369890967,0
2023-02-18 10:00:00,STATION-03,textile,8.535986428435354,36.68365125885967,4.897686107118255,21.32876561472041,977.2532716009599,32.322643082600734,1
2023-02-18 11:00:00,STATION-09,food_processing,6.8718974789426355,5.968029309610906,7.834633781569617,12.704905344097712,146.4732891577417,3.3055679063895025,0
2023-02-18 12:00:00,STATION-06,chemical,5.829144522723642,10.622219456203503,6.494310069459338,15.881916017673285,270.14991207394763,15.088838841426831,0
2023-02-18 13:00:00,STATION-06,food_processing,6.369194035729259,6.099676410649068,9.14188099909935,13.194136265947504,117.23844405308286,5.310706874985621,0
2023-02-18 14:00:00,STATION-07,chemical,5.280586992226288,1.849790234814046,7.275821769963689,16.003229248194845,371.28977367886273,16.105063316669963,0
2023-02-18 15:00:00,STATION-05,food_processing,6.471640333289782,9.311727373535703,8.550607682878626,13.896316816176423,155.1637181104572,2.597015730190516,0
2023-02-18 16:00:00,STATION-06,food_processing,6.570812486331981,13.183492129604513,8.741970526832665,13.100781728950231,118.25268072692282,6.780305673358475,0
2023-02-18 17:00:00,STATION-09,food_processing,7.110972366205427,3.887495354940463,8.827662987289589,11.31553588545766,224.11448996808963,3.4562122350933904,0
2023-02-18 18:00:00,STATION-08,food_processing,6.814324205702136,3.278542390121135,8.705940058766936,12.595333130333966,159.26457589172432,4.058543275041174,0
2023-02-18 19:00:00,STATION-10,food_processing,7.030229109618765,6.575471870090814,8.13850932669947,13.43884881663543,169.7726631648279,3.3930722349153033,0
2023-02-18 20:00:00,STATION-08,textile,7.981465144294958,23.53173599848729,7.382143096185007,23.049868844001473,588.1680408865022,12.141969653662679,0
2023-02-18 21:00:00,STATION-06,chemical,5.301751137600095,11.684177332185005,8.116610082755361,18.370283117990574,242.3211684159019,14.153491321399905,0
2023-02-18 22:00:00,STATION-02,textile,7.4627267990608575,30.30778284795356,7.20966035426294,23.09753207250131,463.2401780918842,11.281048091852782,0
2023-02-18 23:00:00,STATION-10,textile,8.236629019328149,43.68635353441941,5.530255624742351,22.674746086414395,803.2945153464382,28.872022557429755,1
2023-02-19 00:00:00,STATION-01,textile,7.366978365594412,22.714187450469197,7.756443337376768,24.050912700787997,416.5782003885729,11.377122940525574,0
2023-02-19 01:00:00,STATION-08,food_processing,5.928593540563591,17.537374643239975,5.884968962997809,13.823140969367302,185.529550433695,15.068294002632104,1
2023-02-19 02:00:00,STATION-10,textile,7.874826379972212,21.032450648575576,6.7115585167618494,22.71689568434388,470.52021120792716,9.408722285324485,0
2023-02-19 03:00:00,STATION-04,food_processing,6.5586003440694,8.228520965853756,7.606667736552241,11.428633752188906,122.54615993255915,5.275545252140106,0
2023-02-19 04:00:00,STATION-01,food_processing,7.0151538987414295,4.85744908340091,9.227614198196157,12.73572290586645,172.89504652539546,4.329676397588037,0
2023-02-19 05:00:00,STATION-08,food_processing,6.634490197719542,6.546020462218278,7.8164201497507735,13.158915285835725,158.75747086928868,5.630723019104,0
2023-02-19 06:00:00,STATION-09,chemical,5.666269410203826,9.090419939860743,7.966665010432,17.544677397172112,256.3468611844874,15.716174406186907,0
2023-02-19 07:00:00,STATION-10,food_processing,6.785971809652569,6.193263428226052,7.514386302977816,9.8047133154392,117.641072455025,3.7676803407598474,0
2023-02-19 08:00:00,STATION-03,textile,7.581851349722572,19.90157507066001,7.297579003208428,21.97016385365102,547.6398511557657,9.164466107397939,0
2023-02-19 09:00:00,STATION-04,food_processing,6.70839222752407,1.9362392495521803,8.410966701679897,12.185989705121255,130.70579508192625,5.955433044630437,0
2023-02-19 10:00:00,STATION-10,chemical,5.129611129557578,12.892394270465946,6.603912521250922,15.990717470750623,318.44630804631083,15.781113923939465,0
2023-02-19 11:00:00,STATION-02,food_processing,6.716665964264786,5.242934238049968,8.62389252942344,13.595911046762323,154.79037555779493,3.5847554453738635,0
2023-02-19 12:00:00,STATION-01,chemical,5.5845376582617705,10.602466376385015,7.555496822535629,15.917348275877243,383.9624743873053,15.706281741620286,0
2023-02-19 13:00:00,STATION-06,textile,7.353195106155632,23.700102650241632,6.853474398299059,24.281435097456654,583.0481527030416,11.663425859434643,0
2023-02-19 14:00:00,STATION-03,textile,7.425168681122158,22.76919410562995,6.470979799310355,22.12272755885943,493.03713439047516,11.699143459159977,0
2023-02-19 15:00:00,STATION-04,textile,7.971559944674944,19.814563427290853,7.5954255221290445,22.49239541092439,481.7393232580583,10.350495615107988,0
2023-02-19 16:00:00,STATION-09,textile,7.409269190750887,24.71059316176901,6.6133521434970035,21.332267604417016,455.5089181890676,11.57360562756587,0
2023-02-19 17:00:00,STATION-08,food_processing,6.746284416448921,3.367693455157964,7.5172871242321575,12.376966105082287,84.94577821970594,6.314607537105736,0
2023-02-19 18:00:00,STATION-01,food_processing,6.740567916540535,9.919817020596795,9.582571297382836,11.136576851527115,97.09014488289658,2.911855225634012,0
2023-02-19 19:00:00,STATION-03,food_processing,6.7381368795890975,3.599934356820544,8.356981268881443,12.039596268003148,102.87353663861515,7.7052039919337085,0
2023-02-19 20:00:00,STATION-04,food_processing,6.711440535693676,3.0167680104472567,8.931772753865584,9.736733297475974,210.1013641985237,4.931170858796812,0
2023-02-19 21:00:00,STATION-06,food_processing,6.515348235129297,5.449483095607083,8.248149451443092,15.093486653770805,129.5316535162082,6.932946022513763,0
2023-02-19 22:00:00,STATION-08,food_processing,6.615969129725695,2.687981531217216,7.8924752364630635,13.208417861863781,109.13441487710514,4.649090063482414,0
2023-02-19 23:00:00,STATION-07,food_processing,6.886494981093683,10.923034329981952,7.3947734931400415,12.579845087249481,173.46704831070943,5.181065531266944,0
2023-02-20 00:00:00,STATION-03,textile,7.643293040862082,20.517953854570266,6.627965393540758,23.815670342371966,530.6839989677227,9.752512374797234,0
2023-02-20 01:00:00,STATION-09,textile,7.495365311152778,19.30240040165982,6.92040188270581,23.776826438649316,564.8651880240251,9.269406943253367,0
2023-02-20 02:00:00,STATION-09,textile,5.883628089364898,54.38980056800517,5.186638336276054,24.219870824150384,864.8546757251958,21.608381427435493,1
2023-02-20 03:00:00,STATION-05,textile,7.217726509184732,15.386022669291261,5.985418140585869,24.416273620598997,497.05436102513465,13.528247400174184,0
2023-02-20 04:00:00,STATION-08,food_processing,6.785254624209067,2.4727669034096627,8.716328076289846,12.96124433595512,134.13314426164152,4.7063386818388535,0
2023-02-20 05:00:00,STATION-04,chemical,5.307070515426682,9.483671705654885,6.865397714318688,16.819627747471692,232.50190729976111,12.468434172234922,0
2023-02-20 06:00:00,STATION-09,textile,7.782438675666582,19.86847210692512,6.482617029724707,21.22232993883661,538.2186148171469,10.239574576593311,0
2023-02-20 07:00:00,STATION-04,textile,7.539964939330318,15.094018605352584,6.439906957349461,22.3139033572592,517.4763633804857,7.47582181684093,0
2023-02-20 08:00:00,STATION-05,textile,8.814782166928525,26.305681646499306,5.101576173208917,24.04897926555575,715.142179792763,25.154130443164817,1
2023-02-20 09:00:00,STATION-04,food_processing,6.814953083178974,1.9390133970677965,8.379650077948696,11.695051461106363,186.70132720860892,3.795928439417878,0
2023-02-20 10:00:00,STATION-08,food_processing,6.6857307884264285,0.0,8.89868249459974,12.46885779164241,56.29921125348305,5.953719893283152,0
2023-02-20 11:00:00,STATION-08,textile,7.934024828586169,22.119463267391406,7.178271189147725,22.485734168736773,406.88615159937626,12.5161290400214,0
2023-02-20 12:00:00,STATION-09,textile,7.336666133275456,18.586669971659905,7.434649772984425,22.45077848144003,403.2022616193666,10.232204634961988,0
2023-02-20 13:00:00,STATION-05,food_processing,6.718072834216861,1.6480764121697993,8.582116069656232,12.120902776485957,139.38308973953679,5.456939629218862,0
2023-02-20 14:00:00,STATION-02,textile,7.469089621762615,20.021283425976833,6.860911689166962,22.52942751398908,469.43587314665194,8.848245231155182,0
2023-02-20 15:00:00,STATION-09,food_processing,6.723457553475409,1.9195395896794754,8.281614196610708,13.415239922561621,133.99612747808763,5.218790646237063,0
2023-02-20 16:00:00,STATION-07,textile,7.3988774594774345,18.293840422629934,8.47954529532155,23.387354047994418,466.86924249129936,9.466799998828895,0
2023-02-20 17:00:00,STATION-03,textile,7.651860524539087,17.95460842588144,7.639474834817732,21.400068029041165,537.0794999921272,12.004679037524696,0
2023-02-20 18:00:00,STATION-01,textile,7.536174045283131,21.191883696785066,6.661595849100652,22.739553716229466,491.2896476486845,11.316183733230462,0
2023-02-20 19:00:00,STATION-02,textile,7.673865085376523,20.820073231993106,7.0543494500075345,23.25121379729619,544.8695312662489,10.809827480873848,0
2023-02-20 20:00:00,STATION-08,textile,7.3612474948904225,19.79897619059575,6.845872044327462,23.26389347801155,633.9387987483034,10.578338208322707,0
2023-02-20 21:00:00,STATION-05,food_processing,5.083074849922614,27.563451832999444,5.8715069996289495,13.958512859057484,222.97516731989697,11.817116923849518,1
2023-02-20 22:00:00,STATION-08,food_processing,6.438633699569155,0.2944764858872153,9.259134456382725,11.670810868199931,73.5098254752501,4.656522531570426,0
2023-02-20 23:00:00,STATION-04,chemical,5.63911588838894,32.76419808584679,5.119508994602046,17.41361988547461,566.3563464226934,32.458640190018855,1
2023-02-21 00:00:00,STATION-05,food_processing,6.754615513291637,1.495034255424196,9.509055278377891,12.674172782556694,112.04083062702779,6.123439247297843,0
2023-02-21 01:00:00,STATION-05,food_processing,6.540368197671876,2.0884303470072347,8.292871487922584,11.840010560306759,101.05174856181296,3.688357386383564,0
2023-02-21 02:00:00,STATION-02,chemical,5.321236901309617,12.978516636088884,7.6074380868052,16.217016104681626,295.0155235056265,14.410546703824096,0
2023-02-21 03:00:00,STATION-10,food_processing,6.544318011992075,6.591689369394943,8.069189745537903,11.857291540136291,121.78141780871724,6.96027683550852,0
2023-02-21 04:00:00,STATION-04,chemical,5.592060206243236,16.24350323289239,8.1251799122585,16.114138783619293,365.4740170233361,14.56869566882353,0
2023-02-21 05:00:00,STATION-09,chemical,6.904367725894485,21.061109721410403,5.521846427591443,16.57734092949281,533.275056299328,37.9604961034715,1
2023-02-21 06:00:00,STATION-04,chemical,5.169838547455283,6.885121148960442,7.58433383310235,16.247790268356944,356.71085150829236,15.98048511837846,0
2023-02-21 07:00:00,STATION-02,chemical,5.239326678016797,17.722070875820116,7.888966582055221,16.731896306975607,286.76347905531975,14.417464336573204,0
2023-02-21 08:00:00,STATION-06,textile,7.526010150438728,21.590177587313388,6.523276254969796,22.957366604343566,452.0806162507866,9.371395439281363,0
2023-02-21 09:00:00,STATION-08,food_processing,6.945803450572508,0.0,8.554749562780474,11.831358246435602,65.74266877055027,4.978579081404599,0
2023-02-21 10:00:00,STATION-03,chemical,5.870216843301364,6.817922481304526,6.4896300680792915,16.751285670749404,262.2449371604313,16.60696926655891,0
2023-02-21 11:00:00,STATION-09,chemical,5.49793706814397,9.144907262348243,7.410166255859677,18.825738086877095,298.3686488745546,16.40012820627475,0
2023-02-21 12:00:00,STATION-07,chemical,5.288533231304667,9.12155350304106,7.272239938061675,17.3116247556746,158.52473488754825,17.433771207129624,0
2023-02-21 13:00:00,STATION-08,food_processing,6.81998513132038,3.2743464796016517,8.315209786584784,13.101012639661883,173.15804355636396,4.395762993333773,0
2023-02-21 14:00:00,STATION-04,textile,8.064100907193186,40.66249214307036,5.70086729292179,22.7689684116254,591.3814760137082,20.454220437274177,1
2023-02-21 15:00:00,STATION-06,textile,7.476584667783713,27.05694169193717,7.202027924060048,24.609633702309093,461.7393977705989,10.965378069149692,0
2023-02-21 16:00:00,STATION-01,textile,7.373421070947815,22.95576172777847,7.513078140386106,23.000658208223005,417.6553758975668,9.162869500279852,0
2023-02-21 17:00:00,STATION-10,chemical,5.619817789233051,18.10590380282165,7.267163351858669,16.53599561308661,279.2135642828986,16.714613382758486,0
2023-02-21 18:00:00,STATION-09,chemical,5.0238359046024055,5.088930853774055,5.558894267128755,16.31778328104514,409.78028833745446,25.609682794183673,1
2023-02-21 19:00:00,STATION-01,food_processing,6.40370348508627,0.0,7.324460258928056,13.635505968152998,247.1730502638862,9.978776594511885,1
2023-02-21 20:00:00,STATION-07,chemical,5.283824450046861,5.485777784773595,7.786382814209479,15.955793849120264,305.0656596860663,16.12911985724751,0
2023-02-21 21:00:00,STATION-01,chemical,5.14960553925693,18.297237802762627,6.562193022579249,16.94055603504511,576.3550319127139,41.766909464480555,1
2023-02-21 22:00:00,STATION-08,textile,7.491529412368577,22.508594347042603,7.054108800815266,21.292555775337505,547.7916786540442,10.985325266860588,0
2023-02-21 23:00:00,STATION-05,chemical,5.6968605310955125,9.49092050030125,6.8364709788192455,18.112950229692263,333.185937184271,17.354967294160875,0
2023-02-22 00:00:00,STATION-01,chemical,5.756258071233941,11.8595619409796,7.6144052959693145,18.569995393381138,230.75084393371267,17.91820868379685,0
2023-02-22 01:00:00,STATION-10,textile,7.542302002686494,21.415200766550406,6.9513346452307445,22.447496643128684,546.7510095366292,10.081769779464484,0
2023-02-22 02:00:00,STATION-02,food_processing,7.040497955830512,7.195884015155189,9.34244151129127,13.189993575157844,158.44679978793712,7.805072762684322,0
2023-02-22 03:00:00,STATION-05,textile,8.529502723041468,44.47295323823967,4.036276817469107,23.52941564322775,1073.2146469505035,15.146399396396859,1
2023-02-22 04:00:00,STATION-09,textile,7.273897200698963,22.863529866863047,6.312433380755702,23.78044818061007,527.3743416911242,8.068472995336574,0
2023-02-22 05:00:00,STATION-08,food_processing,8.442044135358257,22.389518125349458,4.855031395211455,14.619234803393134,267.2458329415348,13.625011927008734,1
2023-02-22 06:00:00,STATION-09,chemical,5.390578007370469,7.6763051025313995,7.976602441745643,16.47748904119194,332.66129623014115,15.406749445255164,0
2023-02-22 07:00:00,STATION-05,textile,7.1601046906427115,28.69640184067856,7.633104389047285,21.871075644007,472.27768457466436,9.993721366552355,0
2023-02-22 08:00:00,STATION-02,chemical,5.226322351853428,9.497727619537178,7.45465957769607,17.727586907443683,301.1892329716928,17.054438803551907,0
2023-02-22 09:00:00,STATION-03,textile,7.158605999043109,13.869025741480613,6.84944820243223,22.244817841798593,559.3437144929409,10.484432939350066,0
2023-02-22 10:00:00,STATION-08,food_processing,6.924070273040566,3.235281117029555,8.699065838504161,14.042356065725276,128.09397643936748,8.615501733175112,0
2023-02-22 11:00:00,STATION-05,food_processing,7.1437689758888085,9.221379577150952,8.796569765271986,12.938425123949504,148.37694654565098,4.203776066897035,0
2023-02-22 12:00:00,STATION-03,food_processing,6.871190936050362,2.895234477335026,8.332464440018734,13.261264387529192,65.84275110258886,4.689693390358413,0
2023-02-22 13:00:00,STATION-06,chemical,5.45647058895286,12.518190151299734,6.61267403158138,15.76483602782452,295.4075962387461,15.97206756222155,0
2023-02-22 14:00:00,STATION-10,textile,7.768814991534709,13.85287660942941,7.40516300838426,23.052016109262325,473.1456940190756,8.767289650128097,0
2023-02-22 15:00:00,STATION-04,food_processing,7.04611159518634,12.007987861841801,8.08105920273167,12.841487609433527,154.35054270628748,3.105121073280953,0
2023-02-22 16:00:00,STATION-10,chemical,5.473250435648264,18.47748090685273,7.252331415490652,17.041610348696015,275.2768721346986,12.76575914650337,0
2023-02-22 17:00:00,STATION-07,food_processing,7.02528737360086,5.641727028483988,7.559313758807503,14.814254883348468,195.08525406611784,3.1982298154601203,0
2023-02-22 18:00:00,STATION-09,textile,7.499359699193738,19.21719612981404,7.759541838366441,22.196798676390763,536.161979109614,10.667509841711519,0
2023-02-22 19:00:00,STATION-02,textile,7.839873579509081,25.21262729896128,8.011097528462786,21.770599098015335,525.6328266181888,8.795402283582233,0
2023-02-22 20:00:00,STATION-02,textile,7.460999516901924,22.773530804942254,6.3901383309500615,19.917080236943132,485.31389800660634,11.65324845987931,0
2023-02-22 21:00:00,STATION-03,chemical,4.748172844931133,20.556450810622188,5.432451873984985,17.412992840172752,636.6731096824283,46.299726191585755,1
2023-02-22 22:00:00,STATION-06,textile,7.457751344077744,18.051477529291013,7.942845832892795,22.87807168333301,508.0302494689721,10.408452595827626,0
2023-02-22 23:00:00,STATION-01,chemical,4.365728846470522,16.92471268935732,7.214479883654546,17.197233877407047,393.6158672959562,42.886790270913025,1
2023-02-23 00:00:00,STATION-07,textile,7.497851085918261,21.160573803114204,6.06085747881834,21.754404730438715,517.415504927044,7.988414893063323,0
2023-02-23 01:00:00,STATION-08,chemical,5.67898553828985,5.063019328827097,7.163803077652988,16.616472206778205,224.93107372615992,15.341069982897626,0
2023-02-23 02:00:00,STATION-06,textile,7.61205966871202,21.807880444639252,6.9940445745570905,23.117663176133973,486.3304890625016,10.660908881073535,0
2023-02-23 03:00:00,STATION-10,textile,7.235730322934766,20.266780611314125,6.941096956229539,22.5599203282495,653.2364018947388,8.73225170930962,0
2023-02-23 04:00:00,STATION-10,food_processing,6.515253577759255,3.9587204536544465,8.922440013116569,12.874901279168219,127.51667303910394,4.418321186045073,0
2023-02-23 05:00:00,STATION-05,chemical,5.219789651188558,8.854189854748547,7.536912941703192,16.56968203752778,327.9473643612413,14.02184644231034,0
2023-02-23 06:00:00,STATION-06,food_processing,6.455837368302589,2.912306338549878,8.873561619114888,12.747823736018653,215.8219973927098,5.809601775884527,0
2023-02-23 07:00:00,STATION-04,food_processing,6.79666027738274,4.053439996259837,8.217980795310337,11.976688719234108,178.1766105348707,5.523052997027958,0
2023-02-23 08:00:00,STATION-02,chemical,5.169186766947862,7.69801841967587,7.607170537685154,16.653710359672843,307.5578615839518,15.684567278069178,0
2023-02-23 09:00:00,STATION-05,textile,7.602906505074891,20.35209725328894,6.011406978025205,23.081081684411572,563.8540531093319,10.95572862296573,0
2023-02-23 10:00:00,STATION-07,chemical,5.342447391968346,12.039352579894768,7.256018571826149,15.796680670629522,341.27627036895376,15.34683631394178,0
2023-02-23 11:00:00,STATION-09,food_processing,6.387127198031584,9.524231553632283,9.528901117292701,11.957540988906214,161.72952341152214,3.65389228569546,0
2023-02-23 12:00:00,STATION-05,food_processing,5.550785925142145,5.456948042613818,6.740581565215749,12.778360099149056,210.5873937673413,4.547782827211483,1
2023-02-23 13:00:00,STATION-02,food_processing,6.774751124113044,9.582357037938532,8.225417070850952,14.961451823763648,83.78234836189095,4.938054026989156,0
2023-02-23 14:00:00,STATION-05,food_processing,6.8722094270399365,0.6548198805954835,8.470815377365813,14.076175025087915,211.65774631581684,4.854476513679131,0
2023-02-23 15:00:00,STATION-10,textile,7.422503053568327,20.743769013557017,7.221652620628004,22.755252826196728,521.6413452396719,8.953443144043382,0
2023-02-23 16:00:00,STATION-04,chemical,5.552477687306146,15.514937139060358,8.442254848007472,15.354016305666317,399.53448971980197,14.241121437776023,0
2023-02-23 17:00:00,STATION-08,chemical,5.674190503450297,8.936806167418425,8.139582451482664,17.569369086742093,300.02374931832617,16.137531350316603,0
2023-02-23 18:00:00,STATION-08,chemical,5.628952993914598,11.394336586301575,7.617556849902309,15.462166548222857,309.04682883318856,14.609382429641384,0
2023-02-23 19:00:00,STATION-10,food_processing,6.760221492622986,6.706866819121801,8.09549723754418,13.786599734660454,83.78690786589301,2.817203870820525,0
2023-02-23 20:00:00,STATION-07,textile,6.000419014631458,32.380025262023146,5.5951402650187685,23.28333237935692,714.8999878917136,15.327788792004625,1
2023-02-23 21:00:00,STATION-09,food_processing,7.94918944527505,0.0,7.3715234625431085,13.636400435427928,271.4340396395344,8.868035258666998,1
2023-02-23 22:00:00,STATION-09,textile,7.707426987735057,23.251898731589282,6.9158851436372375,22.660017899103213,393.01055061234086,11.88966678535536,0
2023-02-23 23:00:00,STATION-04,food_processing,6.774054996197882,4.937780433603194,7.980362185384218,12.242019987322951,85.96412816408106,3.9933636609235865,0
2023-02-24 00:00:00,STATION-10,chemical,5.500066325051271,12.742912378688718,7.897424102457675,16.030342386632345,315.14332572507675,16.431772269904254,0
2023-02-24 01:00:00,STATION-09,chemical,5.5850045187990744,8.41440038154971,7.848185035861044,18.373088132606153,268.6452033145298,12.244196479778726,0
2023-02-24 02:00:00,STATION-09,textile,7.517049754271887,19.451450308072122,7.088138517864093,22.936820171833567,544.9561741999556,11.687116298352603,0
2023-02-24 03:00:00,STATION-06,food_processing,6.965830659075824,9.40200143623244,7.712038320906541,12.71470183761245,65.49991160269335,5.098400222513891,0
2023-02-24 04:00:00,STATION-10,chemical,5.461349998633633,12.23562093289422,7.093068397074127,17.865807214932776,264.65758124753506,15.600591600068586,0
2023-02-24 05:00:00,STATION-01,chemical,5.2668086147284034,9.267290104886683,7.708979552521382,17.90408895989372,299.5650814995583,14.703078552097471,0
2023-02-24 06:00:00,STATION-09,food_processing,6.692148503675836,0.22550709224112886,8.143187061577052,14.248565780757406,175.8038038169525,4.5618554554678195,0
2023-02-24 07:00:00,STATION-10,chemical,5.610196457189134,7.75642351765927,6.690288128282606,17.599516990065762,247.4723501964238,18.13157105444273,0
2023-02-24 08:00:00,STATION-03,food_processing,6.818732169528971,9.618977218909745,8.752154250923303,12.025673063383088,257.06361077270077,6.8789823583355325,0
2023-02-24 09:00:00,STATION-06,chemical,5.710635613577634,7.734990931900587,7.760056116211398,15.367480957997573,294.88092599756095,12.242108412376407,0
2023-02-24 10:00:00,STATION-08,food_processing,7.394455575775343,9.152443012440326,6.809392044576994,11.819209967179994,191.77487591427533,16.012271979006112,1
2023-02-24 11:00:00,STATION-04,chemical,6.052011637661281,10.297688006845675,5.531965215598366,17.420012763672165,558.4621114879077,26.803993067646076,1
2023-02-24 12:00:00,STATION-10,food_processing,7.145974778915324,6.17845557864473,8.567557551542102,10.48907113495286,72.420499875121,7.291079043733623,0
2023-02-24 13:00:00,STATION-02,textile,7.526283199639143,14.72578801998916,7.690152863865403,24.792391878403894,496.4958099486172,9.153030300682156,0
2023-02-24 14:00:00,STATION-08,food_processing,5.423944562979948,11.38462997796372,7.700439870862514,12.075734317928458,298.2182282951793,13.017639147467273,1
2023-02-24 15:00:00,STATION-08,chemical,5.4578118546891385,10.883688531483433,6.547348115217597,15.973699449904242,308.08354620286156,12.420695863701324,0
2023-02-24 16:00:00,STATION-09,chemical,5.620908079826472,6.765998437656529,7.424841275286804,16.61870659261991,263.81206626122287,18.45605652581453,0
2023-02-24 17:00:00,STATION-08,textile,7.664813295127388,26.747938094812564,7.207989627947367,22.285026670030454,449.49946694129625,9.26791620365443,0
2023-02-24 18:00:00,STATION-01,food_processing,6.726658963570984,7.400205958840141,7.680610171717373,14.028528235323078,82.95243097820949,3.7972295149400157,0
2023-02-24 19:00:00,STATION-08,food_processing,7.046612054964554,6.589404559842591,8.45855523182099,13.682946793138326,189.73129061569963,7.0708132861592645,0
2023-02-24 20:00:00,STATION-05,food_processing,6.887327515537297,4.804079803503558,8.559813507936408,11.155342777983773,162.40597795891483,3.491482374276725,0
2023-02-24 21:00:00,STATION-01,food_processing,6.839000013433538,5.323286266028963,8.20189479166254,13.832075188291732,140.17855389969145,4.336977079295892,0
2023-02-24 22:00:00,STATION-05,textile,7.590049003407509,23.060220249289603,7.380136211331712,23.18218970088354,538.3676277327543,8.941779026454457,0
2023-02-24 23:00:00,STATION-04,chemical,5.775784964666733,14.985501711321728,5.869322997522218,18.03419009576677,510.5632374637263,34.861966609432585,1
2023-02-25 00:00:00,STATION-02,food_processing,6.705701795699649,5.117860464711651,8.32817336178848,12.037086112534176,146.63144763848257,4.6800806064803435,0
2023-02-25 01:00:00,STATION-07,chemical,4.22148563689046,5.961058636590994,6.191954287962257,16.552969042372872,480.4101680718518,34.091313268760125,1
2023-02-25 02:00:00,STATION-02,textile,7.402504656255868,16.397675402230796,6.960677865813815,21.816511789131138,499.54397737368623,11.329077028991037,0
2023-02-25 03:00:00,STATION-01,food_processing,6.71745370811049,2.7010966393421474,8.763873995999703,15.695751782798915,193.53937984259676,5.6746477390516965,0
2023-02-25 04:00:00,STATION-08,chemical,3.6900445673455984,24.528829076654432,6.6031063430674175,16.945298184781468,360.6239975511783,24.67145425121256,1
2023-02-25 05:00:00,STATION-05,chemical,5.173033260074487,11.088429322224684,7.6527627041053865,15.771826955449466,275.9369459765392,14.750420603105807,0
2023-02-25 06:00:00,STATION-03,textile,7.592033404139095,25.920982682548573,7.003739823214524,21.162790004672033,452.86653239269606,10.242108767155068,0
2023-02-25 07:00:00,STATION-07,chemical,5.586941573754079,6.220159896842069,6.68212835590299,16.672200199984164,313.1454101316508,15.04033809258778,0
2023-02-25 08:00:00,STATION-07,textile,7.662659470784042,20.800375537384006,6.592754256069296,23.07934788405172,509.7654042522782,11.5192137313054,0
2023-02-25 09:00:00,STATION-07,textile,9.426209738753869,31.103697345333316,5.385707651947725,23.529890549599916,1072.007808541052,21.65809566776175,1
2023-02-25 10:00:00,STATION-02,textile,7.428593470129368,23.029920948617168,7.287243469572558,22.275499808055077,519.0388467322202,12.773172861631064,0
2023-02-25 11:00:00,STATION-09,food_processing,6.960433526288048,0.7996931653470378,8.783419000994634,14.999377265370102,147.20654350607776,3.875675129052121,0
2023-02-25 12:00:00,STATION-06,chemical,5.446194567937696,11.32522064374272,7.195867989228081,17.428586165711582,331.6422382212102,15.795997388291205,0
2023-02-25 13:00:00,STATION-03,chemical,5.393545718675725,9.158282835836918,8.186221590282125,16.56711812681903,389.174243509343,16.696461641709405,0
2023-02-25 14:00:00,STATION-07,food_processing,7.008901908654255,2.401440760604026,8.205640946923516,10.079004685303067,129.25930893169854,4.487042153959789,0
2023-02-25 15:00:00,STATION-03,food_processing,7.056719726021627,4.0723078281485465,8.304821398395372,13.159911239317514,178.08043753748007,5.741330178917743,0
2023-02-25 16:00:00,STATION-04,food_processing,6.747692297724851,6.752121227765979,8.308017487031568,13.99679268570087,93.25299830986165,5.262808784606708,0
2023-02-25 17:00:00,STATION-01,chemical,5.632441427844061,5.931858373796138,7.201327493035008,16.758964557452014,282.1068751468374,16.888466243358152,0
2023-02-25 18:00:00,STATION-08,textile,7.414053533010506,21.450221947919776,6.919300462701723,22.4718894646115,467.29774825102015,7.882011134274665,0
2023-02-25 19:00:00,STATION-09,food_processing,6.599022618336031,8.756757342396863,8.537887414009429,14.126995501931264,183.48770483559588,3.737510553344606,0
2023-02-25 20:00:00,STATION-09,textile,7.430340176170288,23.487009703433465,7.5420941735080484,22.96466544770605,440.7264183176158,11.247337033725728,0
2023-02-25 21:00:00,STATION-04,textile,7.348994092491033,22.493385305746195,7.270232092014031,22.642064745802355,487.23067940728663,9.74600845484729,0
2023-02-25 22:00:00,STATION-08,chemical,5.385405706892125,11.23070453326486,7.458741132092199,17.139860580759436,231.2247423293182,13.93794707556226,0
2023-02-25 23:00:00,STATION-03,textile,7.818423929597759,19.457874210829967,6.650011157780386,22.51972497137558,451.22887398113306,7.895515022267934,0
2023-02-26 00:00:00,STATION-04,textile,8.960974028717695,32.110721897841835,5.475754665264885,24.77056760903698,952.2283322083423,21.592639822711806,1
2023-02-26 01:00:00,STATION-02,food_processing,7.124568249472839,2.5958217222825333,8.072883069512732,14.027729775147108,157.2860713762825,2.158330778124291,0
2023-02-26 02:00:00,STATION-07,chemical,5.508704494337148,14.778141201348333,7.4919761879583255,18.68226324872668,320.01517032493445,14.815280566051182,0
2023-02-26 03:00:00,STATION-01,food_processing,6.677927673699154,6.899062844860868,8.637267418555526,11.629497934945617,101.18133049074001,8.280463758417236,0
2023-02-26 04:00:00,STATION-04,chemical,5.186588710063524,15.863472735884343,8.448947116196306,15.642306725686208,277.4381535874728,14.161669315677532,0
2023-02-26 05:00:00,STATION-02,chemical,5.515606145104017,12.368668762590737,7.955353756662582,15.35963795944022,290.12890411676835,15.24301912798218,0
2023-02-26 06:00:00,STATION-01,food_processing,6.907408506672137,6.378375547900814,8.689250662642683,12.299361132153464,153.4401812847532,4.239151882723162,0
2023-02-26 07:00:00,STATION-10,textile,7.287016756355812,15.670209836980032,6.796567742722647,21.429600928639314,481.2684852461225,9.594910489670449,0
2023-02-26 08:00:00,STATION-01,food_processing,7.005885915212775,3.392998186303804,8.566858403873256,13.142533702291463,186.47131669660865,5.4525120782145775,0
2023-02-26 09:00:00,STATION-01,chemical,5.170497871229411,9.02076216964934,6.331049249426013,16.867689937065567,389.75522328684156,12.423296613867148,0
2023-02-26 10:00:00,STATION-08,textile,7.278070481198241,16.659088533046983,6.4908866181994735,22.364332990502756,461.7027029986654,11.542178643964165,0
2023-02-26 11:00:00,STATION-09,chemical,5.738534446683133,10.002321127704224,8.010260986878167,17.6207974391474,266.450019301182,16.567456948420052,0
2023-02-26 12:00:00,STATION-01,chemical,5.338747897144742,7.121875812274332,7.269445211210144,16.32886892828949,331.00086070467887,14.052019392301235,0
2023-02-26 13:00:00,STATION-09,chemical,5.242453074619851,12.297225632309779,7.397526278513475,15.274653525740977,263.7945388448189,13.81283061190775,0
2023-02-26 14:00:00,STATION-04,textile,7.496248008115274,20.810838701706178,6.883365895773717,23.95639026634197,487.94933781072695,8.775671160069184,0
2023-02-26 15:00:00,STATION-10,food_processing,6.849976045265358,9.008978436434377,8.729490384433321,13.92498324732209,124.6761442557424,6.553551322834446,0
2023-02-26 16:00:00,STATION-10,textile,8.020673555361528,22.093064117042253,7.145211945648016,23.465664702278353,495.0450704065941,10.46515433274203,0
2023-02-26 17:00:00,STATION-06,food_processing,6.904235150362771,5.926551674911293,8.268555412287386,13.294243844658567,133.65730017005083,6.731581849466638,0
2023-02-26 18:00:00,STATION-05,chemical,6.14559023138402,17.432096974152074,6.125143602888014,18.66121384357231,478.00058540542483,45.73395120615538,1
2023-02-26 19:00:00,STATION-09,chemical,5.584701153185569,6.528358590949334,7.407260012047872,16.589153069900785,329.37532951196135,15.067516163237022,0
2023-02-26 20:00:00,STATION-07,chemical,5.465326628922871,4.4978531886866815,7.75082164951363,16.675156804628138,287.33304613739176,18.167293996965157,0
2023-02-26 21:00:00,STATION-05,textile,7.633475248766684,20.55805136730426,7.546370658228313,22.722124292843734,563.4416497550288,11.08678539103084,0
2023-02-26 22:00:00,STATION-09,chemical,5.598888309842575,7.553105699060345,6.715280552972871,16.45380754885278,198.86121893127222,15.748800988707854,0
2023-02-26 23:00:00,STATION-03,food_processing,6.5636436844695165,5.456654447889236,9.174726307457677,13.298039714866919,168.52679349917955,6.569048498827044,0
2023-02-27 00:00:00,STATION-07,food_processing,6.93402213897442,0.673721008070375,8.550148032153302,13.45828121329015,99.95776823419075,4.178564621169492,0
2023-02-27 01:00:00,STATION-08,food_processing,7.144920221298659,5.404386812435444,9.21469632005066,12.592823319573407,105.48478420563517,1.8137619987217466,0
2023-02-27 02:00:00,STATION-06,chemical,5.576188055591277,10.19596377197611,6.918799149157661,16.596964285635956,678.1360269236412,26.710631954198913,1
2023-02-27 03:00:00,STATION-07,food_processing,6.909054633097443,7.370248137337143,8.336924890974693,12.048075584006176,103.76328812499465,5.4133593484438185,0
2023-02-27 04:00:00,STATION-06,food_processing,7.716731149265586,5.324145476332347,7.250296257192602,12.446551486548836,246.8175600611851,6.539763440194862,1
2023-02-27 05:00:00,STATION-07,food_processing,7.0113863562497585,3.8794281536819306,8.570814386905951,13.67099329544709,75.92575164037353,3.917765529133588,0
2023-02-27 06:00:00,STATION-03,textile,7.604530962172884,20.33921708550945,7.290452682764886,24.276112040946416,538.6205073955057,9.764873065775136,0
2023-02-27 07:00:00,STATION-07,textile,7.7632696402409325,17.471120402462326,6.489888046614704,24.53472094327967,483.66981017017036,11.01588644552982,0
2023-02-27 08:00:00,STATION-09,chemical,5.598938626709051,11.729422419492632,7.161973598597882,15.231508134440947,260.2798301299755,16.93119339577271,0
2023-02-27 09:00:00,STATION-04,textile,7.588608234851182,23.275671586683988,6.433938285535239,22.84669628466182,511.0809473924656,10.902582058908452,0
2023-02-27 10:00:00,STATION-05,chemical,5.672881770533749,14.195330951150963,7.712795125184134,16.90136495606464,294.4991604622103,16.459688809576864,0
2023-02-27 11:00:00,STATION-03,food_processing,7.06794700897972,6.517691180008732,8.839498262871217,11.26524499760533,87.73422454749303,4.5171523793214945,0
2023-02-27 12:00:00,STATION-01,textile,7.5580871031367085,19.62095896661737,7.54311845241642,24.547019907055493,546.7157239867151,9.129121503552225,0
2023-02-27 13:00:00,STATION-07,food_processing,6.993229606199736,1.424832670739839,9.027004320030462,14.634283843671893,173.821375014731,4.77128712598762,0
2023-02-27 14:00:00,STATION-09,textile,8.125234588558499,17.77408821699303,6.495751687346679,22.767921924641623,588.6049491714709,10.024752636121633,0
2023-02-27 15:00:00,STATION-03,food_processing,6.849637056818431,2.455038831356268,8.58129549045753,14.407439113917228,164.3526757486368,6.881028852999179,0
2023-02-27 16:00:00,STATION-04,textile,7.374897651652757,14.970760392619278,5.839515633364867,23.318843040140454,541.5670685054143,10.096110758380561,0
2023-02-27 17:00:00,STATION-04,textile,7.666189335873323,21.603463864482748,7.964036415108906,22.738582701019734,525.1344567028639,12.095515577566898,0
2023-02-27 18:00:00,STATION-02,textile,7.242900887573277,12.663601939954141,6.706873571362111,23.2403888225046,501.1465175283806,11.433997908460183,0
2023-02-27 19:00:00,STATION-06,textile,7.867875113245446,17.942516957579784,6.765216744513812,22.54824407692718,436.1498025724078,11.656035828672518,0
2023-02-27 20:00:00,STATION-09,chemical,5.10670670582109,11.316936650805477,7.981570486587526,16.750257549589524,296.33226027116126,15.151175387715087,0
2023-02-27 21:00:00,STATION-04,food_processing,6.80131723121991,3.381381069871224,8.844954825817917,14.986264680489528,77.2185503797951,6.079342747396902,0
2023-02-27 22:00:00,STATION-05,chemical,5.379005335626107,8.163022332088907,7.859128062737042,15.791725760573947,375.863259102852,16.875705060346608,0
2023-02-27 23:00:00,STATION-10,textile,7.606217191627735,22.250946767950786,7.919969044995927,23.99376710505628,468.13655437457237,10.174655395875298,0
2023-02-28 00:00:00,STATION-01,food_processing,6.9988855939473105,3.3888891999981947,7.431993225280326,11.982085454344656,116.26216300384571,6.694051434692529,0
2023-02-28 01:00:00,STATION-04,chemical,5.536069549351073,13.042267374129294,7.6715959008773185,16.933276861017166,329.3231736181901,14.214983372586603,0
2023-02-28 02:00:00,STATION-09,food_processing,6.891714337636192,6.119189286125384,8.89575408597326,13.524368163610843,207.7570733097422,3.6078880577963273,0
2023-02-28 03:00:00,STATION-08,chemical,5.3377365340852,10.568391724409574,7.438881949346204,16.034749481268463,243.81339671845433,14.347277878120604,0
2023-02-28 04:00:00,STATION-06,chemical,6.125490672455767,29.165987065686306,7.502476224359787,14.901478225093317,449.1309712208072,38.136191911820625,1
2023-02-28 05:00:00,STATION-01,textile,8.73919648135449,34.31717755557574,5.809557904159496,23.252701970806857,782.8945803932185,22.234028398661312,1
2023-02-28 06:00:00,STATION-04,chemical,5.384235655682635,13.266889082154961,7.022535773721479,18.660378818972973,303.8023558777354,16.022258978728683,0
2023-02-28 07:00:00,STATION-02,food_processing,6.8722201518619634,6.662108659143573,8.256917902913646,13.115546172410106,167.47256116420704,3.0055559096612696,0
2023-02-28 08:00:00,STATION-08,food_processing,6.869743945097895,7.065233161666356,9.247750580691964,13.668808507518273,148.29746502686146,5.963192444276775,0
2023-02-28 09:00:00,STATION-10,chemical,5.401922478047298,11.479690523748312,7.396988157692028,17.93206680897611,239.6236294132816,12.99709879098302,0
2023-02-28 10:00:00,STATION-04,food_processing,6.474051490742182,0.0,8.299856684909242,14.431133015029248,242.025795612129,6.533487492824722,0
2023-02-28 11:00:00,STATION-04,textile,7.652573240154711,20.216284402519268,7.032106535980654,23.08993839582099,593.116048662437,7.425289728909021,0
2023-02-28 12:00:00,STATION-06,food_processing,6.3070010907116005,13.212982540630582,6.60345196789332,12.618460683549879,183.2910061433323,7.75808962190841,1
2023-02-28 13:00:00,STATION-07,textile,8.869760766642715,44.86857181853298,5.089910141728556,22.242203293596656,835.6542612233602,19.94588608271126,1
2023-02-28 14:00:00,STATION-09,textile,7.899393466656177,22.11874616527196,7.260210374650197,23.2396742435963,470.5891324152025,9.984302808534306,0
2023-02-28 15:00:00,STATION-06,food_processing,7.067975957288835,3.566096838391716,7.955756088186604,12.150299190899814,103.78702945916766,4.118823552186321,0
2023-02-28 16:00:00,STATION-05,textile,7.210583791419991,31.61564543353963,6.112506794138916,20.56865144208939,860.1739632043581,24.174276488870856,1
2023-02-28 17:00:00,STATION-09,textile,7.561400724725099,23.848285558506056,7.520704503863465,21.517960520563815,619.8558357265904,10.304354996609815,0
2023-02-28 18:00:00,STATION-08,textile,7.239954730973328,20.355602724339015,7.3256331525053415,22.739470436203792,443.04378903808004,11.044867251214487,0
2023-02-28 19:00:00,STATION-08,chemical,5.527807007978737,13.567973945660196,8.525153789489005,17.20519961795394,244.48279868511923,13.975101137714214,0
2023-02-28 20:00:00,STATION-04,textile,7.633721989896491,18.425097956302224,6.343487669122875,20.12214984865961,489.2194252525302,7.194768075187367,0
2023-02-28 21:00:00,STATION-06,textile,7.428104062096872,24.743146051615625,7.215880503925143,21.142686736272978,441.13914433632885,9.229946846775915,0
2023-02-28 22:00:00,STATION-01,textile,6.016723726128245,40.87055318889845,4.675028470545796,24.556104238385533,677.3262276492917,14.158216062974464,1
2023-02-28 23:00:00,STATION-04,food_processing,6.801774954283392,3.2054594838464103,8.370300369748755,15.218141394712125,150.62763615551424,6.640918030375267,0
2023-03-01 00:00:00,STATION-03,food_processing,6.977610187162654,5.0002670928909145,8.354366775827966,17.796282219397042,108.77669755936279,3.7994531583621747,0
2023-03-01 01:00:00,STATION-05,chemical,5.466975487332142,8.879162673959579,7.185796208072651,22.072883479711322,387.2672509401234,11.987778291299678,0
2023-03-01 02:00:00,STATION-10,food_processing,6.558179085275612,8.662239326986592,7.556133224800038,19.12621623177835,198.26113144865514,4.809766256520568,0
2023-03-01 03:00:00,STATION-07,food_processing,6.734259474972805,10.326137882309942,8.315931258862015,18.27472364844982,167.03080623377244,3.5205572681413475,0
2023-03-01 04:00:00,STATION-03,textile,7.532943453994006,22.2030208654158,6.108764237072454,28.03787162958998,426.6701517256498,10.599813527100359,0
2023-03-01 05:00:00,STATION-06,chemical,6.040766465422511,16.546983827142537,5.832611619836921,20.252782662675237,356.38189594805414,24.655806584136233,1
2023-03-01 06:00:00,STATION-07,chemical,3.8739284440588593,29.64681796490989,5.172934185814898,21.938532588811714,635.2802823897719,24.464612094702392,1
2023-03-01 07:00:00,STATION-04,food_processing,6.273973328668298,0.9081605850126371,8.813167851107838,18.069315750941126,229.30414958606002,4.721740402715419,0
2023-03-01 08:00:00,STATION-09,textile,8.471089061860214,51.91707891705721,4.575501353544492,27.761532562661113,757.3384755056497,22.19470464871871,1
2023-03-01 09:00:00,STATION-06,food_processing,6.805576208300002,4.594189830301249,7.909581940630193,15.923704376508336,101.79409804908389,5.932359158629126,0
2023-03-01 10:00:00,STATION-08,textile,7.874869273976028,20.844570815278782,6.009570971481491,29.83814851476607,532.1287424969727,9.996029303130845,0
2023-03-01 11:00:00,STATION-08,food_processing,6.892776659940479,6.582819544667773,8.821408833924234,16.470769220055306,251.80091060855761,5.808533363967561,0
2023-03-01 12:00:00,STATION-03,textile,7.516846741145212,20.812442470643045,6.835749764250124,28.67317367215636,510.8464342708493,9.051827060590456,0
2023-03-01 13:00:00,STATION-06,food_processing,6.708818515965068,5.940618744817006,8.20905604814654,17.53643936014432,198.97588004435983,3.7363340676039436,0
2023-03-01 14:00:00,STATION-03,chemical,6.186406236325065,14.051070174066705,6.224211534731879,21.422521313771206,555.0360190593545,31.752101047025196,1
2023-03-01 15:00:00,STATION-09,food_processing,7.084763769388882,9.232110209565969,8.739142294692245,17.54334101860761,103.92586141594721,4.196586627111357,0
2023-03-01 16:00:00,STATION-03,textile,8.022981839917266,24.297629830981485,6.5086730090167775,28.78219070396133,437.9317908209715,8.886548323549214,0
2023-03-01 17:00:00,STATION-01,food_processing,6.588221961376942,7.8734277664957455,8.119100327031006,18.002464761099706,122.90779553100617,5.468260428277294,0
2023-03-01 18:00:00,STATION-01,food_processing,6.8434643254962095,5.815819260158268,7.298651685685145,17.99545664320655,121.88394640056543,6.664746143360047,0
2023-03-01 19:00:00,STATION-01,chemical,5.75956928830731,10.391843192737914,7.381654587751247,23.124124484954113,227.27692327985153,17.66202801238118,0
2023-03-01 20:00:00,STATION-07,chemical,6.6754152474330555,22.13953100100496,6.07676096957435,20.92473589853914,535.6128726108765,53.75536734608195,1
2023-03-01 21:00:00,STATION-04,chemical,6.214596802149969,1.2712702544572285,6.121459239727006,21.6892105170278,595.7372048289304,26.83164363838454,1
2023-03-01 22:00:00,STATION-03,chemical,5.786322930454918,7.8159280155406705,7.610509630189969,22.280232781473195,277.1377397429454,14.028296162425324,0
2023-03-01 23:00:00,STATION-04,chemical,4.072875238765816,15.52614056135957,6.46866731714255,21.62685572705376,490.23898037424476,32.51976829958468,1
2023-03-02 00:00:00,STATION-08,food_processing,6.91711575395458,6.86925720054755,7.939412264311974,18.0178784325084,189.34311199211308,6.2329066973685014,0
2023-03-02 01:00:00,STATION-01,textile,7.49359738896732,17.427297711835678,6.15939118820391,28.88016038406754,512.8537599337465,8.74922696124099,0
2023-03-02 02:00:00,STATION-10,food_processing,6.69920097832729,2.3009602697071925,8.216952076529802,16.58546768205597,134.6285854541717,5.364928197958091,0
2023-03-02 03:00:00,STATION-08,textile,7.57845606591582,19.272162860557856,6.733839188653554,28.053205432448898,461.89549083416165,8.727206628595109,0
2023-03-02 04:00:00,STATION-01,chemical,7.136928113899331,17.799613396747596,5.679456401136404,20.463426154310245,336.3023030493384,32.84974412887129,1
2023-03-02 05:00:00,STATION-09,food_processing,6.693829278504551,0.8635738016593173,8.051548016254902,19.69577193062744,79.71563150910436,3.863584575667576,0
2023-03-02 06:00:00,STATION-01,textile,7.714824702046821,21.190790984016846,5.697953999155718,27.09131655888965,506.5753477226423,9.237405418949791,0
2023-03-02 07:00:00,STATION-09,chemical,5.942240514851245,9.614762251506079,8.599470954891599,21.57435150007014,254.24126548133412,16.398261565861326,0
2023-03-02 08:00:00,STATION-05,food_processing,6.75121544847041,5.771827745272624,8.027985126789378,16.467325543152885,134.6167600408209,2.978315374729159,0
2023-03-02 09:00:00,STATION-05,food_processing,6.865370349561465,0.5503363733114508,7.625792829162808,17.43290102699721,152.6930483657917,6.230832410407008,0
2023-03-02 10:00:00,STATION-09,chemical,5.456824040254416,7.382211909359008,7.164992046088517,23.421237765921532,285.14412131509545,14.525293436025175,0
2023-03-02 11:00:00,STATION-07,food_processing,7.80905036420739,4.206576868059583,5.8276884968606435,17.906111494111492,0.0,6.346654269983427,1
2023-03-02 12:00:00,STATION-02,chemical,5.380925514307017,10.29133123126949,6.788979782746866,21.951377514746728,278.53912738639815,14.396027762769698,0
2023-03-02 13:00:00,STATION-09,chemical,3.800023130370953,13.309012887701465,6.55610526027774,20.84621625947947,697.0406771251018,26.262260561841575,1
2023-03-02 14:00:00,STATION-04,chemical,5.8511347860464635,7.226200774197308,6.636339593660722,20.465940116778537,283.8004481234414,17.653180888047984,0
2023-03-02 15:00:00,STATION-10,chemical,5.80849034255988,14.427493058010171,6.802054178850648,20.71269780151969,515.7573184250297,35.9969405225029,1
2023-03-02 16:00:00,STATION-05,food_processing,6.739461953609927,2.0123242223765088,7.08898407486454,17.635835629665593,157.2373523583706,4.1733772882685285,0
2023-03-02 17:00:00,STATION-05,textile,6.6683965741836095,46.230897457969775,3.825858080217477,26.62471845343132,805.0109435125651,18.72514841887613,1
2023-03-02 18:00:00,STATION-02,textile,7.566077098924315,14.656582999321467,6.341237503066723,29.13003994628947,488.7545534075696,10.59421537651117,0
2023-03-02 19:00:00,STATION-07,textile,7.552971901811224,23.473025480842182,6.433127958846933,27.49377067209307,541.3893474346573,10.338636014627129,0
2023-03-02 20:00:00,STATION-10,textile,6.783674511516143,38.2254464446251,5.909636581427988,26.38598056705606,853.1711666340993,29.07644184289666,1
2023-03-02 21:00:00,STATION-04,chemical,6.181531031266197,14.850999052807355,6.02888833043243,23.335382697700126,567.2617637055334,29.69842366900275,1
2023-03-02 22:00:00,STATION-02,textile,7.260338384983359,23.923162075909595,6.612786748614287,26.42752458620656,487.80853747392143,9.068767679705365,0
2023-03-02 23:00:00,STATION-01,food_processing,7.026525464738602,9.05735113127705,8.198409063490562,16.6240648493393,17.894877072223267,6.197958891572959,0
2023-03-03 00:00:00,STATION-07,chemical,5.426056594952796,6.690319705331414,7.4737947837072705,22.46487130584671,322.8096318707154,14.16173704960781,0
2023-03-03 01:00:00,STATION-07,textile,7.535257551779962,19.61051605746142,5.236035210703445,27.366397751214944,421.59419304327224,7.993352610705278,0
2023-03-03 02:00:00,STATION-08,food_processing,6.439851385315027,5.65032439007843,8.884711453007302,20.375118146274932,160.10862484940367,3.134629111190206,0
2023-03-03 03:00:00,STATION-01,chemical,5.397875682212125,8.025131828121687,7.3621346693588725,21.66239624932352,219.6864050527208,15.123276528101634,0
2023-03-03 04:00:00,STATION-03,food_processing,6.757055826279827,2.060633984006391,8.59932573656659,18.039313012302753,139.57005009833173,2.5355231597203676,0
2023-03-03 05:00:00,STATION-08,chemical,5.49418907275491,10.299646762863661,7.185320448635102,21.120467986684652,316.0307363592509,12.941771927820032,0
2023-03-03 06:00:00,STATION-06,textile,7.607438829196326,19.13808385297967,7.451733804312778,27.657949015899497,452.4505440566938,9.682843607082852,0
2023-03-03 07:00:00,STATION-02,food_processing,6.930956217154283,3.4689045348288627,7.391261573568947,16.84531933649507,51.47833980982912,6.06222883718596,0
2023-03-03 08:00:00,STATION-01,food_processing,6.584474368580084,0.5707106062674638,7.883055903948018,18.526218647952323,92.64780479006346,5.145422871385592,0
2023-03-03 09:00:00,STATION-04,chemical,5.26192677275248,7.197529413274021,6.3430376498812935,21.498920530392468,354.1372912644709,14.01168978316659,0
2023-03-03 10:00:00,STATION-10,food_processing,6.675343838481063,2.7159241002278707,8.748871939066815,15.797774550926334,107.16689725192055,6.372067570727396,0
2023-03-03 11:00:00,STATION-05,textile,7.590038794462287,17.172594269235304,7.08503549519329,29.03663858459101,459.76942718340115,7.938259038038455,0
2023-03-03 12:00:00,STATION-02,chemical,5.528287463843831,8.175197275862505,6.562346809780139,21.569715278185058,311.27998252790866,12.920839084468572,0
2023-03-03 13:00:00,STATION-05,food_processing,6.7018954993814654,5.548187256632923,7.485205548496483,18.462649896245633,203.9211263211294,3.6046548930581324,0
2023-03-03 14:00:00,STATION-10,food_processing,6.734772978059008,4.770906501704851,7.170974141582402,18.17465818745362,96.92850503052833,5.693263434125317,0
2023-03-03 15:00:00,STATION-01,food_processing,6.4636864395273115,3.3222235403907536,7.562750023745609,18.08388434784458,92.7563637183077,5.528168100072749,0
2023-03-03 16:00:00,STATION-06,chemical,5.332493585112102,14.73508920671049,7.2769290981751595,20.03450162799465,257.6987692233599,15.180190148866863,0
2023-03-03 17:00:00,STATION-04,chemical,5.553067233071031,7.3566532503986775,7.348796525944127,20.644876600295028,274.30549355295204,15.731676968628323,0
2023-03-03 18:00:00,STATION-03,food_processing,6.8669952180457745,8.449111348903465,7.978009635114525,16.16040450741379,212.46147668600597,4.381839990959592,0
2023-03-03 19:00:00,STATION-07,food_processing,6.4224163473613665,15.036593035163198,5.004036339074053,17.87249154095184,196.39802640424386,16.068915120015205,1
2023-03-03 20:00:00,STATION-05,chemical,4.303179337202776,16.232073213839914,5.471577945031655,21.431087402052075,527.7156217880621,28.639561726662567,1
2023-03-03 21:00:00,STATION-10,chemical,5.503357632748343,4.650652939319353,6.441980642400121,23.158169964879974,238.0257705948485,12.67640397021583,0
2023-03-03 22:00:00,STATION-10,chemical,5.3161838876712295,15.078730135383138,6.866578363950863,20.900493013351504,291.6212581127893,14.305978067423144,0
2023-03-03 23:00:00,STATION-09,textile,7.580030592777342,20.36776569679773,7.883233042209479,27.76268192893344,545.5562922022176,10.4209223154276,0
2023-03-04 00:00:00,STATION-07,textile,7.341652638668056,15.874437748675192,5.94611027595801,28.370222186189164,517.1953781245063,10.66937614608978,0
2023-03-04 01:00:00,STATION-03,food_processing,6.970823466907044,5.517488297096996,7.748153362870782,18.502644348753012,190.65009043583984,5.560727838145769,0
2023-03-04 02:00:00,STATION-02,food_processing,6.776614791644268,4.938734660551331,8.037842935182985,17.936884308670226,174.21129538764475,7.387108717583356,0
2023-03-04 03:00:00,STATION-06,food_processing,6.983827331591356,22.518085314995044,7.235566935441575,17.179659677256904,157.17437143894222,11.12492110663339,1
2023-03-04 04:00:00,STATION-02,chemical,5.32296021019921,11.25389282754849,7.642611808460898,22.058479423058298,299.498707400661,15.863867501869764,0
2023-03-04 05:00:00,STATION-04,textile,7.341159123680063,23.24852599224111,7.128639450567205,28.78929437794404,518.8311492339747,11.627476802625939,0
2023-03-04 06:00:00,STATION-06,chemical,5.576013779015841,13.999348866775648,7.290042083784272,22.10918772630536,255.38885223389974,14.159787532218186,0
2023-03-04 07:00:00,STATION-10,food_processing,6.581179391430003,9.463350791496033,8.91249245810841,18.097389275170176,200.4742526740459,3.754618815879089,0
2023-03-04 08:00:00,STATION-07,food_processing,6.911383230552813,6.619589583429823,8.368007721571647,19.21661545879861,112.92009967368008,5.493562681716389,0
2023-03-04 09:00:00,STATION-01,textile,7.458725514334194,21.429638927716,6.175171224795932,29.458616847297016,434.1590691686247,9.530128322017305,0
2023-03-04 10:00:00,STATION-05,food_processing,6.803689715744041,8.830264444738997,8.426588079142007,17.549048739976566,137.96302294231498,4.084812438487901,0
2023-03-04 11:00:00,STATION-08,textile,7.614030539989943,20.32729413335596,6.605849379734906,27.6530701951418,537.9398115749079,10.282953556119647,0
2023-03-04 12:00:00,STATION-06,chemical,3.9568867530824257,15.929972985298635,6.475870129509927,22.4500134504595,497.4683721556091,34.40144485930091,1
2023-03-04 13:00:00,STATION-07,food_processing,6.958594176995678,0.0,7.60373566335349,19.752708442416615,219.46725604025272,5.9586835364800645,0
2023-03-04 14:00:00,STATION-03,textile,7.70808755293184,23.110830230752853,6.762487114057094,28.745277116102113,457.62514021449147,11.792038697585546,0
2023-03-04 15:00:00,STATION-10,food_processing,6.557882966972029,7.927167939504779,7.971292972536249,16.89879266290307,155.04290499521903,3.0897060118422655,0
2023-03-04 16:00:00,STATION-07,food_processing,6.665853818796519,0.784185658323918,7.747894952349824,16.874283458801774,95.93467718018806,4.069360690619821,0
2023-03-04 17:00:00,STATION-10,chemical,5.192719873324091,31.426457439759798,5.685775487547293,22.660971063966823,427.2872491010069,24.73519129748295,1
2023-03-04 18:00:00,STATION-04,textile,7.516273988790747,16.042665634027948,7.121544303798946,28.066764121472886,553.3216793932162,9.862457226575764,0
2023-03-04 19:00:00,STATION-02,food_processing,6.754982866129157,0.0,7.664703674043832,17.699274367816248,132.1798829874404,3.2652217992506265,0
2023-03-04 20:00:00,STATION-05,chemical,5.732571260663268,9.619943040523845,6.079794151739401,22.17697776408548,335.78511703295237,16.2631742192479,0
2023-03-04 21:00:00,STATION-07,chemical,5.887220560060503,1.375552200633873,6.473272711095121,22.42435110921802,324.30225341339104,13.76278255570402,0
2023-03-04 22:00:00,STATION-03,food_processing,6.516056523364714,1.261715990354583,8.260316709127263,16.784363870401318,129.42865556868657,4.468086476273907,0
2023-03-04 23:00:00,STATION-07,food_processing,6.852624545316119,5.605871809587782,8.090064721902905,17.241723597076994,146.3902231701647,5.0639138356400535,0
2023-03-05 00:00:00,STATION-06,textile,7.293373883308382,18.81597528458319,7.532597619044161,26.68820714046677,432.5581839791594,8.904429809903107,0
2023-03-05 01:00:00,STATION-02,chemical,5.439333449345502,9.074506208491401,6.882729300424695,22.098267060110487,340.73142568081585,16.610954312156608,0
2023-03-05 02:00:00,STATION-05,chemical,5.472669223178171,10.140157734352611,7.073499704231293,23.40749837394833,257.63259428260926,14.925728682401395,0
2023-03-05 03:00:00,STATION-06,textile,7.491028762236938,20.18685862547184,5.5533938483895975,28.206609127722786,470.9175327983884,8.093281935161391,0
2023-03-05 04:00:00,STATION-02,textile,6.9410688431228165,45.342617365275544,4.848133650071073,28.28699519308762,1166.7074105745874,17.330484245856436,1
2023-03-05 05:00:00,STATION-02,chemical,4.259879389474263,14.071968233884823,6.77751172288103,21.751333107892638,499.4826022007153,47.403323325495975,1
2023-03-05 06:00:00,STATION-07,chemical,5.965182343343063,11.497002691890831,6.729687255717389,20.54235264301527,267.36863364660746,15.106793428109246,0
2023-03-05 07:00:00,STATION-09,textile,7.555729413686155,18.784996536808986,6.1809527661629895,26.08327839299337,450.7011158290376,8.18274416333816,0
2023-03-05 08:00:00,STATION-09,food_processing,6.736902303616261,0.922170360781962,8.756609360724692,15.431970852693935,120.27708126013425,4.864565036975037,0
2023-03-05 09:00:00,STATION-02,textile,7.483686775913883,27.419047411770425,6.872819601850329,27.407780836085298,554.3996883485886,11.962216140259073,0
2023-03-05 10:00:00,STATION-02,chemical,5.814050174722374,10.431962077934715,7.175170517225734,22.248871076766456,208.92915183160878,16.188601698585604,0
2023-03-05 11:00:00,STATION-09,textile,6.521125753164964,31.760327884682333,5.113300082371159,26.456252479553704,988.5822128507562,27.041781396778184,1
2023-03-05 12:00:00,STATION-10,chemical,5.719458896654024,7.608121951226819,6.727220904712578,21.82167244320401,250.56566349680907,16.45526644771305,0
2023-03-05 13:00:00,STATION-06,food_processing,6.5522562721964785,5.208578780922138,6.206959003606895,16.60093245929347,294.32636453701366,16.06272418764777,1
2023-03-05 14:00:00,STATION-01,textile,7.510961971964661,23.996242177783614,5.676882846082599,27.86488920366952,532.3917336547784,11.911961734293095,0
2023-03-05 15:00:00,STATION-07,textile,7.080700278395352,47.99373102009412,6.346842148465565,27.538409000854063,770.473279872748,11.53109977405532,1
2023-03-05 16:00:00,STATION-02,textile,7.494527901991105,21.304953806395382,6.490180518752479,29.276797189694477,445.8910391884407,9.541529675730448,0
2023-03-05 17:00:00,STATION-09,food_processing,6.849637318895339,5.631108139961348,7.237586008358039,17.70356399325197,183.26088720424644,5.014005076814702,0
2023-03-05 18:00:00,STATION-10,chemical,6.738598631683953,27.27525930897683,5.487182060795254,24.552709054150153,496.8490887115408,35.490506530703186,1
2023-03-05 19:00:00,STATION-03,food_processing,6.905334887836157,2.9549288986061364,6.477290886396555,16.57606773138994,233.1566767265503,9.433627256112763,1
2023-03-05 20:00:00,STATION-07,food_processing,6.778185010204956,5.576512743985408,7.317804313145345,17.670971303196666,135.70801452216844,2.5849508090883777,0
2023-03-05 21:00:00,STATION-03,chemical,7.051412954140962,21.700481462660594,5.661001401837149,22.79617285898835,562.8158046428398,29.89304801191747,1
2023-03-05 22:00:00,STATION-05,textile,7.546725270248863,20.02564998010641,6.9929946650292605,27.099329019948026,505.8614665834362,8.970929714260865,0
2023-03-05 23:00:00,STATION-08,textile,7.161380201942921,20.479794730177687,6.946448663491711,28.20514670890842,530.290540056856,10.587756624895736,0
2023-03-06 00:00:00,STATION-02,chemical,5.441473860477456,9.066551708561931,7.230878902461606,23.03239289151069,281.17551086811187,15.370735656116558,0
2023-03-06 01:00:00,STATION-07,chemical,5.674787650837201,5.382356557422859,6.2893111283625025,24.01736273722564,283.92197166843937,17.311944974121044,0
2023-03-06 02:00:00,STATION-07,textile,7.17157295007341,26.46259470007081,7.140493839586311,27.801792581900333,554.2761634393236,11.72738755948547,0
2023-03-06 03:00:00,STATION-08,textile,7.514505610527194,18.944035662478832,6.272521376088029,27.157002629272863,555.3651829551957,13.158382055262255,0
2023-03-06 04:00:00,STATION-06,chemical,5.447703077352515,10.209068137183271,7.551843335475747,21.152098194225196,259.79862394359543,14.247141756147848,0
2023-03-06 05:00:00,STATION-04,textile,8.519808765055078,27.647354166637513,5.090778527337898,28.101651248921307,736.367625444313,17.574676771977174,1
2023-03-06 06:00:00,STATION-08,food_processing,6.848719198408935,3.7667915813395454,7.957234799025964,17.65231316484452,110.79677812610846,5.145494265707349,0
2023-03-06 07:00:00,STATION-10,food_processing,6.619950004419698,5.784357965241361,7.916895043209465,18.05808640659177,271.0523518143409,5.4015488007636465,0
2023-03-06 08:00:00,STATION-08,chemical,5.186456012818204,17.594973250024612,6.294605603321485,21.72491510476246,517.8847003313715,27.95982998417757,1
2023-03-06 09:00:00,STATION-03,chemical,5.812115054037625,11.571894430822134,7.941324511326357,22.196979805465244,295.14272024983944,16.126434457483775,0
2023-03-06 10:00:00,STATION-01,textile,7.80875734623671,18.05516787776869,6.793837768981426,27.988535578339864,459.1870094471486,10.003772974688637,0
2023-03-06 11:00:00,STATION-06,textile,7.4621194664387005,15.536630209074945,6.581481060662493,28.413840934141835,476.8617307666634,10.84871735813024,0
2023-03-06 12:00:00,STATION-07,food_processing,6.680721590043312,8.916218590382798,7.824983640238111,18.15582506964021,110.43239664622904,2.9325473959203774,0
2023-03-06 13:00:00,STATION-08,textile,7.6267905866419055,20.47757041066016,6.616018537840351,28.649718831405654,516.8198132814437,10.029625634589042,0
2023-03-06 14:00:00,STATION-07,textile,7.51128297240517,19.567124890687897,6.8768904093674985,29.094452751305546,410.67360208075775,8.774795101254456,0
2023-03-06 15:00:00,STATION-10,food_processing,7.104024563370265,5.301377812498685,7.800227443541493,18.918276121392324,136.95849438791882,3.1021999474707895,0
2023-03-06 16:00:00,STATION-05,chemical,5.278556499901519,9.563873206317519,6.437022447157914,20.70712977098925,339.48238373945924,14.548123240618162,0
2023-03-06 17:00:00,STATION-10,textile,7.55653175804598,22.512430438717438,6.033288731099667,27.578182393933155,430.13067014682633,9.80663758589875,0
2023-03-06 18:00:00,STATION-04,food_processing,6.551848811180496,5.546893347013956,7.621109716342519,18.060236172935014,77.37441414965402,2.9183696574496114,0
2023-03-06 19:00:00,STATION-06,textile,7.729962320773072,20.88427658616591,6.394250126951573,27.368205327072907,367.24188777271513,10.042706186664141,0
2023-03-06 20:00:00,STATION-07,chemical,5.572945827458541,9.839194876418617,6.4388679563929845,21.874290540281276,311.73100825448273,12.315488966417819,0
2023-03-06 21:00:00,STATION-05,textile,7.713364586037503,22.581180766911725,6.324828762038081,28.743501602429575,641.1558705633572,10.688484848911044,0
2023-03-06 22:00:00,STATION-08,food_processing,6.980271716549378,6.462167057427046,8.337659328996555,17.47224422209068,45.82214226969796,6.129081957291489,0
2023-03-06 23:00:00,STATION-04,food_processing,7.04917883645417,5.769705510443574,7.718248860427575,17.796109041133384,178.60600757906516,1.9497101315480663,0
2023-03-07 00:00:00,STATION-07,textile,7.250238264137808,37.32882229942754,5.772712489324532,28.366047797499178,1021.068778814634,16.069178873781514,1
2023-03-07 01:00:00,STATION-07,textile,7.512668630738969,19.453018962296063,6.269954539928058,25.0256004372423,486.65178924582557,11.398179287883016,0
2023-03-07 02:00:00,STATION-02,textile,7.737737730321874,17.194927177665353,7.0621750806993475,26.851530025624992,422.74345474441793,9.916010512452896,0
2023-03-07 03:00:00,STATION-04,food_processing,7.228788387647226,0.0,7.709092442360429,17.428324934714837,172.7775173702389,3.9724688470408354,0
2023-03-07 04:00:00,STATION-09,food_processing,7.081379514197176,2.3257535972756673,8.812013715673679,20.27653969344277,131.57182248368844,5.281883890872728,0
2023-03-07 05:00:00,STATION-09,chemical,6.573410324508011,14.93109715656597,6.510169479859584,21.58292619784593,471.3860147288423,35.956368492819315,1
2023-03-07 06:00:00,STATION-08,chemical,5.778109250737869,10.266708508646298,7.479135202002662,22.38848693279917,261.19428549013753,13.829783123784019,0
2023-03-07 07:00:00,STATION-04,food_processing,6.537740952991296,5.094634035813294,8.277542124798028,17.962004396912334,90.65567626696438,5.2527481921484345,0
2023-03-07 08:00:00,STATION-05,textile,7.915499966382457,16.468785483049274,6.725526341021813,29.38173406365581,475.8426712519443,11.920193903457413,0
2023-03-07 09:00:00,STATION-02,food_processing,6.45730531162954,7.167808089830046,8.143999877736906,17.227783294223077,170.14739299571767,4.4832241419502505,0
2023-03-07 10:00:00,STATION-08,textile,8.101325230302969,33.49598416201851,5.496379606879581,28.40452747484571,879.7282277154097,16.60647575928501,1
2023-03-07 11:00:00,STATION-05,chemical,5.341897058694743,11.752584832528083,6.894042570044542,21.854485070522784,199.58107815553421,15.162017706801477,0
2023-03-07 12:00:00,STATION-05,chemical,3.5668590785524845,10.42888748232905,6.792299245822511,22.12018384275976,558.0355390033689,35.67932345750956,1
2023-03-07 13:00:00,STATION-03,food_processing,6.428661951362323,4.266927032114585,7.634032492060868,17.51481131883286,93.57881587273344,6.9081018300158075,0
2023-03-07 14:00:00,STATION-07,food_processing,6.826797460371593,3.4237410183130033,7.44822023451205,16.701568030903474,118.98402837391698,4.124526497189628,0
2023-03-07 15:00:00,STATION-02,textile,8.577784891256847,37.29924636474343,3.4130463189241675,28.23531222634899,760.77826265955,24.77933395587768,1
2023-03-07 16:00:00,STATION-10,textile,7.113538808728166,21.780371213956045,6.357563083481265,28.920089514331828,575.0287322177478,7.788357807996898,0
2023-03-07 17:00:00,STATION-10,textile,8.411945921148833,33.70765627346469,5.031099881515123,28.299465523854,882.6202159475287,24.262816256037446,1
2023-03-07 18:00:00,STATION-09,textile,7.1985530879937105,20.130731989491835,7.399498888422374,28.085352217618347,410.2498443648325,9.999205729741202,0
2023-03-07 19:00:00,STATION-07,food_processing,5.82541460623908,4.981206589591244,5.13153128891212,19.288117217831036,113.5299338008685,12.576808966718787,1
2023-03-07 20:00:00,STATION-01,food_processing,6.694295548719031,5.257299331843515,8.533741608132306,17.951834817709628,156.4233097895387,3.407320865094302,0
2023-03-07 21:00:00,STATION-09,textile,7.089873445928692,18.79893689272858,6.033269820996744,27.876853594906375,462.3950823834016,9.790895875691703,0
2023-03-07 22:00:00,STATION-02,food_processing,7.579723903102635,5.225125666790539,6.427411051316323,18.99245827600649,311.9770902148605,6.177234647825187,1
2023-03-07 23:00:00,STATION-04,chemical,5.454071951240432,8.724573592048683,7.474778899522416,21.144087553808088,268.7327103614239,16.847892486311807,0
2023-03-08 00:00:00,STATION-06,food_processing,6.6252054878708515,6.054877997070048,7.563203032766204,18.65959741059429,146.4278628002833,6.233810375242543,0
2023-03-08 01:00:00,STATION-10,chemical,5.877559648991084,11.601328821575521,7.012220320833758,22.348976556669058,301.202885153159,14.443943095668866,0
2023-03-08 02:00:00,STATION-10,chemical,5.567027989856491,7.285599748783822,7.5070866311241495,21.142582553648445,304.9504811351172,14.566887375120917,0
2023-03-08 03:00:00,STATION-07,food_processing,6.4327836928934,2.359436152591348,8.10576626970776,19.3400566147463,120.59681229396445,6.909231205593633,0
2023-03-08 04:00:00,STATION-07,textile,7.871243313479057,21.006424106582884,6.52849562583125,29.313886525968435,586.5253418676427,9.668161524023382,0
2023-03-08 05:00:00,STATION-01,chemical,5.727118663880216,18.405384518546523,6.115520791051516,22.37712344127022,361.69364879352986,28.393623584131166,1
2023-03-08 06:00:00,STATION-05,chemical,5.512135819407414,10.399472739049152,8.096001972148215,22.907007624329996,278.47400844056995,15.551012162165524,0
2023-03-08 07:00:00,STATION-09,chemical,5.83883979491616,10.553956622892581,6.803156608038265,22.133503222206734,306.97361679250196,13.162532866112775,0
2023-03-08 08:00:00,STATION-09,food_processing,7.044076538005387,2.5314966274288517,8.008052536568632,18.378809605357944,148.06739108044573,3.994668360089082,0
2023-03-08 09:00:00,STATION-10,food_processing,7.039730317970378,9.278234366638046,8.00637168260203,17.041368274329315,182.42144654070222,4.455744199049769,0
2023-03-08 10:00:00,STATION-10,food_processing,6.873440584310497,5.75483675930107,8.450638369779837,17.17572525964915,184.66359222960926,7.892499416700659,0
2023-03-08 11:00:00,STATION-08,chemical,5.60946311182426,5.943507828846782,7.123651444548227,22.186478717724746,290.79610596263416,16.14492381971342,0
2023-03-08 12:00:00,STATION-07,textile,7.35337075038723,22.38714867615756,5.789803071723055,29.29596437902857,403.6028461020718,7.907846409534997,0
2023-03-08 13:00:00,STATION-10,textile,7.594543925473755,15.846781605172943,5.9071063931911665,28.158722250562487,486.3905550284358,9.336358637830568,0
2023-03-08 14:00:00,STATION-09,food_processing,6.707508412393116,5.465444384679293,8.193399777212264,18.30705290704565,174.97412636444994,5.277554071047958,0
2023-03-08 15:00:00,STATION-06,chemical,6.376006871796624,18.698504391929266,6.576592834307066,22.18396926663383,522.7432668398476,31.03502479194672,1
2023-03-08 16:00:00,STATION-08,chemical,5.37412509354455,12.72015828862055,7.473855878295934,22.53431412827198,336.10355962704995,13.607414014816412,0
2023-03-08 17:00:00,STATION-05,chemical,3.9972552232616727,16.59295158138432,5.438961101686276,21.768420721061943,607.2068600162262,32.9982731682747,1
2023-03-08 18:00:00,STATION-02,textile,7.345633289470654,14.690610469636628,6.050394876327087,28.714627889589554,424.8886291710382,9.589461637336955,0
2023-03-08 19:00:00,STATION-03,chemical,5.517992082309642,12.030718794693456,6.188915181894759,21.60544850611705,330.4007717806428,16.859584446532764,0
2023-03-08 20:00:00,STATION-05,textile,7.495460094012555,17.924339626959302,6.4088245712376795,27.902173567963903,559.1969561945917,10.306828642129382,0
2023-03-08 21:00:00,STATION-08,textile,7.48765853042523,14.831650635636985,6.3277664114625916,26.970112023824903,572.4310942281961,8.304150314865478,0
2023-03-08 22:00:00,STATION-09,chemical,5.073970328369775,10.280097583929376,6.667542585980323,22.17857709444821,309.0025235701187,15.657188238661421,0
2023-03-08 23:00:00,STATION-06,textile,7.566370745355982,19.31617557357945,6.066202898781446,26.940512071642065,491.1209965099136,11.795703133790731,0
2023-03-09 00:00:00,STATION-02,textile,7.615711651756836,20.726189244139213,6.217834362477218,26.77368116070273,471.649152245922,8.982978312219279,0
2023-03-09 01:00:00,STATION-08,textile,7.597073235509109,22.05656577941847,5.834451490480409,26.59091340946651,435.9209745542297,12.59698661638193,0
2023-03-09 02:00:00,STATION-02,textile,7.54518853881781,17.3817276246591,6.09425875650999,28.157907911519874,490.96265959425534,8.092455168550462,0
2023-03-09 03:00:00,STATION-01,textile,8.847549101714272,34.62525566358091,4.604663564807572,27.066812934376554,748.0405845067313,21.06041356984708,1
2023-03-09 04:00:00,STATION-02,food_processing,6.53131998362303,7.038062535098961,7.766949501654597,17.335024512512046,210.6666991471309,6.100534597104553,0
2023-03-09 05:00:00,STATION-06,chemical,5.447723753736665,12.105894880504291,4.459939506821111,22.774760735395134,589.1651804647141,23.10254235681055,1
2023-03-09 06:00:00,STATION-02,food_processing,6.9862881818636735,1.787149284125197,7.965251522606754,17.77598547647839,256.6665365216097,3.1114511890201637,0
2023-03-09 07:00:00,STATION-03,food_processing,6.85202708152027,5.483400055354625,7.776082668952522,18.495273999585496,132.10976049417442,4.115720149601684,0
2023-03-09 08:00:00,STATION-04,food_processing,6.97981870132451,8.271523282467289,8.290163722972508,17.97556376513368,147.022934683489,5.086138662169528,0
2023-03-09 09:00:00,STATION-03,food_processing,6.505897905212575,5.437996275692461,8.857710548899616,17.513736284638597,176.41601616394382,4.599381664852511,0
2023-03-09 10:00:00,STATION-03,food_processing,6.758689582559085,4.338150989916836,8.270992087502798,16.560631724481194,140.94372753739057,6.217646670241624,0
2023-03-09 11:00:00,STATION-09,textile,8.334219827329832,51.61556002709382,5.694166810862756,26.40274197729434,713.6636456269099,19.611796007527065,1
2023-03-09 12:00:00,STATION-08,textile,7.518594508564496,21.286159018718443,6.2253976842873175,29.713674239168306,509.0617077189922,11.616160543379387,0
2023-03-09 13:00:00,STATION-07,chemical,5.5825713035995115,9.929880574012321,5.528056165658759,21.96780186859739,383.91350757466853,16.298044438990342,0
2023-03-09 14:00:00,STATION-03,food_processing,6.998990908749828,8.167785445060044,5.4375979885613095,17.1767197791677,176.34602341450443,10.89615623185664,1
2023-03-09 15:00:00,STATION-07,chemical,5.520933073110116,8.02132631907169,6.787134964725442,21.86848965323564,342.72759791665385,15.63972360634543,0
2023-03-09 16:00:00,STATION-01,textile,7.260968563844255,15.676006596482384,6.5376012049173635,28.067410269515257,512.7701555635709,9.556612025173512,0
2023-03-09 17:00:00,STATION-10,food_processing,6.883380247816768,1.3954091231092107,7.873367837243653,18.241711222383206,170.4921489133134,5.3852930643606856,0
2023-03-09 18:00:00,STATION-08,chemical,5.610168040089622,9.41011690488232,7.57420387374367,21.728074249761303,360.1086915715448,16.317227867885734,0
2023-03-09 19:00:00,STATION-07,food_processing,7.272027449931507,11.37223275853682,8.384149744329216,18.45843216898553,217.01936665133593,4.077075330853488,0
2023-03-09 20:00:00,STATION-01,textile,7.785394832732872,19.51002115455374,5.429373655884406,28.844474702963762,491.08335115754215,8.368962034414192,0
2023-03-09 21:00:00,STATION-04,food_processing,7.384728671520932,0.6816573898981035,8.277869150799702,17.782232312033265,189.94655435296193,7.576705260195798,0
2023-03-09 22:00:00,STATION-05,chemical,5.555196441483,6.906011937741556,7.086148359220495,22.17830760315855,304.9701263990884,12.98008294070721,0
2023-03-09 23:00:00,STATION-02,food_processing,6.782044150065759,4.77054268715939,8.811365415317825,17.205623860146154,115.20897261687196,6.329226429474909,0
2023-03-10 00:00:00,STATION-02,food_processing,6.9175921892826215,10.782193261981266,7.154693798461997,17.645704570895994,235.7740119840123,3.8276181766622055,0
2023-03-10 01:00:00,STATION-03,food_processing,7.066904980618391,2.809919336620816,8.300044777631301,18.552424581746912,243.37369863173083,6.286492242749104,0
2023-03-10 02:00:00,STATION-06,textile,7.577140497193713,17.320131846175236,6.388356462795863,30.118428511193976,402.2360834464752,9.350158342119615,0
2023-03-10 03:00:00,STATION-08,chemical,5.285117270177516,9.343701136631838,6.6821027276927865,21.73707275614439,283.7333032465728,16.12176779235654,0
2023-03-10 04:00:00,STATION-05,chemical,5.359804982382484,9.847972127301228,6.430267888425593,22.073221210466993,285.574765324637,15.188480211060666,0
2023-03-10 05:00:00,STATION-08,food_processing,6.7540071335193215,2.0601335090461355,7.525506080903337,18.57213825989651,137.43725183531598,6.015159192178965,0
2023-03-10 06:00:00,STATION-06,food_processing,6.744926838066846,4.139184694389384,9.117366618642997,18.163251626538205,124.43584381896272,7.31620700180997,0
2023-03-10 07:00:00,STATION-07,food_processing,6.750183147832597,12.805922234475311,8.159313283902625,17.833638025148126,173.21247868357918,3.7884200354760753,0
2023-03-10 08:00:00,STATION-07,food_processing,7.00511167114354,1.5714065816288945,7.876345747196223,17.42233061525487,217.5523652817156,2.4862373411153587,0
2023-03-10 09:00:00,STATION-02,food_processing,6.805545735877618,0.24583094536123618,8.367981601861388,18.416151557274198,140.05505351287013,6.944387619405212,0
2023-03-10 10:00:00,STATION-06,textile,7.504878613972568,16.99269358603876,5.859793493526518,27.180717893899686,470.9794319068429,9.846239933630974,0
2023-03-10 11:00:00,STATION-10,textile,7.433985287394436,18.88805023854881,7.011793323312503,27.243087775695507,535.2590162985041,7.171303968274644,0
2023-03-10 12:00:00,STATION-05,chemical,5.548730545002833,14.873316049874202,8.033881253256952,22.05793495856191,308.24118153529867,13.757609406608765,0
2023-03-10 13:00:00,STATION-10,food_processing,6.549784151986209,4.341529204775028,9.156033275601482,17.31981762846466,135.94204362970203,3.935564368858823,0
2023-03-10 14:00:00,STATION-03,chemical,5.728004422408656,8.543565440939169,6.062107941961422,21.10154114042256,243.57032276453577,16.495952622463555,0
2023-03-10 15:00:00,STATION-02,textile,7.513092275111661,25.87497881843455,6.48203019901935,28.68880788454947,499.1214119734167,12.803249759726587,0
2023-03-10 16:00:00,STATION-05,chemical,5.997396519569912,10.796864055512374,6.3529944980587825,21.715396712514863,410.51452609240926,35.100990370475174,1
2023-03-10 17:00:00,STATION-03,chemical,5.318789799946598,7.282612190317063,6.93973665277114,23.401865627633224,305.39145737204274,14.502521600103824,0
2023-03-10 18:00:00,STATION-03,textile,7.383824136981995,19.373301372212254,6.3362796862191475,26.181108604609147,453.46117274846176,11.055278145331062,0
2023-03-10 19:00:00,STATION-07,food_processing,7.023373771103927,7.582605705314511,6.782706892551122,19.40894810658196,172.2138203747666,14.34759814777659,1
2023-03-10 20:00:00,STATION-10,textile,7.117551468896233,19.388388075091424,7.505962681468427,28.27819002936237,573.5462226252654,11.74452862125802,0
2023-03-10 21:00:00,STATION-10,chemical,6.685976598080457,20.702517888141653,6.5062387097984535,22.721902783871176,600.9732514056511,38.6573145823833,1
2023-03-10 22:00:00,STATION-07,textile,7.531811499610819,18.64189256210243,6.106452069525353,27.923347080153196,523.5575406665045,9.186214180113495,0
2023-03-10 23:00:00,STATION-08,chemical,5.567887677063497,5.623808124091638,6.227100202000321,22.4350053778034,451.33257958475326,14.361181899550655,0
2023-03-11 00:00:00,STATION-09,food_processing,5.2421859360965115,4.986289099856838,6.833474146748777,19.340182566891215,215.10554694125574,12.969113088683336,1
2023-03-11 01:00:00,STATION-03,food_processing,6.880369489412963,5.7624362830708575,7.673151413108745,18.07958624483273,122.45127062405923,5.5863958277661965,0
2023-03-11 02:00:00,STATION-03,food_processing,6.777050251661954,0.8591528175381598,8.13648662206213,16.438663406497728,189.23156066916974,6.224389421880788,0
2023-03-11 03:00:00,STATION-05,textile,7.829242040091675,14.388628552813135,6.8291697312058055,27.72941889986378,462.6131602885836,10.82791152663606,0
2023-03-11 04:00:00,STATION-03,chemical,5.489393511117607,10.009473168215516,6.716359913044494,21.309918233399227,288.8230879222761,14.193685847155576,0
2023-03-11 05:00:00,STATION-08,textile,7.535057041728785,22.97874998060578,6.411856020172752,28.49065959541399,508.0881198117955,7.575201738843774,0
2023-03-11 06:00:00,STATION-01,food_processing,5.97390386132626,12.024111337052158,6.160548807295202,18.328242242359984,327.2905789660195,11.746287206682906,1
2023-03-11 07:00:00,STATION-01,textile,7.2895615597347305,15.352211726513868,7.492703180555762,27.239898558920753,467.17498751851116,6.807921296052937,0
2023-03-11 08:00:00,STATION-03,textile,7.490048395672779,20.01400668672815,7.446091883484115,28.40315460115558,577.8818372008369,7.749092324768149,0
2023-03-11 09:00:00,STATION-07,chemical,3.849434318438089,30.48842202029558,5.908402825430994,20.851331634094983,675.5311442437153,21.94214230813843,1
2023-03-11 10:00:00,STATION-09,food_processing,6.65725248416248,10.743101831171263,8.05739626511828,17.364085778608693,136.58907064786064,7.125090283982129,0
2023-03-11 11:00:00,STATION-08,food_processing,6.689955649712642,6.23969846901177,7.797343528604816,18.00174631345033,140.52059686929513,4.854454636467169,0
2023-03-11 12:00:00,STATION-08,textile,7.411710424596758,14.687791913070672,7.287139929500632,27.68243656527386,506.77647316014986,11.14329490440521,0
2023-03-11 13:00:00,STATION-08,textile,7.358388167993886,16.90319214603852,6.376465985085706,28.725077783148876,534.9602345775514,8.628462165731138,0
2023-03-11 14:00:00,STATION-03,textile,7.0264157562277605,23.50141210283469,6.414514355483532,28.607931640178304,458.54281819169165,9.421649197037125,0
2023-03-11 15:00:00,STATION-10,chemical,3.895048047372101,13.064720830749053,4.508398042954023,18.971977436931788,260.09537757036503,39.30738924167591,1
2023-03-11 16:00:00,STATION-04,chemical,5.0991712232972795,11.717825686519722,7.295928659864977,20.803872267843243,343.76186927710734,14.761184418840847,0
2023-03-11 17:00:00,STATION-01,textile,7.446309727154175,19.36465509909759,6.169775909696242,28.05790190982694,349.1104772892197,9.869168971754211,0
2023-03-11 18:00:00,STATION-04,textile,6.214814228202358,28.697070804545017,4.862729225013061,28.32999016547509,862.986402864687,20.783000181850966,1
2023-03-11 19:00:00,STATION-05,food_processing,6.6664826598307645,5.917145809168506,7.229311198768118,18.692464120276664,161.05495233841071,4.297770241029672,0
2023-03-11 20:00:00,STATION-08,chemical,7.399641826974351,12.780640349511618,5.819671238372057,22.855472592455147,509.6520615099479,28.307962318142035,1
2023-03-11 21:00:00,STATION-08,food_processing,6.583149216482581,3.9691030712229622,8.773323591658638,17.091256677313776,140.7618139994825,5.300233632632788,0
2023-03-11 22:00:00,STATION-09,food_processing,6.727860154964572,3.8816428663604396,7.757185733212884,16.611496531944628,166.34548128076614,5.265487107601979,0
2023-03-11 23:00:00,STATION-10,chemical,5.728837256694628,13.253060124003552,6.695140038326681,22.144969370307827,289.6536252507799,15.932403566278174,0
2023-03-12 00:00:00,STATION-05,chemical,5.658482564442373,12.630119732127593,6.718334261509313,22.546277236563977,344.26887764495626,15.187584286667837,0
2023-03-12 01:00:00,STATION-06,food_processing,6.826833956696243,2.317986604284531,8.099181132180105,18.677496345924663,165.02552384125613,6.06998499860745,0
2023-03-12 02:00:00,STATION-01,food_processing,6.550236254863637,5.119282877828895,7.634631807683597,18.474584252939522,154.1277019310159,4.358122553135853,0
2023-03-12 03:00:00,STATION-08,food_processing,5.530426022741569,16.302124895619404,5.569279817599847,17.17981836064116,131.79493151670962,6.264175214296518,1
2023-03-12 04:00:00,STATION-04,food_processing,6.987113205131225,12.187722187056,7.137628753533388,18.653419511119353,109.10249623640958,5.411695308212817,0
2023-03-12 05:00:00,STATION-02,textile,7.859600494020443,17.61762817776227,6.161242630114785,30.261173528608122,458.5719982429773,11.933036301090874,0
2023-03-12 06:00:00,STATION-04,food_processing,6.751246575320831,7.323160360770294,7.168236012983012,19.492704607275975,152.63229106345696,4.832752753034087,0
2023-03-12 07:00:00,STATION-01,textile,8.021223620299548,49.396444054503725,4.542602136587201,27.705585079441683,962.5557869460436,24.565847610598134,1
2023-03-12 08:00:00,STATION-05,textile,7.874127851369185,16.56678939156968,6.959409533392523,27.758602539533317,476.4035782104123,9.905029344846115,0
2023-03-12 09:00:00,STATION-02,textile,7.756154663228634,24.19357393573261,5.975369707735607,27.394339449573422,485.354680714226,9.113860365031053,0
2023-03-12 10:00:00,STATION-02,textile,7.9542931883611265,20.771128558882022,7.4525746360244085,28.16817422478134,424.30383916288656,9.596289326142974,0
2023-03-12 11:00:00,STATION-04,chemical,5.172449993363692,12.440118068419977,6.195074408334031,23.370941669078746,329.852452828101,13.806737734185887,0
2023-03-12 12:00:00,STATION-10,food_processing,7.009096985102475,9.07739880545888,8.269451970557434,20.014390233201958,126.9964972686399,5.546075356246664,0
2023-03-12 13:00:00,STATION-06,food_processing,6.791985225090576,0.0,7.890219832538003,17.43063439630692,151.42908847747225,5.2625276080244054,0
2023-03-12 14:00:00,STATION-10,food_processing,6.837130707089054,0.0,8.34350547905619,19.626800882506352,106.54563202612934,3.635655685628423,0
2023-03-12 15:00:00,STATION-07,food_processing,6.491185046804165,8.877867231018033,8.509519662640141,19.397420152162567,45.18102815447722,5.830838838138444,0
2023-03-12 16:00:00,STATION-10,chemical,5.60469455102941,1.906324366178124,6.849584189336079,20.719819494249577,340.0359915170553,15.619989935228245,0
2023-03-12 17:00:00,STATION-04,chemical,5.427001262656258,9.948832528328548,7.0260467256175625,22.146266919499862,330.7627260166478,13.411588588387982,0
2023-03-12 18:00:00,STATION-01,chemical,5.718981672916966,5.6679262903608,7.238526834709103,22.08586141916324,306.31897771946274,14.437612997796343,0
2023-03-12 19:00:00,STATION-06,food_processing,7.158159217722209,4.136009327002622,7.532273427017677,16.73554865171707,203.85767052161245,6.065753620495462,0
2023-03-12 20:00:00,STATION-05,food_processing,6.677359012020133,4.446578644781852,8.790373354410153,20.261364824792068,113.2565746586742,7.580757821908417,0
2023-03-12 21:00:00,STATION-09,food_processing,6.932415427339165,3.5375836555953057,8.042404186424905,18.804749330170566,212.41942879990356,6.651142750486825,0
2023-03-12 22:00:00,STATION-06,chemical,5.53764632732714,15.645199213990345,5.739395823296634,22.5725410611184,585.7028740702698,42.70434148140193,1
2023-03-12 23:00:00,STATION-05,food_processing,7.1947622070560815,5.341578854451572,8.18047435717434,17.175976908102047,134.4338174258347,3.4851718458917085,0
2023-03-13 00:00:00,STATION-10,textile,8.405823648681396,54.734755891802344,4.769296609483582,27.215103360993513,773.2380880868043,16.56047474504886,1
2023-03-13 01:00:00,STATION-09,textile,7.4903975296496546,16.31644960845976,5.666664032092305,27.99104766022778,461.86116655251067,8.960478513302721,0
2023-03-13 02:00:00,STATION-02,food_processing,6.490310362855138,3.8455000474870547,7.8272493886688235,17.038721577695338,143.55535458786179,3.6364020337433205,0
2023-03-13 03:00:00,STATION-07,chemical,7.375517058361163,13.744108369982822,6.419362736000668,23.24925443809149,585.7312278859099,28.189404680336885,1
2023-03-13 04:00:00,STATION-05,chemical,6.5321847332782905,23.877109420972403,5.556478771265373,21.90253915403173,438.56630732905865,35.41408059357447,1
2023-03-13 05:00:00,STATION-03,food_processing,6.877093068947752,6.742554278802537,8.274946263281013,18.20612304078376,110.46241089717543,6.272601584305694,0
2023-03-13 06:00:00,STATION-03,food_processing,7.112427539690565,3.960680483730966,7.340562880486608,16.494450029949896,113.49168570671739,2.8961527642726645,0
2023-03-13 07:00:00,STATION-03,chemical,5.728849251629124,8.61127081231422,6.933209035012977,21.471241901484,360.98502285279676,15.340351523944195,0
2023-03-13 08:00:00,STATION-06,food_processing,6.663869657172079,6.060099758081119,7.474809229300619,16.861229105984588,187.45632946533118,5.712184728026557,0
2023-03-13 09:00:00,STATION-07,chemical,5.605889831249924,8.412769895609765,6.726769692735688,23.303826773856343,307.99383606511657,13.302113324031417,0
2023-03-13 10:00:00,STATION-03,textile,7.221148170755485,20.85871059369249,6.552768778602516,26.854511086618217,513.536592948023,10.823535001596792,0
2023-03-13 11:00:00,STATION-05,food_processing,7.307701112996853,4.134774647120489,7.73831412644938,18.183992357775143,6.978030125421668,6.761850681120714,0
2023-03-13 12:00:00,STATION-07,food_processing,6.6912344061447016,1.5341976704308227,8.222198931239712,18.786605353774814,145.5329633168743,2.8524384756843086,0
2023-03-13 13:00:00,STATION-08,textile,7.693351766423297,22.486386140482043,5.455158294539031,28.086443138368182,438.282721475127,10.55436271058837,0
2023-03-13 14:00:00,STATION-02,chemical,5.715913756980048,9.507292652839366,6.69420996805591,21.989143703998575,202.25157278710986,17.82079458910161,0
2023-03-13 15:00:00,STATION-09,textile,8.09166693387163,26.315825290581994,6.874183691793734,27.449809424805522,448.5867800339317,8.89089411994823,0
2023-03-13 16:00:00,STATION-05,food_processing,6.754949561496683,7.44787147804598,8.298169250297066,18.771380526550466,149.1763315976247,6.256974065828448,0
2023-03-13 17:00:00,STATION-06,food_processing,6.835212932743168,5.507705947974031,7.951599367594929,17.923214624524768,85.16869646075229,2.185923693443263,0
2023-03-13 18:00:00,STATION-08,textile,7.886018906698684,23.108135753943795,6.441092347754676,27.688153653165703,406.3041741582458,10.330177519266051,0
2023-03-13 19:00:00,STATION-10,textile,7.432879974002418,20.21830359176408,7.032589180811226,27.34181327041246,546.6369054237313,8.420543126326795,0
2023-03-13 20:00:00,STATION-02,chemical,5.090825153948355,4.575425265020341,7.315965205194795,23.72795945795411,265.34591081004237,13.209569158606302,0
2023-03-13 21:00:00,STATION-08,food_processing,6.87651413761815,1.223409612097739,8.000648103265553,17.783402568072546,209.93729680772338,2.7720184279903157,0
2023-03-13 22:00:00,STATION-06,food_processing,6.370358263932473,2.7922050518285593,7.42628154212414,17.20834029361797,64.23373867706094,6.429013377590419,0
2023-03-13 23:00:00,STATION-09,chemical,5.4522302527611695,10.557124112642912,6.876776130040949,21.038785779546146,411.09961445922636,13.186887442859014,0
2023-03-14 00:00:00,STATION-04,textile,7.534800997808191,20.28575719234238,6.884797183203358,28.161479430312383,504.82457412789165,8.454163894115277,0
2023-03-14 01:00:00,STATION-04,textile,7.331553317439456,22.736078999791552,6.770255855633144,25.822312381904663,561.660770325973,12.212584070846416,0
2023-03-14 02:00:00,STATION-05,textile,7.712874032483884,27.88771135367368,6.598174482031029,28.795610662722822,390.3615478745729,9.011949750736395,0
2023-03-14 03:00:00,STATION-05,textile,7.732999054785903,18.206233783171427,7.251225959131448,27.2801399700106,546.9725652989655,10.821916050086948,0
2023-03-14 04:00:00,STATION-09,textile,7.693271836292,40.236184462534595,5.588469066975705,27.847954919439154,921.7095209233544,17.098040649495253,1
2023-03-14 05:00:00,STATION-03,food_processing,6.4703111104477395,4.33307550481978,7.870799772265938,16.22841764105143,84.20491081879953,5.639532761178938,0
2023-03-14 06:00:00,STATION-08,food_processing,6.7895825469387,7.8952760363777434,7.873890070870894,18.376455159210188,57.38753570397539,6.234011091562978,0
2023-03-14 07:00:00,STATION-01,textile,7.344702589599177,20.209256852670457,7.71515155136664,27.902310719127307,475.5905968981812,8.418063682999371,0
2023-03-14 08:00:00,STATION-02,chemical,5.748680211008303,12.417202418397752,7.679897905652372,20.68796412276901,278.6329322652596,16.312114565027134,0
2023-03-14 09:00:00,STATION-08,food_processing,6.926545620588912,6.364462926911028,7.709150969615202,19.70987853188665,194.90859123283286,1.6711672679837584,0
2023-03-14 10:00:00,STATION-02,chemical,5.5537660340990955,11.09038745939436,7.287764425956654,20.2594572359772,374.79829799108654,15.315941590877411,0
2023-03-14 11:00:00,STATION-08,chemical,5.729593510837645,12.745212262504268,7.1031030634040455,22.022898460474465,321.62652748844596,18.36411108538465,0
2023-03-14 12:00:00,STATION-01,textile,7.933034166301276,23.464717484728098,6.437071528649713,28.018518415273327,425.9790414930638,8.876419938525352,0
2023-03-14 13:00:00,STATION-04,textile,7.615515463683532,16.933919409056095,7.235503956744858,27.453224166246084,554.5067002237862,10.136950333987857,0
2023-03-14 14:00:00,STATION-03,food_processing,6.792853386343862,3.2675749372372938,8.065029777359918,18.236964664068115,141.21610503393174,6.055340723927932,0
2023-03-14 15:00:00,STATION-05,food_processing,6.7118066216513395,6.091354836949863,8.636266566993314,18.127455504839073,107.56149547260108,4.636171753972544,0
2023-03-14 16:00:00,STATION-05,chemical,5.333963882440202,9.410649151554416,7.292935828438752,21.234917303640188,316.0222882392419,14.108146584525342,0
2023-03-14 17:00:00,STATION-06,chemical,5.688882461295408,13.672332675758682,7.163469206298138,23.294160323917154,292.1772348537377,13.648221524085445,0
2023-03-14 18:00:00,STATION-02,textile,7.609015730896282,18.98772184318339,5.4870866204193085,27.974229204374478,526.3591270315964,10.280973284696751,0
2023-03-14 19:00:00,STATION-03,textile,6.628930607027768,41.81766359993442,5.8665705330474704,28.777946609645245,998.1698817131127,14.740041008446491,1
2023-03-14 20:00:00,STATION-07,chemical,5.4059928836547355,10.188165748187163,6.374620207670427,21.417850993642325,187.83773669488693,14.22459505176423,0
2023-03-14 21:00:00,STATION-05,food_processing,6.970827556795475,4.5073285881949,8.649746473360246,15.88644229379629,148.78717902283904,7.337791624302721,0
2023-03-14 22:00:00,STATION-04,food_processing,6.327023638113776,10.123889580232216,8.267484152970209,17.543782147886787,124.2338385731078,4.880132383840247,0
2023-03-14 23:00:00,STATION-02,textile,7.482876712217106,18.447746130441537,7.001255361022374,28.971124838452553,538.09686182409,13.939585128013569,0
2023-03-15 00:00:00,STATION-02,food_processing,7.003619729495873,6.014215180181818,7.182016323147821,17.575559732652327,182.79993275810506,5.217181831406362,0
2023-03-15 01:00:00,STATION-04,chemical,5.572178372611815,8.224292488349578,6.879057234180445,21.936089977358847,276.78984108408514,14.386173439313625,0
2023-03-15 02:00:00,STATION-02,textile,7.30630621520566,18.70143016569106,6.514727683732143,28.91187072884359,544.870859746566,13.054444003391264,0
2023-03-15 03:00:00,STATION-10,chemical,5.385333229806567,11.110149049796327,6.961370317333825,21.76297415305903,293.8176350910506,15.307620119316201,0
2023-03-15 04:00:00,STATION-09,chemical,5.508285002010388,15.507666992590655,7.086336988492053,22.30148593033404,274.2775747517147,15.221805887190209,0
2023-03-15 05:00:00,STATION-08,food_processing,6.706594820984048,3.3331356211692835,8.175571988522904,16.566062625965046,121.57459777458459,4.837434734068778,0
2023-03-15 06:00:00,STATION-01,chemical,5.773878899375602,10.731147591123435,6.047497670923091,22.612643835357414,226.27309346364203,13.339248603380177,0
2023-03-15 07:00:00,STATION-06,food_processing,6.682246834404565,2.663881910883576,7.591949762617225,18.04905340971738,151.80436409472247,6.70236564856579,0
2023-03-15 08:00:00,STATION-07,chemical,5.8972443134526475,10.34075494725424,6.799110231144779,21.21486852724533,321.99857810755896,14.60195494032694,0
2023-03-15 09:00:00,STATION-03,food_processing,6.647546864947223,6.649042458653054,8.487268304730039,19.663663696954572,145.4060363653601,6.651192764451818,0
2023-03-15 10:00:00,STATION-02,textile,7.690938501211257,20.595642666351466,6.446542686182622,28.935714645713993,377.0073210002898,12.34858084579283,0
2023-03-15 11:00:00,STATION-07,chemical,5.279788213750757,6.069937115263139,6.749347835824856,21.605748394816608,276.8986753430756,16.22119584814987,0
2023-03-15 12:00:00,STATION-02,chemical,5.590482423609598,12.709865456341838,7.42510752605824,21.391761250980355,298.32799435652277,15.293559191284075,0
2023-03-15 13:00:00,STATION-06,chemical,5.4960088710935695,7.787334564337569,7.570450559204307,21.76825911335437,300.68097091574964,15.429013849729166,0
2023-03-15 14:00:00,STATION-05,textile,7.885708530793366,23.145369666693213,5.979206515143293,27.54177216125832,465.55851539080993,10.996566839419748,0
2023-03-15 15:00:00,STATION-07,chemical,5.4651996337828885,8.907791222489639,6.602982406662465,22.18439373758862,291.0080356549295,14.265758383114468,0
2023-03-15 16:00:00,STATION-03,chemical,5.569295886727046,9.450438704303298,6.735561985427052,20.486860648450246,346.2115742975294,17.070139042319436,0
2023-03-15 17:00:00,STATION-09,chemical,5.292031179922855,9.544047205615614,6.368302468366508,21.97730847006127,299.4164743335416,12.19484854496358,0
2023-03-15 18:00:00,STATION-01,food_processing,6.818705856788641,6.1968879503198995,7.8084431930624705,19.854255406679624,53.76118230345527,6.528823747963399,0
2023-03-15 19:00:00,STATION-03,food_processing,7.076554182283553,2.071961644257923,8.155999180909477,16.950897810718878,256.6455530642665,5.805211443893376,0
2023-03-15 20:00:00,STATION-06,textile,7.3576038483630635,19.50345881309049,7.0998686928213655,27.487286943865552,536.9794568210903,10.150312055974108,0
2023-03-15 21:00:00,STATION-04,food_processing,6.764181807826526,5.746829042781977,8.5993645026383,18.458675255423913,198.88964817730104,5.0556622040420995,0
2023-03-15 22:00:00,STATION-03,food_processing,6.710295721428557,4.671888477196729,8.922377213779548,17.941388032310332,64.39783031251265,2.477231046640103,0
2023-03-15 23:00:00,STATION-10,textile,7.557547094352864,15.724668227600139,5.810701171602687,27.943861854590324,566.5466879165739,8.555912563909104,0
2023-03-16 00:00:00,STATION-08,food_processing,7.220926519722594,6.0271987938527785,8.531905838312753,17.500437808346827,200.78600934896215,3.8986165148353162,0
2023-03-16 01:00:00,STATION-02,chemical,5.560472795250397,7.715468024076413,6.753193507944461,21.2866475522985,320.97872107005026,17.89352618607494,0
2023-03-16 02:00:00,STATION-03,chemical,5.33072882703304,10.646503599405905,7.6311556563141405,22.680254004302736,288.0757958940786,14.201927794598392,0
2023-03-16 03:00:00,STATION-10,chemical,5.872645366378449,13.233264338670226,7.0149486040338,20.97407156286059,304.2633532621706,15.231394420712565,0
2023-03-16 04:00:00,STATION-07,food_processing,7.050381042367191,5.619284368959855,7.375473123899795,15.849238130307434,104.84679111031882,5.1170873213936305,0
2023-03-16 05:00:00,STATION-07,textile,7.3757451972454895,20.570074798044814,6.439735529961137,29.740143770841435,592.597951008916,11.007224932544583,0
2023-03-16 06:00:00,STATION-03,textile,7.565478968101237,45.664874438322286,5.350898530592371,29.240712637017484,1059.7288567047044,17.40623263561482,1
2023-03-16 07:00:00,STATION-05,chemical,5.542423438613994,11.829338901918035,7.130278436252264,22.44017662573841,333.8903708663591,14.947705118871772,0
2023-03-16 08:00:00,STATION-02,food_processing,6.955788838354565,6.481115701120591,8.578640653746781,19.498180630176492,201.08438934677446,5.813789885772261,0
2023-03-16 09:00:00,STATION-09,chemical,5.534810448008409,13.293183433140896,6.687195340719153,22.990310380823296,416.5355344725133,17.875390187250492,0
2023-03-16 10:00:00,STATION-10,food_processing,6.660750534110942,5.75841819588586,7.603102267456439,18.637354740669043,136.67526438902084,7.823270440509529,0
2023-03-16 11:00:00,STATION-10,food_processing,6.734270476822099,5.810191434747872,8.195612081703366,17.69422302142992,100.18468043620163,3.873266196948418,0
2023-03-16 12:00:00,STATION-01,textile,7.606384110223907,21.653523144782383,7.2863583878684945,28.310956452149572,549.8533943465632,11.095325142941851,0
2023-03-16 13:00:00,STATION-05,food_processing,6.448379482471057,4.9778261064598555,8.25211621494016,21.100647196832945,146.2057495497139,1.7042920531462316,0
2023-03-16 14:00:00,STATION-09,chemical,5.361209847317175,9.399494892807388,7.421756172030075,21.729757924601625,275.6629651667085,14.185663710223434,0
2023-03-16 15:00:00,STATION-09,food_processing,6.760240720490962,2.241481303294816,7.4318181217672565,18.570216844044353,165.23145170091712,6.675065825968084,0
2023-03-16 16:00:00,STATION-07,chemical,5.768719080265485,8.116437361477853,7.7436503363655955,21.13504050591659,180.8933913999639,17.887405214655338,0
2023-03-16 17:00:00,STATION-01,textile,7.6952145363944275,19.794537396119615,6.09494220172908,27.142237228871583,489.30596511089595,8.558086021065002,0
2023-03-16 18:00:00,STATION-08,chemical,5.922060324785167,14.475294111420407,6.187153696743598,21.892062203406592,285.67454723109046,14.421281158360745,0
2023-03-16 19:00:00,STATION-02,textile,7.537049757207215,16.06961103582931,5.993668875310299,29.537705600797143,546.7025147056085,6.867875245528757,0
2023-03-16 20:00:00,STATION-08,chemical,5.390298041276486,6.611430722704118,7.228834488975177,21.699600567038882,318.62589984351166,16.07458236127508,0
2023-03-16 21:00:00,STATION-10,food_processing,6.820418870614937,0.9976930745597183,8.30725099026435,18.397677965045716,201.3300664751136,5.746129242134811,0
2023-03-16 22:00:00,STATION-09,chemical,5.478016136518048,10.195741383939563,6.426029358772695,22.6012158509915,341.010807744163,16.336998849394565,0
2023-03-16 23:00:00,STATION-06,chemical,5.423155429990604,10.515966249778616,6.645355904591003,22.282779744288383,325.6103007063916,14.327811375442932,0
2023-03-17 00:00:00,STATION-03,textile,7.767635914009264,21.892402800273445,7.208294364747211,27.382706048587803,570.0089267897187,10.307173915449248,0
2023-03-17 01:00:00,STATION-10,textile,7.214059242492557,23.283752947452157,6.677157409696642,27.697341798990195,327.7707975116051,10.310036050719619,0
2023-03-17 02:00:00,STATION-06,textile,7.439755561254738,21.88389624318013,6.157246603858986,28.931499154775743,563.5650558108842,11.482542512880283,0
2023-03-17 03:00:00,STATION-03,food_processing,6.768599537445583,5.911381602946895,8.655184449786528,17.942755328961063,212.38709359306938,3.761842771716829,0
2023-03-17 04:00:00,STATION-02,textile,8.70163763535689,25.925255573613416,4.712378755244518,26.304077493119706,995.5467853478278,28.032231217783846,1
2023-03-17 05:00:00,STATION-10,chemical,5.3114348563434985,12.406257622655941,6.727924043640703,21.39392841010588,256.80618125226096,17.343987429640954,0
2023-03-17 06:00:00,STATION-01,chemical,5.782083593723268,11.534605967300799,7.150113827622001,22.36168771533886,268.79443328129656,14.909775973827665,0
2023-03-17 07:00:00,STATION-04,textile,7.598821364745449,22.97048360031596,6.833272446585503,26.815696655701654,493.58949317484877,11.14187311952029,0
2023-03-17 08:00:00,STATION-01,chemical,5.199448554443545,22.711817525538006,5.566620086879828,22.892308487729544,622.7935280187446,34.08014909328932,1
2023-03-17 09:00:00,STATION-09,textile,7.480876216656681,26.038937237397374,6.728225170207116,28.149358227698677,465.16847393168825,11.77336025511549,0
2023-03-17 10:00:00,STATION-09,textile,7.4519749492437,18.607339882333978,6.411104494363086,28.009302923320472,540.2048196082724,8.707598318230282,0
2023-03-17 11:00:00,STATION-07,textile,8.052264007403648,39.0292861207739,4.5940113853409414,29.825576142928497,858.3605915231582,25.910154456485984,1
2023-03-17 12:00:00,STATION-07,food_processing,6.4093190948541245,8.832476789442449,7.93944202645531,18.398479822140022,61.40052368757158,5.423146574693636,0
2023-03-17 13:00:00,STATION-09,chemical,4.195475056208299,39.253055628206155,4.591236717378041,23.27926199498312,484.9697790986065,26.491109326004775,1
2023-03-17 14:00:00,STATION-10,food_processing,8.286266268569666,13.358810083272393,5.649928681967273,16.989856445815075,285.2491264993336,15.963762561326844,1
2023-03-17 15:00:00,STATION-05,chemical,5.205263202436762,16.761415824417725,6.322156946565336,22.25586136569007,626.3316782017475,27.558373466018597,1
2023-03-17 16:00:00,STATION-05,chemical,5.405582612717294,11.089926639005968,7.241877188882524,21.89077366937124,315.0706104068059,15.0026156250867,0
2023-03-17 17:00:00,STATION-09,chemical,5.365139621181345,12.289211140461278,6.436257298414995,22.996817020023222,309.26146654682077,18.719105178232233,0
2023-03-17 18:00:00,STATION-03,chemical,5.709789698444045,20.797432119254278,4.3240763116620755,21.65063089448029,306.401705020422,29.508480393569563,1
2023-03-17 19:00:00,STATION-06,food_processing,6.692849563083225,4.23011739363735,7.647673345182832,17.193456444982555,50.52807876380356,5.5201777048807665,0
2023-03-17 20:00:00,STATION-10,textile,7.396522508463326,20.038287435960573,6.740235880262884,28.0789929676084,504.8879440662152,8.44390134179973,0
2023-03-17 21:00:00,STATION-02,food_processing,6.778543382065192,5.145986835173235,8.022596377261326,18.70477450260503,214.81818986555112,6.1074181341448455,0
2023-03-17 22:00:00,STATION-07,textile,7.737942000529921,18.892841043893664,5.6469201173129155,28.02330964805496,386.4826528903145,10.463485837262336,0
2023-03-17 23:00:00,STATION-04,food_processing,6.683185372182748,2.15697758508995,7.834399361301867,18.30851182125081,102.95298035035177,5.524185333694762,0
2023-03-18 00:00:00,STATION-04,chemical,5.180468521554233,7.039354116369905,7.2674460559014395,19.895015054162076,347.8323694922607,16.53193164590619,0
2023-03-18 01:00:00,STATION-07,chemical,6.048571172149115,20.4678823471634,6.728636979917821,21.70143278767893,597.137559892396,23.908160009364995,1
2023-03-18 02:00:00,STATION-08,chemical,5.645752589480463,10.43716672983512,5.248841721907694,23.30678974962539,398.73318267937583,31.58269994767089,1
2023-03-18 03:00:00,STATION-10,food_processing,7.092980073815047,8.440439094907276,7.7081536612554,17.47863827831839,152.53332700897892,5.887295068293088,0
2023-03-18 04:00:00,STATION-05,chemical,4.190746233771131,19.969125939741936,5.513325060111088,21.449930890686158,560.3893213042772,21.77761446902928,1
2023-03-18 05:00:00,STATION-03,food_processing,6.698545952238193,4.4510795487186305,7.723997173592991,18.587014005154373,226.25595549411344,4.1104215616354125,0
2023-03-18 06:00:00,STATION-01,chemical,5.3134550052621945,8.165185300166755,6.67362634445948,22.014600233547213,338.6307331538293,16.10848417055496,0
2023-03-18 07:00:00,STATION-03,food_processing,6.768445847247138,3.98121153265652,8.080181832844902,15.496552390864442,59.515599854549464,5.18827943082143,0
2023-03-18 08:00:00,STATION-01,food_processing,6.85644942435343,2.469361798281478,7.038619515400306,17.024531761629728,137.8687913734326,0.16256565721866423,0
2023-03-18 09:00:00,STATION-08,chemical,5.478499430933827,10.063919673431721,6.89250411490533,21.782824005335897,346.3322962072502,16.258846411182347,0
2023-03-18 10:00:00,STATION-09,textile,7.472243969486507,22.751512655694988,6.3317686900604135,28.288625761566454,561.5626439678007,9.480902942909404,0
2023-03-18 11:00:00,STATION-05,food_processing,6.8944080166176835,6.526935903656919,7.67484855084136,19.433783954505778,151.67140271737378,3.547197615421991,0
2023-03-18 12:00:00,STATION-06,chemical,5.688286158761973,6.623903824692764,6.465951779170781,21.867087835866922,313.53878051326666,15.77776747822003,0
2023-03-18 13:00:00,STATION-05,chemical,5.818263096596407,8.123270903845619,6.638872342092004,21.325555020612903,288.60933931433766,16.220242405904393,0
2023-03-18 14:00:00,STATION-02,food_processing,5.509931741765856,11.625453577881041,6.023861195156456,19.256157493731777,257.02291639335704,7.7223528783471025,1
2023-03-18 15:00:00,STATION-06,chemical,5.205379885472869,11.039224380607005,6.330316711853727,21.29333572095311,287.9541644136232,16.01392794142356,0
2023-03-18 16:00:00,STATION-05,textile,7.283615510270468,21.55917348810173,5.733018993865689,28.18194442850994,488.36682534726685,7.9690086460083815,0
2023-03-18 17:00:00,STATION-02,food_processing,6.850543524235571,0.20152339822729903,8.438290791366375,17.876715681773213,24.392104693431136,7.39785592671711,0
2023-03-18 18:00:00,STATION-10,textile,7.987278927606958,23.871149182319105,7.042078011705432,25.957130659462845,478.17554543477956,9.415348255784268,0
2023-03-18 19:00:00,STATION-02,food_processing,6.957474033288857,2.5430494158477974,8.268638005978076,17.162841036867725,105.14117792971254,4.364797843672298,0
2023-03-18 20:00:00,STATION-08,textile,7.927584349320239,40.164189812341355,4.995811206410245,28.107105864872192,948.5107805244651,16.282659083338846,1
2023-03-18 21:00:00,STATION-06,food_processing,7.092162712152641,1.63272038690815,8.11402574851262,19.79425560340876,78.7068356084356,3.799155600882744,0
2023-03-18 22:00:00,STATION-08,chemical,5.8243613856617635,9.663393743299839,7.633606303288683,21.531546264247606,283.8380260180585,13.7633949444206,0
2023-03-18 23:00:00,STATION-03,food_processing,6.688790509833167,0.6238682110772658,8.291716374718938,19.092658755638013,169.43891934988093,3.1073913641784636,0
2023-03-19 00:00:00,STATION-03,textile,7.213852548479892,28.603887603055103,6.763461509268751,27.72595528101741,506.83958780411473,6.470871540577636,0
2023-03-19 01:00:00,STATION-02,textile,7.863676840165216,43.27215355200945,4.284381867687853,26.568661051767563,918.0485525375825,31.020951998714153,1
2023-03-19 02:00:00,STATION-02,food_processing,6.543890684482525,8.62674785681471,8.069335641625381,18.264338468378,110.14674240751602,5.603248301678922,0
2023-03-19 03:00:00,STATION-09,chemical,5.473232953179493,7.310102245403566,7.969850075513814,20.341164023338138,339.6139747725574,15.466169935244869,0
2023-03-19 04:00:00,STATION-01,chemical,5.303195239459236,12.672765131657087,7.811856097779144,20.227737441492444,300.51046432813774,17.359778110138908,0
2023-03-19 05:00:00,STATION-04,chemical,5.569936784983359,9.295983428554415,7.809025420526419,20.752490513939374,293.682719856772,14.70574774962447,0
2023-03-19 06:00:00,STATION-08,chemical,6.037622446572584,12.121552069822078,7.433136455973256,20.411925338857387,275.13216348122825,14.440094307366946,0
2023-03-19 07:00:00,STATION-07,textile,7.357371099790846,20.135920470454227,6.442253026157332,28.87100317658124,569.6565047924768,8.948049663727161,0
2023-03-19 08:00:00,STATION-03,chemical,5.621215591741534,8.154067079104776,7.143910504159444,21.92957643053691,355.76827509462254,11.930020383304964,0
2023-03-19 09:00:00,STATION-09,chemical,5.673587971605053,9.579908062138692,7.204210843119286,23.458238999977656,277.5682223571818,14.267505863892984,0
2023-03-19 10:00:00,STATION-07,food_processing,6.863221290084877,4.059659031616693,7.730600333675376,16.89127386570771,146.19593517750005,6.103170220407586,0
2023-03-19 11:00:00,STATION-06,chemical,5.286215762618141,11.197889418806763,7.503928715244759,21.500152002472145,337.966586563372,16.72587716548954,0
2023-03-19 12:00:00,STATION-07,chemical,4.756379495738159,13.079022742796433,5.790973482312046,23.114972035606545,424.57640159667193,41.48337048274711,1
2023-03-19 13:00:00,STATION-06,food_processing,6.635186166080023,11.56755823341826,8.310231179822948,18.325160753041498,10.646606548573374,5.692675189554315,0
2023-03-19 14:00:00,STATION-02,textile,7.458797610924633,17.77999367008036,6.642204842491319,26.15075351970962,396.4488245600695,8.299893549950724,0
2023-03-19 15:00:00,STATION-06,food_processing,6.63135193508249,4.5820846935327735,7.830829254974312,19.14734242274136,120.23861648327656,2.9145724100867665,0
2023-03-19 16:00:00,STATION-09,chemical,5.6190527022883465,7.218239066188721,7.068245997002863,22.51918458118612,251.75141709561666,13.40152989831527,0
2023-03-19 17:00:00,STATION-01,food_processing,6.510127994960202,11.996170831951334,6.588517805433332,19.468046528616064,214.14632513775672,6.330271519845591,1
2023-03-19 18:00:00,STATION-04,chemical,5.666709223613034,6.982770292315078,7.563693192966997,23.2005539989073,307.21470733590104,15.196808918820295,0
2023-03-19 19:00:00,STATION-01,food_processing,6.60676348675237,7.049111249365358,8.090816230764176,17.756859546412304,147.8607213187365,6.585993564478793,0
2023-03-19 20:00:00,STATION-02,textile,7.217414620667987,17.32110085395844,6.644680312308033,25.86992735624148,540.574687098666,8.886031990721065,0
2023-03-19 21:00:00,STATION-05,textile,7.343420456082674,19.847038462167212,7.04609316441721,29.408916935121436,505.29435410410895,9.796694309877584,0
2023-03-19 22:00:00,STATION-06,textile,7.320018658157849,13.77397320920845,7.171496326215314,26.34515688499208,524.9832244477116,11.643928410546375,0
2023-03-19 23:00:00,STATION-09,chemical,7.414260944639286,22.61173891027645,4.5927253708216185,21.167951023592714,371.4197920063432,31.623801941061533,1
2023-03-20 00:00:00,STATION-01,textile,7.525423551472896,20.73980942594761,5.690248453435727,26.633627952015026,534.512506728794,8.858657268260814,0
2023-03-20 01:00:00,STATION-04,textile,7.4323393565120055,20.514467520288584,7.472735974057297,28.04629725927734,528.037120003121,12.577583443418305,0
2023-03-20 02:00:00,STATION-10,textile,7.569100609898064,22.714879845752144,6.765496639092285,27.79120179357708,483.6032583606136,11.827965383528435,0
2023-03-20 03:00:00,STATION-10,textile,7.769182249746428,17.76872307693509,6.0479331058648915,29.137661951603356,541.4850307865078,9.11070590608049,0
2023-03-20 04:00:00,STATION-08,chemical,5.9604032942409795,31.180254381071073,4.348848745927182,22.817603406021746,792.3787825324722,34.988363748051896,1
2023-03-20 05:00:00,STATION-10,textile,7.983089232362079,16.20923431399722,6.633959562175075,26.430933256161616,418.1053266619442,8.614927188757234,0
2023-03-20 06:00:00,STATION-04,textile,7.592842118963876,20.05492001879414,6.278764734899998,28.99496919416047,496.900109531548,9.420445060390927,0
2023-03-20 07:00:00,STATION-09,food_processing,6.677864372490913,8.131732989249445,8.385058696006526,17.41976068047257,103.38183658045253,3.911208722216368,0
2023-03-20 08:00:00,STATION-03,chemical,4.514877187376543,20.24528156108508,5.72435677846577,21.842723356869385,600.4845035491793,33.86438703165896,1
2023-03-20 09:00:00,STATION-07,chemical,5.7662087933576665,13.652023844221574,6.665276611736247,23.584405832974063,342.3656020902914,18.48720593939387,0
2023-03-20 10:00:00,STATION-04,chemical,4.8510560754161745,16.487790028249208,6.125790972522368,23.92029490523219,402.8622904744359,30.920965309790322,1
2023-03-20 11:00:00,STATION-06,food_processing,5.869870668500617,8.940545938098433,8.32809598905708,17.617516601732177,263.52065886188655,12.921880459682969,1
2023-03-20 12:00:00,STATION-01,food_processing,6.727396999126373,8.54158374538672,8.314700806031032,16.20003453368555,179.19171540643333,4.894676052089851,0
2023-03-20 13:00:00,STATION-01,textile,9.225906371345673,40.97625320916426,3.4901438306672876,28.884933261964115,1106.3535869894656,16.258307729263638,1
2023-03-20 14:00:00,STATION-07,food_processing,6.855892822334068,6.1127076343346625,7.5679560130109085,18.64798306369406,124.96539880753048,6.505904908957053,0
2023-03-20 15:00:00,STATION-05,food_processing,7.158942738282917,7.509803601339757,8.05938189841681,17.813529923381548,81.91738902478025,7.932349387471442,0
2023-03-20 16:00:00,STATION-04,chemical,5.826104379313184,11.153452999990352,6.5628803111748155,21.209992703562946,299.5242407258264,12.590841465314266,0
2023-03-20 17:00:00,STATION-04,food_processing,6.787861959813684,3.012589704163693,8.12276919238661,19.021968688782096,200.11037072189325,6.141824825272293,0
2023-03-20 18:00:00,STATION-08,textile,7.444191526487313,16.72446614921553,6.027842432996273,27.470656303626694,530.0794379905868,11.523484093821908,0
2023-03-20 19:00:00,STATION-03,chemical,5.770163733408382,9.401709960041085,6.690239678156451,20.54694180365031,285.115825722989,13.350599568180138,0
2023-03-20 20:00:00,STATION-05,food_processing,6.8221647048613825,3.172495365374833,9.066510884974605,18.71427923769346,54.76756072480278,6.475480392816337,0
2023-03-20 21:00:00,STATION-01,chemical,5.594808333489277,11.293825921954033,7.2856036350752245,23.75308484771643,314.9883860216975,15.512079124584112,0
2023-03-20 22:00:00,STATION-09,chemical,5.306819101674979,11.982034634614696,7.714215573369915,22.60111378143069,388.2120538450583,16.227286357609188,0
2023-03-20 23:00:00,STATION-06,textile,7.854504586240427,21.013892581017142,6.371633036789572,26.77245098236782,478.4687324907604,8.472775097495589,0
2023-03-21 00:00:00,STATION-02,textile,7.6026482982536265,19.47777510387602,6.11523251007965,28.244459599267966,490.0464206011267,8.776470564754945,0
2023-03-21 01:00:00,STATION-02,food_processing,6.748122297106252,9.18527461196236,8.224629687013012,19.844304173204797,143.44947827233054,1.811602513204031,0
2023-03-21 02:00:00,STATION-03,food_processing,7.187609619417298,0.0,8.16387001664262,17.053074343943113,210.30858510174204,5.077767332990055,0
2023-03-21 03:00:00,STATION-07,food_processing,6.211755627916928,17.1130627617175,7.191099165195098,17.098406527804688,91.84642110416878,9.205845133081958,1
2023-03-21 04:00:00,STATION-10,chemical,5.595728732932357,10.983066114735465,6.76580266828588,22.2475128558051,289.7085322759612,15.36713821437018,0
2023-03-21 05:00:00,STATION-01,food_processing,6.55558160244805,7.517856076980994,8.941039866107864,19.414590167819114,239.0979790665375,4.687611750338326,0
2023-03-21 06:00:00,STATION-03,textile,7.511727260421403,22.36483604246386,5.868017978717618,29.275046118205825,527.4986978313588,11.566624958313607,0
2023-03-21 07:00:00,STATION-05,chemical,6.848098759737179,24.702435690717987,5.802672763595796,21.97984474497217,472.99259967117774,21.821946960408855,1
2023-03-21 08:00:00,STATION-06,textile,7.769884339370391,16.70193948052907,5.270145575806159,26.250067352796552,551.4567470516696,10.023863927449426,0
2023-03-21 09:00:00,STATION-06,textile,7.672729600252921,20.583314210160598,6.372892891371092,28.21068571346905,479.1429200692371,11.291347594445067,0
2023-03-21 10:00:00,STATION-08,textile,7.479419365736806,21.119457420357236,6.690345484258331,29.39703137487935,620.2554733661987,12.214716108875084,0
2023-03-21 11:00:00,STATION-04,textile,7.080240815823519,36.59835833538787,4.385994761122124,29.678609244388216,673.4869740607555,31.1904018900288,1
2023-03-21 12:00:00,STATION-04,chemical,5.295395193701498,4.591862748901519,7.104037738237147,24.279871575749578,268.41884400290246,17.323768867061965,0
2023-03-21 13:00:00,STATION-10,chemical,6.393294764857704,17.169864023039743,6.32370416871793,21.48350358209117,525.3258483784039,28.037697775901584,1
2023-03-21 14:00:00,STATION-03,chemical,5.68681377843318,7.667909315818838,7.243473880248404,21.13882488534082,300.30846826671177,14.203090227071279,0
2023-03-21 15:00:00,STATION-03,chemical,5.28604064003866,13.300028306462307,7.122275231494082,21.443131474752896,347.92970403886727,14.406377630911702,0
2023-03-21 16:00:00,STATION-08,textile,8.90139731025348,28.008187605596675,4.8847575881168055,27.387753793028182,1108.2426495058344,22.270858778621268,1
2023-03-21 17:00:00,STATION-07,textile,7.748146649828242,19.59082466835607,6.186331289441274,28.473555396940235,381.9980740668485,9.911613066006609,0
2023-03-21 18:00:00,STATION-09,chemical,5.2849302752766345,5.6460632775367054,7.403039945640309,21.290130672546574,324.1799657630261,15.633287475216472,0
2023-03-21 19:00:00,STATION-04,textile,7.261955781169152,20.562092723153796,6.6309249772947725,27.93668974715554,525.0945189836565,11.125507905048064,0
2023-03-21 20:00:00,STATION-05,textile,7.6914636749825265,18.393923590187196,6.70455509956502,26.480941725079067,562.8986719358975,11.033077620418611,0
2023-03-21 21:00:00,STATION-05,textile,7.20224779091315,19.064821961134665,7.231158566643579,27.435441163568004,463.5777293929316,8.02417729060487,0
2023-03-21 22:00:00,STATION-02,chemical,5.3936538407422665,6.159849476344733,7.5421799781634755,21.38308890188168,292.7589460995177,14.983159733870059,0
2023-03-21 23:00:00,STATION-05,chemical,5.817973234364982,8.764947973463054,6.802469693244066,20.826429001449984,253.93510919350518,17.08701809697973,0
2023-03-22 00:00:00,STATION-10,food_processing,6.804139196849272,11.88051596997759,7.870241571418469,17.999394050225142,153.28061386085943,2.596467099588253,0
2023-03-22 01:00:00,STATION-04,chemical,5.428424377751158,9.956230268715656,7.402433174270535,21.732990460908166,311.3609968549388,14.99560436126211,0
2023-03-22 02:00:00,STATION-03,textile,7.546250511021178,23.009335203012945,6.661311214757962,27.990189178194566,492.09625727435497,9.638041475975093,0
2023-03-22 03:00:00,STATION-04,chemical,5.5060887847354065,8.32347503436592,7.38245027763413,21.890760658753003,341.4037996274085,14.915458348171619,0
2023-03-22 04:00:00,STATION-07,textile,7.6332877450304215,22.487129195065663,5.771708942496407,27.39637028935524,450.78344482138573,7.136294025575976,0
2023-03-22 05:00:00,STATION-01,food_processing,6.6483292979994175,7.188877975755576,7.533554801791128,17.37850096457769,147.2922567888732,4.272775966252481,0
2023-03-22 06:00:00,STATION-05,food_processing,6.969584350816568,8.135328256292944,7.694622046770594,18.819890771329014,161.8146099298337,2.247077303845831,0
2023-03-22 07:00:00,STATION-03,textile,6.307512975133204,31.323813282193463,5.460733155682636,28.371134602709784,580.228649369332,16.650394860664434,1
2023-03-22 08:00:00,STATION-07,chemical,5.722681868373434,7.20926984497871,6.7661547867135114,20.84901009126303,387.42769385648546,14.862549672064645,0
2023-03-22 09:00:00,STATION-09,textile,7.690516716926984,17.626277545225843,6.9823966181824115,27.268107044053853,550.614786658459,10.324685565180452,0
2023-03-22 10:00:00,STATION-09,food_processing,6.708339076033128,1.064212816359861,8.663892440566556,17.387603412416485,235.01045443379192,5.427014097947598,0
2023-03-22 11:00:00,STATION-02,chemical,4.660223812710763,23.416371115643845,4.099047257720733,22.356104492430806,541.4659085780022,45.77649394956113,1
2023-03-22 12:00:00,STATION-02,textile,7.350089172762073,19.32370295199985,6.977128957373429,27.837599980094275,455.57676681330827,9.707307333840745,0
2023-03-22 13:00:00,STATION-02,chemical,5.294339677458654,10.56152320184564,6.46010304723557,20.39545691776518,239.4449704870034,14.016462616504393,0
2023-03-22 14:00:00,STATION-01,chemical,5.66757280388856,27.89234375595868,5.439045553081501,20.884345998840217,367.7502456568094,26.026936391202195,1
2023-03-22 15:00:00,STATION-03,chemical,5.254790780422879,15.19878327470567,6.573545598536933,21.42410898297007,293.6272509081117,14.898733438522413,0
2023-03-22 16:00:00,STATION-07,chemical,5.34254953413142,8.78325087720655,6.886987492460387,20.540772228095992,217.58336796483152,14.32502548255623,0
2023-03-22 17:00:00,STATION-02,textile,7.228350985421092,20.878531279814204,6.108866538988165,28.501758473403676,517.0762198080424,9.467281457732394,0
2023-03-22 18:00:00,STATION-10,food_processing,6.873160146618739,8.374454078917523,7.835325470381693,18.888449572932206,119.1071943769044,5.0834981052642005,0
2023-03-22 19:00:00,STATION-02,textile,7.361312458776448,23.135127629784364,6.4609274990946135,29.840765802234795,529.7294254368992,9.829385144338277,0
2023-03-22 20:00:00,STATION-02,chemical,5.583854932680052,6.349394219818714,6.5051736767858,21.437695424443454,267.3791537801816,14.990710958235095,0
2023-03-22 21:00:00,STATION-08,chemical,5.649982583664324,11.23847892146932,7.138780224777415,22.961358162313328,320.3798527710817,15.660166054898427,0
2023-03-22 22:00:00,STATION-02,chemical,5.341950570811152,13.321435022962026,7.827050051791806,20.595577834272618,191.54760397939125,13.456617563276936,0
2023-03-22 23:00:00,STATION-02,textile,7.70254396383174,24.32118516079976,6.604871216678748,28.086721373531528,431.8272770593542,10.759700731877345,0
2023-03-23 00:00:00,STATION-08,chemical,5.456807779693128,9.802907834078669,6.702245340442565,22.515656046106805,245.70108083442295,15.986597583229006,0
2023-03-23 01:00:00,STATION-03,chemical,5.10812163914881,4.009923865676805,6.6914625730109805,22.204571649700327,359.86573671436116,13.829885383927465,0
2023-03-23 02:00:00,STATION-07,food_processing,7.369765025462463,5.400540141173636,8.429217227898242,18.703159745861328,81.51585987816041,7.180307196886025,0
2023-03-23 03:00:00,STATION-07,food_processing,6.879722112693682,3.2937135757960543,8.096697742180822,18.028698109079393,157.95557782764874,6.641606426373861,0
2023-03-23 04:00:00,STATION-01,textile,7.329059099472088,20.585149940585236,6.279994117021983,27.927525123865998,533.2887133011784,10.419561112577444,0
2023-03-23 05:00:00,STATION-07,textile,7.291511335987855,17.265705311409643,6.548277373149917,28.677376295975463,454.6231651490043,10.149468650292988,0
2023-03-23 06:00:00,STATION-06,chemical,5.730597861068478,9.188200865279006,6.787195128236287,22.783331469019842,387.08619143500766,16.577583135293246,0
2023-03-23 07:00:00,STATION-03,chemical,7.314417483676391,24.90220153157917,5.372517935957644,20.645419357528002,515.0514364925899,38.19871379019891,1
2023-03-23 08:00:00,STATION-05,textile,7.681073608329315,21.821427399883053,6.272300259579676,27.44258158601706,461.7875928007476,10.583629736851906,0
2023-03-23 09:00:00,STATION-03,textile,7.4899235989032515,16.402945725804926,6.6020815076619135,28.91916818330817,472.2966232535731,8.947095516051562,0
2023-03-23 10:00:00,STATION-10,chemical,4.382164752837461,16.925534562405815,5.693936842378788,21.76122121775134,690.434438405789,34.93578916958759,1
2023-03-23 11:00:00,STATION-10,food_processing,6.292690928202958,6.006387879288921,7.227993327437494,19.211381572326573,186.1764423364403,6.879465342326311,0
2023-03-23 12:00:00,STATION-05,chemical,6.0362186633761,10.04646179089611,6.520519846456858,22.381229298578052,319.64307662220676,42.930728190115786,1
2023-03-23 13:00:00,STATION-07,textile,7.411386175579768,23.196139310227924,7.050879630664639,28.41242315819887,444.0909452315176,10.978795259048537,0
2023-03-23 14:00:00,STATION-08,food_processing,7.1105359862474335,2.744472580069167,7.507879404259958,19.46607228487624,94.91100567125903,4.763277770423456,0
2023-03-23 15:00:00,STATION-02,chemical,5.761311688197469,9.883935198759133,6.947906223299277,22.847851856490426,268.2359875067431,14.271664325456474,0
2023-03-23 16:00:00,STATION-07,textile,7.528364635023921,21.846353743872452,6.802718509565194,28.362848246623226,458.07550219390714,10.537458158793887,0
2023-03-23 17:00:00,STATION-07,chemical,5.413076761003947,11.03343243017516,7.540891833582062,22.25536611768056,247.69221857574098,15.351344537169256,0
2023-03-23 18:00:00,STATION-09,chemical,5.39876934985028,6.995896724972262,6.129542558121629,22.023166356309826,333.86999401796015,14.194862850214298,0
2023-03-23 19:00:00,STATION-09,chemical,5.309914416813928,9.86308927398573,7.417209621137575,20.382384651164184,294.91397384255816,16.127374783718,0
2023-03-23 20:00:00,STATION-07,chemical,5.023582115548807,12.844838122656105,7.595949922089423,21.77415788932687,370.3083027546158,13.284773481527303,0
2023-03-23 21:00:00,STATION-06,food_processing,6.672998694162572,9.86916271605066,8.681323871503622,15.743931125713729,138.18737676151002,6.986983514822947,0
2023-03-23 22:00:00,STATION-09,textile,7.502961403646053,20.683373900366632,6.508340589440386,27.959368410041517,503.67475740717293,12.348347230137179,0
2023-03-23 23:00:00,STATION-06,textile,7.355092513196401,24.111675564214096,5.679479352782158,28.626440086061567,581.8873729602386,8.413569408061647,0
2023-03-24 00:00:00,STATION-09,food_processing,6.994370794116689,1.0505695887144775,8.213214077062998,17.41545886716898,153.35021709002405,5.00051283361741,0
2023-03-24 01:00:00,STATION-07,textile,6.950803978437164,57.33399845817508,4.464344940433149,27.376077709217093,719.3021394276859,21.86035498552918,1
2023-03-24 02:00:00,STATION-03,textile,7.563390798781167,20.77869178466013,7.364576614343176,27.180923672136885,508.53003386086675,8.703410170515868,0
2023-03-24 03:00:00,STATION-06,chemical,5.442918852250948,10.456041535347754,7.156221471039033,21.15320373815311,386.5263977559429,14.471647321508012,0
2023-03-24 04:00:00,STATION-04,food_processing,7.030761226049713,5.697329282017908,7.876802802395519,16.84780555312409,181.12732012745306,6.894536865171536,0
2023-03-24 05:00:00,STATION-05,chemical,5.612694856594493,14.323261691137988,6.6346207785237175,19.944291071222516,311.30826579306364,16.33837721546187,0
2023-03-24 06:00:00,STATION-08,chemical,5.5229712076572435,10.63524820474845,7.370340516997676,22.085382559703813,361.01437622921577,15.055704023065449,0
2023-03-24 07:00:00,STATION-06,food_processing,6.715478376022468,0.15190575408192153,8.01211122792648,17.827698645211818,173.9660184772644,4.151491464199912,0
2023-03-24 08:00:00,STATION-04,food_processing,6.883687385581826,3.740706411430892,7.414193942833055,17.991042103602915,145.4779926503193,7.116679542745447,0
2023-03-24 09:00:00,STATION-02,chemical,5.630027139116057,2.903397341817219,7.205111261804243,20.839099441571612,330.1705318536548,16.73686984392767,0
2023-03-24 10:00:00,STATION-04,chemical,5.381867529495204,9.093711904936669,6.754611478621617,21.353561438910283,282.7762373658777,14.507147256186569,0
2023-03-24 11:00:00,STATION-09,textile,7.150188315345682,19.423946721978254,6.305883853758732,26.785571221084865,494.43914381336657,11.810177660851473,0
2023-03-24 12:00:00,STATION-01,food_processing,6.90118622552946,4.094521466452441,6.892651872357623,17.475948772881633,208.61185674318875,3.5566061392866555,0
2023-03-24 13:00:00,STATION-10,chemical,5.59531491685325,9.976673414276961,7.1941136963695875,22.67010409173716,251.93577936940278,15.824720670556983,0
2023-03-24 14:00:00,STATION-06,textile,7.364044723920847,21.12543328792133,6.141759304939731,27.898894066494744,486.422978074721,12.138196259874139,0
2023-03-24 15:00:00,STATION-03,chemical,5.554349206586853,5.82802975458976,5.924547716248044,21.931997043851084,281.31954775540044,15.102981816693463,0
2023-03-24 16:00:00,STATION-10,chemical,5.747312822681045,14.071588192755936,7.575951719632153,21.637630965436422,352.56434325872334,14.929669951051652,0
2023-03-24 17:00:00,STATION-06,textile,7.744554697496463,21.663079714996904,5.80605634744219,28.0171406679732,595.9394965304034,10.408517087137058,0
2023-03-24 18:00:00,STATION-01,food_processing,6.7297748524349865,1.7446245656264998,9.279255916552223,16.005574858249805,130.997961124839,1.3287742227184003,0
2023-03-24 19:00:00,STATION-06,food_processing,6.620439250993605,2.331365661841879,8.135366855067579,18.02529788656612,92.64704815637705,6.296778799510895,0
2023-03-24 20:00:00,STATION-10,food_processing,6.770898840503507,3.3392000502519075,7.619543260096242,18.503623720027313,110.58016369094068,4.560562624053072,0
2023-03-24 21:00:00,STATION-10,chemical,5.074116218672316,12.783173859997412,6.873837971704331,21.44738604227876,293.2959199931814,13.251048418680158,0
2023-03-24 22:00:00,STATION-08,chemical,5.626483544426181,11.727629910257,6.804432374615171,21.222833410827697,287.92254125721547,13.998175275318612,0
2023-03-24 23:00:00,STATION-05,food_processing,6.766914402919083,9.797442753444962,8.294665405748985,18.748024807682498,130.44290956710574,4.292564495007822,0
2023-03-25 00:00:00,STATION-08,chemical,5.523080017210632,10.344925526687781,7.168898437318496,23.02489750694214,297.1655426284614,14.754670507310871,0
2023-03-25 01:00:00,STATION-02,chemical,5.60637762384036,10.025490304414665,7.345165502502308,23.259338476211987,350.2228159435971,17.06207848574344,0
2023-03-25 02:00:00,STATION-04,chemical,5.626237838816337,8.380912644203526,6.922389606219895,22.915999147738344,289.2744761674933,17.935692173457127,0
2023-03-25 03:00:00,STATION-04,food_processing,7.07497296114165,5.509444726238292,7.289069411162557,16.011227956585063,181.03578653598692,3.4609393114305838,0
2023-03-25 04:00:00,STATION-09,chemical,6.319870355141814,19.840445272677297,6.094050652057177,20.864038075890942,615.0417928822765,21.01190138314127,1
2023-03-25 05:00:00,STATION-01,textile,6.6492711536074705,34.87102782070414,4.3134375051841864,27.68203289872962,1129.3073960096958,30.47826366014556,1
2023-03-25 06:00:00,STATION-10,textile,7.56915838425164,20.975970776906337,6.351254475900406,27.425230781417113,535.908781134737,12.386276081652792,0
2023-03-25 07:00:00,STATION-03,chemical,5.4590638003244365,5.817304922349351,6.493239187953162,22.521351049594614,229.5535787566027,16.291729345483557,0
2023-03-25 08:00:00,STATION-03,textile,8.20533942335045,57.498215515501364,5.496153469782625,26.47046178119023,838.9881338165625,13.925313031174586,1
2023-03-25 09:00:00,STATION-01,textile,7.383531854319961,15.917647713941939,6.188162225303701,28.425414984611894,571.5731325477625,10.68393685942992,0
2023-03-25 10:00:00,STATION-03,chemical,5.114129255724668,7.961582714157794,6.914150484330642,22.437484699335375,237.47944247470184,13.187667708025275,0
2023-03-25 11:00:00,STATION-03,food_processing,6.880167175371734,1.9473337429445357,7.180507606643746,19.767295238155356,88.5901787228481,5.328239943441555,0
2023-03-25 12:00:00,STATION-09,chemical,5.199049766151461,16.486961662621326,7.230689242087761,22.07503526224151,553.0324078555241,36.454995118338125,1
2023-03-25 13:00:00,STATION-02,textile,7.393007409012502,20.960252416327265,5.944372873150617,27.45541317940694,485.7592982654524,9.467608041121123,0
2023-03-25 14:00:00,STATION-07,textile,7.576162902872293,22.081129857387975,7.028208061001428,28.218571249273992,549.8219656081355,9.514046931428156,0
2023-03-25 15:00:00,STATION-02,food_processing,6.974212116822946,8.654201210146125,7.9556279316823595,18.93889260872368,104.41603563265653,9.01476186002622,0
2023-03-25 16:00:00,STATION-05,textile,6.949233682538774,57.488795920394125,5.031577986481077,27.66821514440002,544.1300059810577,23.202456806545328,1
2023-03-25 17:00:00,STATION-03,textile,7.392173128349985,23.042724712206272,7.235372732744395,27.37952921168574,507.38837812420326,9.99270142266806,0
2023-03-25 18:00:00,STATION-07,chemical,5.596249724011816,13.977543049265236,6.055647685422286,21.81681298270416,288.2751128143896,15.585329040876209,0
2023-03-25 19:00:00,STATION-08,food_processing,6.612165393580778,7.418967278086586,7.621537074801792,17.973716042457887,62.25497542471989,3.0509499811392837,0
2023-03-25 20:00:00,STATION-06,food_processing,6.776825180508353,4.659675669888518,8.607793800259604,18.458982900446067,69.26503569856001,3.6281726108584573,0
2023-03-25 21:00:00,STATION-09,chemical,5.494671262641359,11.928449725501059,7.544416972224173,21.37223467708759,313.9384387303734,14.25556215317433,0
2023-03-25 22:00:00,STATION-10,food_processing,6.801901618183064,1.9160248771921156,7.3245407615140365,18.272099552023672,142.5747602519458,3.0596619502779574,0
2023-03-25 23:00:00,STATION-04,textile,7.514519009420401,16.792401969389424,6.187325291719645,26.550737615218623,443.97617508274766,8.687175507609687,0
2023-03-26 00:00:00,STATION-10,food_processing,6.963042811397518,3.782941814348943,8.936691320406728,17.831995581951073,68.84697641598304,4.334755471840595,0
2023-03-26 01:00:00,STATION-07,chemical,5.6531634992523,14.280706215219226,6.8391193200550005,23.654524037645828,264.71072071446395,14.504294295943463,0
2023-03-26 02:00:00,STATION-05,textile,7.310675375016084,17.67965494213465,6.485176505539314,27.429806260881463,427.8114055300598,11.665011751163448,0
2023-03-26 03:00:00,STATION-03,chemical,5.263902835414953,13.170916795542805,7.2202068438698985,20.84407395577726,325.456019306638,14.836068134855875,0
2023-03-26 04:00:00,STATION-01,food_processing,6.958228127698847,7.503302463343088,8.61797346946703,17.664359734849484,107.93066085121114,4.1552342565187965,0
2023-03-26 05:00:00,STATION-10,food_processing,6.506607474849317,8.904349211658516,7.477212228832326,17.454304493585397,216.25980543269742,4.295895902549214,0
2023-03-26 06:00:00,STATION-10,textile,7.413311108409385,17.954560804053717,6.428009025088921,27.30190617510265,454.49084674038,13.17105345565413,0
2023-03-26 07:00:00,STATION-03,chemical,5.594907337027796,6.053232097029902,7.3274142265789575,23.338179166858392,251.42783416397646,16.543226668766174,0
2023-03-26 08:00:00,STATION-06,food_processing,6.845707666682283,7.152675237882996,8.436783158816839,18.238766138853556,223.48646695968506,5.080018679448726,0
2023-03-26 09:00:00,STATION-04,food_processing,7.176462297939115,0.0,7.308250543465441,19.502016245450225,126.90743095331442,4.450654975321948,0
2023-03-26 10:00:00,STATION-10,food_processing,6.676563176649637,1.031833024982626,8.437288014840195,18.01708000020318,145.39656276404577,3.9718966124640547,0
2023-03-26 11:00:00,STATION-08,chemical,4.840941919376923,13.862866347160777,5.03892416070454,22.62820939642645,370.0993306921272,37.14111833453994,1
2023-03-26 12:00:00,STATION-06,chemical,5.456273396710641,7.853767972373204,7.308053886748518,22.301632732962677,382.0424208111269,16.35327589193313,0
2023-03-26 13:00:00,STATION-02,food_processing,6.914378049235515,6.114681265081487,8.349979425867755,18.78529145274188,148.18619857420217,7.847137226776282,0
2023-03-26 14:00:00,STATION-06,chemical,5.753384813127335,12.237593499350297,7.208008315191881,20.79182431431883,345.8892672447866,13.48746094298619,0
2023-03-26 15:00:00,STATION-03,textile,7.575674367619952,16.306914990181166,7.469262771170174,27.20927008551679,460.4295917018727,9.56148749018873,0
2023-03-26 16:00:00,STATION-02,food_processing,7.050571713831583,8.509650843726348,7.544263249271848,17.757864231820623,163.2262620054127,1.7498974353145753,0
2023-03-26 17:00:00,STATION-06,food_processing,6.82492401732847,4.096726034486928,8.044818537450844,19.991916854002007,158.88383038811003,3.937862674488146,0
2023-03-26 18:00:00,STATION-01,textile,7.224567516678257,21.819975124522575,6.1650585968105,27.998595392317686,533.6390639849188,9.48959849364751,0
2023-03-26 19:00:00,STATION-04,textile,7.456451968646702,14.785605666847156,6.162339550867675,28.436724626969532,561.6214354839387,11.79121583880939,0
2023-03-26 20:00:00,STATION-02,chemical,5.51007110606766,12.452283481707001,7.637537636079142,24.285992484671702,315.65459673373806,15.686846069423314,0
2023-03-26 21:00:00,STATION-05,textile,7.6044447883816755,19.01235884187133,6.23861540096109,28.459773800444523,440.5552273210739,8.62244614464988,0
2023-03-26 22:00:00,STATION-01,chemical,5.447223534712748,11.667213522520422,7.094061121802911,21.576372501407853,287.1544411234712,15.157555614041764,0
2023-03-26 23:00:00,STATION-07,chemical,5.47963555654212,9.440637152760193,6.6336278263226465,22.877069097501217,273.46630382944466,14.349315307489636,0
2023-03-27 00:00:00,STATION-07,textile,7.631150991363618,24.640212221842354,7.105864546056004,27.71266258199953,597.8210886617288,10.610668102810912,0
2023-03-27 01:00:00,STATION-07,chemical,3.9310508458503235,12.828881999542693,3.9980521012585775,22.54310522237353,566.9903922520091,28.56552908735057,1
2023-03-27 02:00:00,STATION-07,textile,7.501467415166225,22.238495700478722,6.049724220188153,29.2463647094762,503.480335437207,13.351262021239075,0
2023-03-27 03:00:00,STATION-09,textile,5.63388211773337,35.89353231380825,3.2809562513231043,27.749575941562338,1033.2776849105942,24.207661190104485,1
2023-03-27 04:00:00,STATION-02,textile,7.778532129695113,23.079182882305957,7.054563344824224,28.38734367625333,449.0569616466644,10.774551160382762,0
2023-03-27 05:00:00,STATION-10,textile,5.714728764883632,43.50452862972596,4.935194260436018,28.995157353365467,959.6522149911577,14.803871629899284,1
2023-03-27 06:00:00,STATION-04,food_processing,6.640266619178592,0.0,8.145423000706794,18.523911968749665,227.0645235908084,4.094744126758369,0
2023-03-27 07:00:00,STATION-08,chemical,5.48812028380201,7.315819433115616,6.521766333598114,23.021703611720113,284.17361074296866,12.351878042384953,0
2023-03-27 08:00:00,STATION-01,chemical,6.066695971214473,11.33414200672037,3.869182437755448,23.84892283724143,590.1153973773394,30.733794694150827,1
2023-03-27 09:00:00,STATION-01,textile,7.535503418881418,20.200602952534325,6.781627111123741,28.46306796107594,523.2083171404205,9.20685136389492,0
2023-03-27 10:00:00,STATION-05,textile,7.236687635991584,22.12267925763796,6.921016475687104,28.217376323938915,504.6799295419681,8.898494837833393,0
2023-03-27 11:00:00,STATION-02,chemical,6.676610648312207,20.517829150678473,6.885390624697795,22.508019416461366,699.6287188301184,28.226134782378075,1
2023-03-27 12:00:00,STATION-03,textile,6.855054187778204,30.992099852966522,5.864043430049989,28.097779000125847,880.5472593942985,25.248535843546218,1
2023-03-27 13:00:00,STATION-03,textile,7.593094947410588,24.975834706634977,5.683343566863963,29.225571522715136,562.0612262029825,10.421076557481197,0
2023-03-27 14:00:00,STATION-02,food_processing,6.824075169433808,3.5104405698929257,8.510864536582982,19.095177446410386,139.48960593400633,3.1356109648876425,0
2023-03-27 15:00:00,STATION-02,food_processing,6.928449484446758,0.0,9.400342223671643,17.37182794220498,160.18731144880658,7.625952545209945,0
2023-03-27 16:00:00,STATION-10,textile,7.499296975028635,16.852712022988893,6.097159280871235,27.563738252852595,559.2283770445626,10.288769518196661,0
2023-03-27 17:00:00,STATION-08,food_processing,6.725896618126163,10.9157955559082,7.522748719369281,18.44103910331354,93.49490001327644,3.5589392757866367,0
2023-03-27 18:00:00,STATION-01,food_processing,6.801276131398909,5.703974196904779,7.938054576378218,17.231441365897897,114.89191484538874,5.233098944977086,0
2023-03-27 19:00:00,STATION-03,textile,7.400876537589005,19.636064118825647,7.045993300748296,27.888307233495855,561.3419223554695,12.219990548646283,0
2023-03-27 20:00:00,STATION-07,food_processing,6.799873300624847,4.267639644550134,6.916552164993437,18.6911578081111,185.9403402873931,4.903937464023461,0
2023-03-27 21:00:00,STATION-01,chemical,5.4765996897056075,5.867478811415667,6.415367195369215,22.825524266208628,176.1894200139309,15.997237742930288,0
2023-03-27 22:00:00,STATION-06,chemical,5.34549488244428,11.003957133895923,6.787246402901186,23.599528074945443,228.34544965981686,13.64492718724437,0
2023-03-27 23:00:00,STATION-04,chemical,5.283367389412861,9.480571092972388,6.9123770188714,21.962989379511924,365.1082136522938,13.995246808600426,0
2023-03-28 00:00:00,STATION-09,textile,7.4135154111975785,23.06594058298349,7.097576152355839,29.855208171868252,565.5936108714407,10.639654060389839,0
2023-03-28 01:00:00,STATION-09,food_processing,6.304115486687265,8.273762533789945,8.44841823992794,17.99451073972508,145.67564394949594,4.705984942099159,0
2023-03-28 02:00:00,STATION-05,textile,7.35677203519602,16.632604925491655,6.811197515851768,27.615994715655194,514.4240905804304,9.297757397160446,0
2023-03-28 03:00:00,STATION-04,textile,7.488385404132149,21.12867665393314,6.549420727529824,27.58562884806879,444.9736169253268,6.732371914886638,0
2023-03-28 04:00:00,STATION-01,chemical,5.561093322314342,19.65336616386423,4.537280214578994,21.742150697929834,444.1366165395925,28.83834338128524,1
2023-03-28 05:00:00,STATION-10,textile,7.480488907689486,20.681000603494503,6.822113962271426,27.694520256762395,515.8482200742353,10.541966911881783,0
2023-03-28 06:00:00,STATION-08,food_processing,6.586245780382896,0.0,8.881363358864638,17.674627485834858,39.36132945529371,2.8585416458707096,0
2023-03-28 07:00:00,STATION-01,chemical,5.737288194423961,9.294718294350153,7.727012201512634,21.17913098870253,335.6604781737791,11.696189958126826,0
2023-03-28 08:00:00,STATION-01,textile,7.235502295569813,18.955276396238823,6.4640879482932805,26.057022698471517,514.1767552351315,12.083720644839069,0
2023-03-28 09:00:00,STATION-02,textile,7.416076903866199,18.265847238388897,5.713441969969422,28.407290179840178,478.63137340939915,10.44055417836331,0
2023-03-28 10:00:00,STATION-10,textile,7.506186173466945,19.38921796236732,6.528138157007609,28.394060089077037,476.01165601531375,11.347197779515515,0
2023-03-28 11:00:00,STATION-04,textile,7.388608377965325,23.31488382469498,6.12796747440768,28.291528547721764,503.60321762447734,7.766455380208294,0
2023-03-28 12:00:00,STATION-01,chemical,4.475920263718933,29.161887351359724,4.990682608188822,22.80150954173331,652.1369846513044,21.68309539189658,1
2023-03-28 13:00:00,STATION-03,chemical,5.704542083163775,11.64591421550082,6.678153346968472,21.439373101713365,336.52588196651055,12.525130137382723,0
2023-03-28 14:00:00,STATION-05,food_processing,6.7226880766248005,7.513363265962577,7.475681325287293,17.46466108513171,136.64606806336013,3.7244175499120393,0
2023-03-28 15:00:00,STATION-08,chemical,5.498140279821637,10.820904595348084,5.9632678921627855,23.61349452544852,240.06771496546403,14.63623412019234,0
2023-03-28 16:00:00,STATION-05,chemical,5.179833342151317,10.779270188671966,7.070132623641254,21.287030849267346,265.30044244228134,16.286667976751378,0
2023-03-28 17:00:00,STATION-08,textile,7.447020789219343,17.611818554524653,6.5487426564948565,28.51444945944106,557.124914146305,10.666858358860548,0
2023-03-28 18:00:00,STATION-05,textile,7.557113683086583,18.653633251521757,5.596257621741292,29.327588804949663,432.7550151799754,10.047420932286618,0
2023-03-28 19:00:00,STATION-09,chemical,5.782444605761299,7.940541575540246,7.409162857544509,21.89171155087157,276.14655677130446,16.97219869406344,0
2023-03-28 20:00:00,STATION-03,textile,7.748418562429547,23.04291106154277,5.563592981939364,28.806017728106745,564.810784076943,9.261034967825955,0
2023-03-28 21:00:00,STATION-07,textile,7.09251269886191,24.066438198840654,6.286649054148593,27.9962720020143,535.6731380487604,9.417001169128929,0
2023-03-28 22:00:00,STATION-03,textile,8.363433085273059,45.435664688165964,5.393994522052838,29.0626691395997,783.0584445294928,17.88960030040577,1
2023-03-28 23:00:00,STATION-01,textile,7.466165039906508,37.9764678388767,4.767031830726191,28.76273207318284,930.1954086953458,23.94090872482042,1
2023-03-29 00:00:00,STATION-08,textile,7.443997125255874,23.149255397829904,5.821644395344643,28.88055173339653,492.8337950575584,11.867507430697541,0
2023-03-29 01:00:00,STATION-05,textile,7.209145135028946,18.077223771462084,6.641614888621682,26.6107617056479,552.210673660721,8.790967680637408,0
2023-03-29 02:00:00,STATION-05,chemical,5.4466764357059265,9.554875055229216,6.779263808373608,22.750372240280825,394.8550474447813,15.904500294919334,0
2023-03-29 03:00:00,STATION-01,food_processing,6.876539950826721,0.6890469494992324,7.472694524418116,16.12669570269264,103.77971015691091,4.602526477201325,0
2023-03-29 04:00:00,STATION-02,chemical,5.827912513046123,5.898629402465405,6.282186762749738,23.212410431064438,364.4428502885005,12.616483166685994,0
2023-03-29 05:00:00,STATION-06,chemical,5.54592573876949,6.636573857780485,7.2565863948924525,22.080199216469723,290.6930747173157,14.914832584291885,0
2023-03-29 06:00:00,STATION-07,food_processing,6.714842472745482,4.625062516105925,8.445689386112404,18.574285445358058,161.0081487114471,5.341225230262066,0
2023-03-29 07:00:00,STATION-04,food_processing,6.870937744894612,8.107622764195739,7.692008607411413,18.32200322353853,183.3967833590266,5.766999461058309,0
2023-03-29 08:00:00,STATION-01,food_processing,7.554950103669091,10.224378990675211,6.865244095459594,17.880015184711695,129.78669186803097,20.072503751260545,1
2023-03-29 09:00:00,STATION-09,textile,7.394792917891377,20.257166825723857,5.349794513996032,26.410521709063346,471.65042777477,10.607149768973883,0
2023-03-29 10:00:00,STATION-09,textile,7.743606670365041,23.842788605837175,6.4777969758554095,28.588222927312934,579.611125046947,8.521528993865063,0
2023-03-29 11:00:00,STATION-08,food_processing,6.969850914261428,3.8713111658945483,7.273451784465116,15.952524507285688,231.10997495030216,4.334729483038036,0
2023-03-29 12:00:00,STATION-04,food_processing,6.7137513676814295,8.958587522089442,7.963332625499885,19.57503577491252,146.8213996322422,3.608382196776083,0
2023-03-29 13:00:00,STATION-05,textile,7.5857391647262,18.38273691748455,6.289776781296271,27.542376645303744,503.3220402356999,8.05123000936172,0
2023-03-29 14:00:00,STATION-07,chemical,4.038530582581154,15.489638719151793,6.464241976855774,21.700046867017015,572.0649879347229,42.57783026407992,1
2023-03-29 15:00:00,STATION-01,food_processing,6.875262394012755,1.6663702159925524,9.249105601119151,18.208552105615876,124.37074347361965,6.663105014402934,0
2023-03-29 16:00:00,STATION-10,food_processing,6.56356983840912,11.810579832926756,7.716379944595826,16.788099025326233,167.3658264063759,6.461051103334604,0
2023-03-29 17:00:00,STATION-10,food_processing,7.243742892903479,4.284022157057758,8.264383817854817,19.000244562416757,181.40289213711134,7.281460126972378,0
2023-03-29 18:00:00,STATION-10,food_processing,6.640244756287395,8.753923987466148,7.896216317580406,16.904063866503268,163.0527697030044,6.722228976393822,0
2023-03-29 19:00:00,STATION-02,chemical,4.9382369048730705,26.19829137385099,5.650174949501779,20.2957311279667,504.01341989330217,39.15067117956818,1
2023-03-29 20:00:00,STATION-03,textile,7.495181949560473,16.93598734413758,5.772598583200876,27.863519768239552,465.4655029862688,9.477609069632855,0
2023-03-29 21:00:00,STATION-04,chemical,6.811791846605397,13.423417713824554,5.278911144289772,22.233070293726744,652.7406619153362,27.61603898663637,1
2023-03-29 22:00:00,STATION-03,chemical,5.492540709408697,5.474883743063787,6.847467971022528,22.816550128195217,203.04889445774998,16.484544071857414,0
2023-03-29 23:00:00,STATION-07,chemical,5.756250566685677,13.044488486779041,6.7853260873635355,20.954342544702328,249.01409514416784,15.614568008765259,0
2023-03-30 00:00:00,STATION-07,chemical,5.862032298838685,8.875696812137251,6.905614572436708,22.265439280770856,298.43498341241013,15.618573438030731,0
2023-03-30 01:00:00,STATION-03,chemical,5.5519918008300735,10.898060171109627,7.2471378346415385,23.23360856583488,279.3401023512202,15.16459795170916,0
2023-03-30 02:00:00,STATION-05,food_processing,6.804396546114397,9.938476246329328,8.26030736704978,19.032220260554865,167.92742397850353,6.423091903722453,0
2023-03-30 03:00:00,STATION-02,textile,7.28189063843073,24.655054135236625,5.852916324859977,28.20702012827982,462.377019792351,9.578162151742019,0
2023-03-30 04:00:00,STATION-07,chemical,5.4779508426047006,7.849536473038118,6.265698774238969,21.728379357486965,230.5557014568732,16.610059230195944,0
2023-03-30 05:00:00,STATION-07,food_processing,6.661486697344134,4.188280624553398,8.558258643125235,18.259132093830793,108.20910230853721,3.261812568789299,0
2023-03-30 06:00:00,STATION-06,food_processing,6.726517422179565,11.34550747112927,8.108890756409968,16.80947843265362,147.31609473814905,5.507118486074869,0
2023-03-30 07:00:00,STATION-09,textile,9.177632556602704,49.40126448260747,4.420369794355203,28.696215551830246,919.4086797129166,36.50089059941794,1
2023-03-30 08:00:00,STATION-01,textile,7.429916928769376,21.07397977126994,6.089852848837366,27.785014550031722,567.2806143207129,11.098110231139017,0
2023-03-30 09:00:00,STATION-10,food_processing,6.706353777653777,6.981455672080351,7.202962463014585,17.925795809503946,168.7840461261416,5.546196345310378,0
2023-03-30 10:00:00,STATION-09,food_processing,6.839237931749058,6.742634942793638,8.401224177390413,15.647551400032228,133.62167039908758,6.041913701593369,0
2023-03-30 11:00:00,STATION-02,textile,7.7184446481136115,23.505466792485407,6.137429320577928,26.200255668234604,540.1918211312682,11.054598240691515,0
2023-03-30 12:00:00,STATION-03,textile,7.525195443301567,25.037037343691072,6.379967967300797,27.130506441290187,456.71251391054676,10.99481144473963,0
2023-03-30 13:00:00,STATION-10,chemical,7.399254487647358,22.19280813003261,6.475915613489944,21.312154054975707,575.3005464219762,38.08042811214909,1
2023-03-30 14:00:00,STATION-10,food_processing,6.809795722500664,5.85793693738816,8.142290872775558,17.552507300242883,141.03756785719085,3.76743481075406,0
2023-03-30 15:00:00,STATION-02,chemical,5.399019087409641,13.294382402210305,6.373529941447984,22.104963048951863,408.67431684466874,15.069891250659051,0
2023-03-30 16:00:00,STATION-02,food_processing,6.649449981951633,4.62312059164799,7.802940845100413,18.41183927390592,121.2242489362213,6.713317324312472,0
2023-03-30 17:00:00,STATION-09,textile,7.534562138126115,17.86573574615054,6.115413263037512,28.418347322952908,476.95628587101345,9.94021040033459,0
2023-03-30 18:00:00,STATION-07,textile,7.659408839379604,21.150685822753474,6.415774647558544,28.662259875770403,412.8851004535816,9.997799659691788,0
2023-03-30 19:00:00,STATION-07,textile,7.29219095911419,20.40527424287293,5.933376607157462,27.62467337464225,464.46072642920956,9.148908736370794,0
2023-03-30 20:00:00,STATION-08,food_processing,6.763363568078579,2.745089606521671,7.901131385190943,16.397293674119695,100.62119386856156,3.2505359513538727,0
2023-03-30 21:00:00,STATION-10,food_processing,6.968335627220546,0.8607929629135569,7.878464489090433,19.35115061977241,173.3710533676716,6.536919676581302,0
2023-03-30 22:00:00,STATION-01,textile,7.713807918325789,27.90078674161808,6.548154540803648,29.753352992609827,485.54707808792153,11.344732935510827,0
2023-03-30 23:00:00,STATION-05,chemical,5.513526757153562,8.411442890296584,6.942333058967204,21.0849472443132,347.4817645426522,12.409721709333777,0
2023-03-31 00:00:00,STATION-03,textile,7.915206686792718,20.720134898092308,5.691153257505836,27.03638293524892,468.99713049399713,10.222560217659254,0
2023-03-31 01:00:00,STATION-10,food_processing,6.821562945250575,0.6703870847418552,7.951695723299256,18.169778462713097,220.4165177648811,5.340758255863221,0
2023-03-31 02:00:00,STATION-07,food_processing,7.112733734872311,2.08490700543122,8.931811188578653,17.874800557884402,178.89865591542616,3.1113522398474087,0
2023-03-31 03:00:00,STATION-07,chemical,6.022449824906482,23.136835351653303,6.028731166056291,21.944681433964753,531.1897839090443,39.51284044107321,1
2023-03-31 04:00:00,STATION-04,textile,7.446882984184162,21.216806790386823,6.289876123769405,28.650122763762283,565.9405030061198,9.894466626093068,0
2023-03-31 05:00:00,STATION-08,chemical,6.952489931229983,14.545876884023647,6.850082404387121,21.704274446012565,806.6203741124597,31.131091045422238,1
2023-03-31 06:00:00,STATION-06,textile,7.437584636386249,17.133607229737464,6.816768537532291,29.233493548245992,593.7882013916386,10.04706265923491,0
2023-03-31 07:00:00,STATION-06,chemical,5.5728848766335695,11.200371496975723,7.195263249483507,23.724748371074735,392.8552209531622,15.025295248933066,0
2023-03-31 08:00:00,STATION-05,textile,7.415700036007491,17.129459079131042,6.554501994789797,28.541107171140972,644.1641777890413,11.258615704696606,0
2023-03-31 09:00:00,STATION-08,textile,7.554324584175779,19.386442216797708,6.545704886580742,28.233146996335453,487.39983622677346,9.657866436269195,0
2023-03-31 10:00:00,STATION-02,food_processing,7.204478563749416,6.708834222874149,7.665481950078392,17.5123892941831,196.65715152005734,4.621979385053972,0
2023-03-31 11:00:00,STATION-03,chemical,5.294532928756296,15.058518957238542,6.618263146144661,22.41926023653217,332.04510851062525,13.871395439154718,0
2023-03-31 12:00:00,STATION-08,textile,8.967206579573594,27.53264979313259,4.910996568756604,29.00838323560177,954.8643304702211,21.232959236270318,1
2023-03-31 13:00:00,STATION-05,textile,7.554330680598552,19.527191022823644,6.027871024974555,27.976052661450638,528.9597617968896,12.628186165996615,0
2023-03-31 14:00:00,STATION-07,food_processing,6.680201990783297,4.249737213066468,8.44994566310704,17.789431036727056,205.28343941620932,3.9472702501866945,0
2023-03-31 15:00:00,STATION-02,food_processing,5.112576052854627,8.845409166940927,4.389700400251444,18.336354089128413,114.18825022843644,3.714473338439204,1
2023-03-31 16:00:00,STATION-08,chemical,5.777261989036359,11.537676080424006,6.612371170121252,21.75059209320474,272.4864784489134,17.347670021346136,0
2023-03-31 17:00:00,STATION-07,chemical,5.289991711711093,10.781800909165483,6.00814567899803,21.957583120199487,236.81293657393815,14.506387846205223,0
2023-03-31 18:00:00,STATION-08,food_processing,6.701221840052378,2.8814384116233276,7.275300079095687,17.947472631276828,123.26246113041506,4.594223102920434,0
2023-03-31 19:00:00,STATION-06,food_processing,6.82235918375929,7.045178680690009,7.683224582244304,17.68960989639375,71.21015980401076,5.6283418557127955,0
2023-03-31 20:00:00,STATION-09,chemical,5.309067529765212,13.20398419980437,7.864588262619696,22.38544591561109,312.53051380788656,15.416557584738632,0
2023-03-31 21:00:00,STATION-02,chemical,7.273331357712036,14.599590384788552,5.890531627198952,20.790397927685277,521.1005127108175,26.438086931557685,1
2023-03-31 22:00:00,STATION-09,textile,7.302608018774638,16.475389590277917,6.32035577748612,28.267861784667843,467.8553425670297,10.580797533555478,0
2023-03-31 23:00:00,STATION-03,textile,7.320226715107414,20.005168401445562,7.383965971490792,27.653231373466593,515.2354498578754,9.684415174163824,0
2023-04-01 00:00:00,STATION-10,food_processing,6.974361702448225,5.845139073272358,8.355623459281572,18.495613835219245,28.668278958444787,5.681419180781777,0
2023-04-01 01:00:00,STATION-03,chemical,5.543427150371858,13.631051297478834,6.653061750467645,23.5897298447134,326.6920508287468,12.88049032438685,0
2023-04-01 02:00:00,STATION-04,chemical,5.211556647578276,3.633438356465522,6.979388773901839,24.226406898973124,278.73573974308624,15.103479105474753,0
2023-04-01 03:00:00,STATION-04,chemical,5.727724716569266,9.154115190865769,6.869043951039747,21.574620568408136,324.7794127816459,13.463819148616993,0
2023-04-01 04:00:00,STATION-08,chemical,5.553366120657948,7.3064082139205855,7.194399333440617,22.72222515492336,380.41029637228405,15.991972239919674,0
2023-04-01 05:00:00,STATION-06,chemical,5.635355955587624,12.17814079987063,7.050157971079354,22.489007954968926,321.50365977550194,17.191779566207526,0
2023-04-01 06:00:00,STATION-04,food_processing,6.532859432059601,6.350471956852537,7.541943769837693,17.612031927642253,163.56784813312922,7.230544271516335,0
2023-04-01 07:00:00,STATION-06,textile,7.31447227736672,21.18615825468914,6.056565184080883,28.992792325454385,531.1163752990251,5.299241776180678,0
2023-04-01 08:00:00,STATION-09,textile,7.848948097195707,25.248646486352065,7.189530171617665,29.11363311116338,573.3108787011083,11.854535377115955,0
2023-04-01 09:00:00,STATION-02,textile,7.9964540508964825,23.686124191922705,6.224862584487889,26.71067356876762,548.1961221272819,10.09442940282403,0
2023-04-01 10:00:00,STATION-01,food_processing,6.780317783321542,8.216074029803323,7.4529285391848425,17.589556608999047,182.99840944601019,5.693913152457779,0
2023-04-01 11:00:00,STATION-06,chemical,5.641325596767507,6.184706028675217,7.914601148932615,24.34591158275426,336.8670967796471,14.310741027778167,0
2023-04-01 12:00:00,STATION-10,textile,7.313763209820389,21.0614990723777,5.526834220516773,26.38018170577818,531.6306278250914,10.946980433160904,0
2023-04-01 13:00:00,STATION-03,textile,8.061045736458782,37.151520797377366,4.81572041678352,29.35400906860226,816.1427867317153,20.178433941720307,1
2023-04-01 14:00:00,STATION-10,textile,7.87867178120534,32.02778841117554,6.000038655452186,28.647955149330635,1041.2490529630315,11.721984615191978,1
2023-04-01 15:00:00,STATION-06,food_processing,6.883330946358398,5.410775255066023,8.443563202737783,18.65292924677777,91.36671453665926,3.6787445032488826,0
2023-04-01 16:00:00,STATION-03,textile,7.2450135689412205,24.857562356967154,6.3888972374145565,29.339640980170874,482.84956904918596,11.733289436574264,0
2023-04-01 17:00:00,STATION-02,textile,7.029374659860982,21.411211904583688,6.870041926791234,27.81386962497048,455.96854176240385,9.851808107965631,0
2023-04-01 18:00:00,STATION-01,textile,7.488000275717332,23.712914028861128,6.392944488811377,28.9769072641523,554.560938859069,7.706893009058629,0
2023-04-01 19:00:00,STATION-01,textile,7.601947204735447,16.450981393037022,5.306598346578243,27.879013252410914,576.163256475168,9.869282707748518,0
2023-04-01 20:00:00,STATION-10,chemical,5.68573381987209,9.035987934558797,7.244883462819565,23.166801052791136,371.6268473185362,15.895270239179368,0
2023-04-01 21:00:00,STATION-04,chemical,5.200115622706629,12.964225643558182,6.5906285317395605,23.90170104439919,402.16684602143897,12.589637083106329,0
2023-04-01 22:00:00,STATION-04,food_processing,6.97688726111025,0.021975199594423955,8.747647334594511,19.587571506758042,75.02158969939714,3.6176245644945584,0
2023-04-01 23:00:00,STATION-04,food_processing,6.7847494692359795,6.395872806347299,7.89879480570646,18.669614760229354,221.2843617459657,5.663071526502966,0
2023-04-02 00:00:00,STATION-07,textile,7.380001122659939,13.932318859583543,6.7219463035056615,28.15565930182094,536.9787554104461,11.958931066606437,0
2023-04-02 01:00:00,STATION-01,food_processing,6.794722827736675,7.8896700189910165,7.457157785651125,18.973785487437645,193.45966682819397,4.181449817076323,0
2023-04-02 02:00:00,STATION-01,food_processing,6.808768791242699,6.168874603667033,7.960214935316106,18.285704446731195,202.73478136527734,4.19045634970136,0
2023-04-02 03:00:00,STATION-03,textile,7.558372240712041,19.09458935007291,6.624107920110444,28.452694232874354,491.3320256446432,9.291750315179437,0
2023-04-02 04:00:00,STATION-03,food_processing,6.8751933215650265,7.829690816181133,7.709413203162828,18.093450189543752,97.8673208851643,2.8959740991566587,0
2023-04-02 05:00:00,STATION-01,food_processing,6.995419143778355,4.7205476122888665,7.860197995971868,18.69762152243259,188.9555092728335,5.681744274360977,0
2023-04-02 06:00:00,STATION-05,chemical,5.914508572940161,5.817974665330083,6.139238629503011,21.931816252074153,215.61123160603364,14.704022175433785,0
2023-04-02 07:00:00,STATION-05,food_processing,6.936519927535978,7.530113103902554,8.022446416311414,17.767981978887217,150.6760713063433,4.957087947119343,0
2023-04-02 08:00:00,STATION-05,food_processing,6.493703140684401,4.455048614752299,8.390877298752251,19.42258846039781,148.95852994220755,5.4519654360708225,0
2023-04-02 09:00:00,STATION-07,textile,7.7786512808263995,25.908953634840415,6.6361235408137675,27.73336037769029,501.0879920398664,10.003608827590435,0
2023-04-02 10:00:00,STATION-08,textile,7.382321325418559,20.024411042323454,6.6626238496325945,28.564246899685177,517.5015163130878,10.218613598558555,0
2023-04-02 11:00:00,STATION-04,textile,6.751766388964429,61.94571353255733,4.120607708082023,28.09490474617329,1157.4647793562917,17.551103321280895,1
2023-04-02 12:00:00,STATION-05,textile,7.3421494212157565,24.624740372424938,6.7336381342525735,27.76520376312851,435.55749850604343,9.592611565303324,0
2023-04-02 13:00:00,STATION-09,food_processing,6.948671857611631,6.848931398754064,8.92659458308409,17.108485819672723,108.56795375489924,5.829747721393859,0
2023-04-02 14:00:00,STATION-07,food_processing,6.671331659675025,4.138437383682697,8.162366517911034,19.259588612432385,79.47618630195241,3.8813696292275086,0
2023-04-02 15:00:00,STATION-02,food_processing,7.0586661651614895,10.739419616406813,8.334391880304649,16.591613258254274,134.7619774439504,5.770650242135185,0
2023-04-02 16:00:00,STATION-09,chemical,5.493949882304425,7.214143550935452,8.01045100023049,22.23889105807786,363.7388470857497,16.779208552315914,0
2023-04-02 17:00:00,STATION-06,food_processing,6.643374380988545,1.1705868452910382,8.923284628150705,19.79782089763762,67.6306593459511,5.308384684872842,0
2023-04-02 18:00:00,STATION-10,food_processing,7.064464734935232,5.36615188468732,8.509463105583647,17.365286892938798,144.22931376444254,6.4322673291183285,0
2023-04-02 19:00:00,STATION-05,food_processing,6.7506762253591575,6.411115142980972,8.370137153745775,19.651726075656114,155.52238685726394,3.850441068842441,0
2023-04-02 20:00:00,STATION-02,textile,7.525509201916698,20.862083114112334,7.306635814644425,27.798740863766486,518.4778125000166,10.561862323845414,0
2023-04-02 21:00:00,STATION-02,textile,7.701770168054026,22.156422713488936,5.750974928242982,28.52798170149101,375.37436915798366,11.161353162278193,0
2023-04-02 22:00:00,STATION-05,textile,7.495684516676946,25.78192980699774,7.206765582923206,28.438857446206132,548.1110286400979,11.041469541670232,0
2023-04-02 23:00:00,STATION-06,food_processing,7.9366566188762455,13.529939095945773,8.030070240511218,17.243209197030122,360.5254330069428,9.394123081247606,1
2023-04-03 00:00:00,STATION-05,textile,7.460589344622155,20.889664583894195,6.498808145121435,26.6976284469344,482.160482318023,7.0956723798536885,0
2023-04-03 01:00:00,STATION-05,food_processing,6.691107821997152,10.872290005753978,8.086088607946284,18.002461835587617,176.64336039870165,4.794698165949996,0
2023-04-03 02:00:00,STATION-03,chemical,5.495408457310271,9.13771691531812,7.180718901682411,21.21556449032524,258.580074245473,18.755889007278338,0
2023-04-03 03:00:00,STATION-04,food_processing,7.276141905470752,9.922772603160356,7.826138882534012,17.210168668068345,32.15844481216695,5.893085442087149,0
2023-04-03 04:00:00,STATION-10,chemical,5.5820029742919175,20.228665484957858,6.613904209642511,22.397024761044168,384.0232986578946,27.575905907379724,1
2023-04-03 05:00:00,STATION-06,textile,7.704077746256396,15.686932181099332,7.048247107879311,29.11244786326618,545.2383630224972,8.820304439837777,0
2023-04-03 06:00:00,STATION-03,food_processing,6.507211069152993,8.558405344897729,7.660453785754402,17.629460112416538,111.87001996301885,6.301100666567754,0
2023-04-03 07:00:00,STATION-01,food_processing,7.155812041571276,3.840314879400051,8.022554000606698,17.358135537106516,130.66841328179902,4.836422363201435,0
2023-04-03 08:00:00,STATION-08,food_processing,6.977162027915077,5.553559222082188,7.771822750845819,16.279510324092197,149.54679962861334,6.632159439126248,0
2023-04-03 09:00:00,STATION-05,textile,7.70045474475972,17.22057512968619,7.270419844101909,29.46659651318296,506.83420677721506,9.862715399714185,0
2023-04-03 10:00:00,STATION-07,textile,7.398010237324386,19.307723154872708,5.841715414179079,29.549652719718956,515.7867682712974,9.521609648005697,0
2023-04-03 11:00:00,STATION-01,textile,6.8647969085722975,25.08029970418231,4.249257283800674,27.42927826768888,1030.4345972042286,18.42353997119351,1
2023-04-03 12:00:00,STATION-10,food_processing,6.804139638052485,3.2404496319555887,7.7528943452100885,18.273799131545037,150.84611266415382,5.303837593567217,0
2023-04-03 13:00:00,STATION-06,chemical,5.9321716035998255,11.996407531753015,7.540528835025248,23.496072789765325,233.76651302108655,15.255525389887072,0
2023-04-03 14:00:00,STATION-04,food_processing,7.258144845963368,7.7245466695149805,7.910793534819933,17.573560205565776,259.83463781652233,4.717610645001958,0
2023-04-03 15:00:00,STATION-09,food_processing,6.925335576490389,5.687022203134318,7.666493741151569,19.165088787327388,20.69718447829615,5.606464942496241,0
2023-04-03 16:00:00,STATION-08,food_processing,7.033920028736405,8.600770343060361,8.400946260054736,17.511160889655716,26.765240976039962,5.5275466518734975,0
2023-04-03 17:00:00,STATION-06,food_processing,7.033002237453635,6.808907113896821,7.863878602145875,17.656324514385517,104.36969039461043,5.8868112427052,0
2023-04-03 18:00:00,STATION-05,food_processing,6.681931253090671,0.6867775887265672,8.058239423613104,16.20010773846905,176.70244697519803,2.8037613506908516,0
2023-04-03 19:00:00,STATION-09,chemical,5.3105183675522145,7.533330876316763,6.968584628939344,21.5012095026616,223.92341129605472,14.524210511452933,0
2023-04-03 20:00:00,STATION-05,chemical,6.708951498312442,27.074615978806897,6.390200746691396,21.432968877924306,328.7046906711132,38.880824740776916,1
2023-04-03 21:00:00,STATION-08,chemical,5.308312257386602,8.775259274531901,6.703375403809143,21.748021381115194,254.08311261294767,14.28628715169713,0
2023-04-03 22:00:00,STATION-05,chemical,5.6866513536460515,13.042086542802128,7.173325433419441,23.696639678142233,297.96478245315785,14.516369912594515,0
2023-04-03 23:00:00,STATION-09,food_processing,7.725251027956281,6.521736681551336,5.535563539174742,17.800059862011736,324.2174464082865,8.411777758977761,1
2023-04-04 00:00:00,STATION-06,chemical,6.31679808185428,21.03137959620799,6.041280441998018,23.33958292331353,600.9816423018957,27.150244704897435,1
2023-04-04 01:00:00,STATION-02,food_processing,6.688546822322909,8.224883551675896,8.10918656637682,17.73022003526127,138.54108443021653,4.124149889766495,0
2023-04-04 02:00:00,STATION-06,chemical,5.609582216299157,9.527689384017275,7.074319192231337,20.56557910099244,342.2297859817546,13.426532572241708,0
2023-04-04 03:00:00,STATION-05,chemical,3.714241281911263,23.458431121307008,5.667618912295684,21.633051902203157,684.0868932188864,37.088531751033656,1
2023-04-04 04:00:00,STATION-06,textile,7.574518870299174,18.751752080838756,6.399574106929334,29.414800586184388,559.755037684098,12.028996141983129,0
2023-04-04 05:00:00,STATION-05,textile,7.290748352796058,17.945394676168895,7.362251741244338,27.709549593085104,538.0020321759876,9.694053689511291,0
2023-04-04 06:00:00,STATION-05,food_processing,6.6443373452430885,4.499898818608417,8.557273245440443,16.95500903933499,101.67415543234982,4.161762142300499,0
2023-04-04 07:00:00,STATION-02,textile,7.21819045378108,23.963766799510868,6.408825601121857,27.056699763171345,519.0666157562264,12.532457237985206,0
2023-04-04 08:00:00,STATION-01,textile,7.240704092305905,17.465821453029747,7.408077205685474,28.136712428743557,592.7706751363328,6.277049226000622,0
2023-04-04 09:00:00,STATION-10,food_processing,6.855624243945876,6.802158557882173,6.736485658581201,17.04203577747633,307.8878091912581,5.658471793200539,0
2023-04-04 10:00:00,STATION-10,food_processing,6.656304473967829,6.486183845103624,8.046073744017257,17.802136296260333,172.91673168204056,6.480958541119407,0
2023-04-04 11:00:00,STATION-08,chemical,5.6452725701907,10.872765694965757,7.696430066605591,22.401862265717302,220.1446440290772,15.51497531112304,0
2023-04-04 12:00:00,STATION-09,chemical,5.817530487520879,33.54442626317989,5.314092397402657,22.02656068598102,296.5496090674571,31.12736364625687,1
2023-04-04 13:00:00,STATION-07,chemical,5.411772149672488,9.144688591941232,7.345584267628944,20.806960241754567,320.2051374781876,14.065835165067302,0
2023-04-04 14:00:00,STATION-05,food_processing,6.452458019676657,12.654438112586595,6.360613732929085,17.615916796397205,252.99125498756592,10.670277617003343,1
2023-04-04 15:00:00,STATION-01,textile,7.784969124162958,18.711386054308427,6.1641768664540635,26.044174174083466,562.7261238813314,9.688157887282589,0
2023-04-04 16:00:00,STATION-03,chemical,5.732908593008707,8.16837343603832,6.853193806601225,21.032760535789045,260.83513747425513,14.7823943716181,0
2023-04-04 17:00:00,STATION-06,chemical,7.254154625588334,24.93572681210747,5.220390710498345,22.77613096550859,396.2429679667235,27.483831768986338,1
2023-04-04 18:00:00,STATION-10,textile,7.503288796698939,22.323800345994876,5.574629526279633,26.609295419981425,542.4185702158093,12.414985590904084,0
2023-04-04 19:00:00,STATION-03,textile,7.595015147493738,21.30403393407329,7.298016799170732,30.79701601016174,490.64559101248483,7.9533701141719675,0
2023-04-04 20:00:00,STATION-03,textile,7.57447065062537,17.148993854489845,6.496939676359072,27.160397001122313,481.8321634711782,6.265630727244809,0
2023-04-04 21:00:00,STATION-08,chemical,5.5659310096936,10.182812709612607,7.365984401542869,21.500343801915044,282.8418649633377,14.870658619334671,0
2023-04-04 22:00:00,STATION-03,textile,7.885600510611904,18.932006658463333,6.35534064788446,27.010728933898587,510.3367795805868,11.669557945741394,0
2023-04-04 23:00:00,STATION-01,textile,7.619734185974395,15.97822625595475,6.718721311030624,27.212150877214643,394.17428737686424,11.641822412850185,0
2023-04-05 00:00:00,STATION-08,chemical,5.976544896606167,24.309977346480157,5.212324500454828,23.453912503787457,564.7763792254992,33.30948405633641,1
2023-04-05 01:00:00,STATION-04,textile,7.8629508587897625,23.63477263638253,6.960290879135811,27.51024248934229,492.4963219025066,10.885700807401438,0
2023-04-05 02:00:00,STATION-10,chemical,5.636220450500049,15.175098826103703,6.6270653481638035,21.70237996317123,310.72375361485143,14.024452233942204,0
2023-04-05 03:00:00,STATION-08,chemical,5.934469370492723,9.08583645702272,6.667933200772055,21.549206685613473,302.0520307844461,14.341418487881306,0
2023-04-05 04:00:00,STATION-03,chemical,5.415126027130468,13.080960548265862,7.01200030648274,20.880746869295695,302.9497395326605,15.914529814175943,0
2023-04-05 05:00:00,STATION-07,food_processing,6.616085394023539,2.8926599776803896,8.452026433670257,17.49755829804212,128.77915286514116,2.665025818641573,0
2023-04-05 06:00:00,STATION-07,food_processing,7.048941533166547,5.8311600151699805,7.965766933214918,17.634514800285352,153.39634125473845,3.607426144202994,0
2023-04-05 07:00:00,STATION-07,textile,7.6586043773301835,25.233129180277093,6.522239969483423,28.05716494026807,414.8266558699865,9.956114008055607,0
2023-04-05 08:00:00,STATION-07,textile,7.506509006352385,13.656142800620643,5.526577968867162,28.392096805259783,582.3759610248741,9.610643026568283,0
2023-04-05 09:00:00,STATION-01,chemical,5.179393345351908,12.035922840645148,6.948749482150683,22.96562042755221,326.8833585994689,13.429712556947601,0
2023-04-05 10:00:00,STATION-04,food_processing,6.758465607198678,1.4179920322099977,8.701350644866249,18.148345258441616,228.36545530649406,3.9799342577376646,0
2023-04-05 11:00:00,STATION-06,food_processing,5.695260627796678,10.21969352036435,6.466563607509052,16.89592089799305,262.9609844626422,13.455087173749087,1
2023-04-05 12:00:00,STATION-06,chemical,5.5062114980725925,10.060272074321421,6.468516603806059,20.073868163550475,337.8128974525026,14.22795786390668,0
2023-04-05 13:00:00,STATION-04,food_processing,6.723564256723093,6.055044249412354,8.87803716107437,19.170024302066942,153.46948173067668,3.4108623469298402,0
2023-04-05 14:00:00,STATION-01,chemical,5.399305958820848,9.681799697983402,7.201761455764665,21.765076554118004,325.37534286385136,15.987413907906749,0
2023-04-05 15:00:00,STATION-04,food_processing,6.629398853447982,4.872135180178231,7.9907193398693765,18.55785531938774,123.88385866401858,3.6289559654797525,0
2023-04-05 16:00:00,STATION-06,chemical,5.737502374830697,6.055595010828445,6.418500713145788,22.90821743083404,285.51773032791766,17.118392808970732,0
2023-04-05 17:00:00,STATION-03,textile,6.33817771959605,35.18567157037901,3.6327647701165757,27.76158199614301,847.8297098747123,22.66539578534312,1
2023-04-05 18:00:00,STATION-07,chemical,5.810312713417936,12.848121490594071,7.059359877766524,21.80135308217625,249.08366508135282,12.761916228769433,0
2023-04-05 19:00:00,STATION-10,food_processing,6.385225851035309,7.11698766419221,8.220852404158908,19.84869772656758,225.77648041392166,5.265176581018737,0
2023-04-05 20:00:00,STATION-03,textile,7.9554207224823275,18.945756514466233,6.223826202585824,28.26518735631718,562.1670751486804,11.405269784061366,0
2023-04-05 21:00:00,STATION-01,chemical,5.45208562170903,9.419624911115255,6.34151455175993,21.590261720541523,358.1039868995382,15.533480089914226,0
2023-04-05 22:00:00,STATION-05,textile,7.560798001451968,21.892584542542377,7.157528135728313,30.019935268799493,528.5169498132216,11.900811226603238,0
2023-04-05 23:00:00,STATION-09,textile,7.997194422918411,22.384780963175043,6.497377538744925,29.093234091856516,525.3029510246517,9.595304592092686,0
2023-04-06 00:00:00,STATION-09,food_processing,6.759962656452364,2.7043801301942887,8.460473221535771,15.842257114289596,159.18045821951725,6.499332609212801,0
2023-04-06 01:00:00,STATION-07,textile,6.262928689489402,32.162855830256184,5.021806679295221,28.90581538528337,868.4680168782286,18.5122898605988,1
2023-04-06 02:00:00,STATION-03,food_processing,6.4846793323465075,0.7552520335753545,7.8208351935970555,18.9679251293893,230.81258679663785,4.838649617308569,0
2023-04-06 03:00:00,STATION-08,textile,7.463675954279871,20.561083051353286,7.055337915911153,28.66228540647442,520.4935744629618,8.509607823331628,0
2023-04-06 04:00:00,STATION-04,textile,7.11733436158673,17.920976755799856,5.888439300073534,28.104610897115837,540.8965331366102,11.206275749659012,0
2023-04-06 05:00:00,STATION-07,chemical,5.93834158943021,8.065129210217899,7.259601933742471,22.232398962414212,285.6961328301779,15.952499754383934,0
2023-04-06 06:00:00,STATION-04,chemical,5.57598465736009,10.184054858508857,6.97186707286737,22.28097720683043,248.78932723947244,12.836447384707059,0
2023-04-06 07:00:00,STATION-03,chemical,5.499130080131198,9.18034950040917,6.7659876054800625,22.43575244358408,309.6756761515591,12.88185046262395,0
2023-04-06 08:00:00,STATION-01,chemical,5.409867311315329,12.888930264959688,7.139320261354093,21.588386937888153,371.1534662645357,15.10083388197675,0
2023-04-06 09:00:00,STATION-09,food_processing,7.073725530360611,1.540571568586298,8.323713138955235,19.496682496209154,210.9160276431948,7.344424275111084,0
2023-04-06 10:00:00,STATION-02,chemical,5.631476104986287,15.541180699022835,6.306354187802775,21.229281186986046,261.5355209288567,15.112804597425628,0
2023-04-06 11:00:00,STATION-01,textile,7.95276805385393,20.303099967572763,6.775119385311602,28.14461628703308,494.18547574963543,9.933487572200061,0
2023-04-06 12:00:00,STATION-05,textile,7.330888669581294,22.22579877947074,6.964288058281547,28.392211669327814,564.9250828097138,9.858929932675498,0
2023-04-06 13:00:00,STATION-10,food_processing,6.950036973042925,3.0926628440325135,7.937601071172801,18.35578571124444,86.24911502229482,4.107844679643038,0
2023-04-06 14:00:00,STATION-10,chemical,5.357991271032329,8.11260684717402,6.491712249002537,23.049082036168265,402.77805218798335,15.652723784827906,0
2023-04-06 15:00:00,STATION-02,chemical,5.542943079411063,12.001696423569822,8.000614026754953,20.720680681912157,261.1435092402685,15.402782217691149,0
2023-04-06 16:00:00,STATION-01,food_processing,6.987824753101156,3.230393913478043,8.562944110206127,19.608805497306857,190.15914100905178,6.200122006642598,0
2023-04-06 17:00:00,STATION-02,chemical,5.5213391108776895,6.718096742188958,6.600100465968265,21.41507218976651,268.60987824646674,17.472730332724907,0
2023-04-06 18:00:00,STATION-08,textile,7.691714205640381,20.182523151510285,6.638496737540173,27.984263313478973,531.199548018159,10.692121171626194,0
2023-04-06 19:00:00,STATION-02,textile,7.334717411422719,21.02130596511076,6.462297085998041,29.0715841917546,524.3465220546669,9.334734443233767,0
2023-04-06 20:00:00,STATION-05,food_processing,7.105751633875256,5.906351975406858,8.346259920429683,17.710667712938378,114.73352536462522,6.0620982980152025,0
2023-04-06 21:00:00,STATION-03,textile,7.52263373165868,19.026756873718856,6.27287162184262,26.912362798916863,461.4144999500749,9.57036058207339,0
2023-04-06 22:00:00,STATION-01,chemical,5.696712779736764,8.857326604961962,7.2663036418969265,20.795297205417114,292.10504911517125,15.972806602081473,0
2023-04-06 23:00:00,STATION-07,textile,7.6310883032939385,20.72603424295766,6.304241730329746,26.909566345329093,490.4784233184489,10.905355485527535,0
2023-04-07 00:00:00,STATION-02,food_processing,6.812250650051256,5.2028263963346175,8.8845745860096,16.253055864823132,99.771892758501,5.783682291814252,0
2023-04-07 01:00:00,STATION-09,food_processing,7.635298395206824,11.614219956370224,7.265830649119294,18.13301899568367,86.9189911091718,3.4441588039466327,1
2023-04-07 02:00:00,STATION-10,textile,7.06812317964727,19.416083623402894,5.9494937326229484,28.265023574170282,517.6811915695514,10.428394055999199,0
2023-04-07 03:00:00,STATION-03,food_processing,6.471253437837621,3.0029447192440335,7.922248265370095,17.331506518106863,124.19972181812604,1.982491640685696,0
2023-04-07 04:00:00,STATION-02,textile,7.592565209229185,22.449463353032318,6.171846323602341,28.567899527128155,445.2720382470716,10.299390104140288,0
2023-04-07 05:00:00,STATION-10,food_processing,6.389742108790594,8.314551665546675,8.400426715308932,17.40869722831823,176.259192847804,4.181647040679544,0
2023-04-07 06:00:00,STATION-05,chemical,5.934636063783376,33.27995880558325,4.815651360475547,23.44889852614203,438.2104713747468,21.68444437105877,1
2023-04-07 07:00:00,STATION-02,chemical,4.835238146050376,25.145862053466487,6.625233835136513,23.516746766655952,527.088958290159,39.59937906455027,1
2023-04-07 08:00:00,STATION-04,textile,7.267732056617457,21.564308149292508,5.206431884552079,26.428562786225992,413.22949204173784,10.366943177319778,0
2023-04-07 09:00:00,STATION-04,food_processing,7.177552177043394,4.488059067738751,7.581567121357678,19.35604363148497,181.66031999430612,4.378253764755462,0
2023-04-07 10:00:00,STATION-09,textile,7.494199877468917,20.024591012929463,7.190393352216788,29.256020737380048,479.9741450826691,8.742202442297163,0
2023-04-07 11:00:00,STATION-06,chemical,3.7974451183650832,14.18483803852471,6.791650449131742,21.639990746682532,634.7873122411453,29.44567039826287,1
2023-04-07 12:00:00,STATION-07,food_processing,6.818035531969258,8.874911040599766,7.79962420875397,18.097196752283814,55.31496279404816,4.1608492630569405,0
2023-04-07 13:00:00,STATION-03,textile,7.5683922304122095,24.481967043070032,5.9426047141489375,28.480273348245706,478.81458258246624,10.50133388070992,0
2023-04-07 14:00:00,STATION-09,chemical,5.489261110559446,13.642048752802179,7.330058186423177,20.032650113035714,334.2719650880847,16.84338167285555,0
2023-04-07 15:00:00,STATION-04,textile,7.259987657742841,21.163622393491238,6.2534927521414,29.373177083929185,510.33483495198794,8.289380470939937,0
2023-04-07 16:00:00,STATION-08,food_processing,5.159537244582195,10.12262991478767,5.3352547537172725,19.778109739375548,360.49273411986053,7.381186017028705,1
2023-04-07 17:00:00,STATION-04,textile,7.646461960397787,19.27990970234228,6.47763987246537,26.85184517715291,582.1889213905748,9.037138301633941,0
2023-04-07 18:00:00,STATION-01,chemical,5.90537787902889,24.39218963232956,6.899810061104485,22.385033140320353,727.4834425947859,33.426090489987025,1
2023-04-07 19:00:00,STATION-02,food_processing,6.886280039536004,1.8207318371350008,7.4551157339453855,17.771663686729926,138.56698084133438,5.731823029479206,0
2023-04-07 20:00:00,STATION-10,chemical,5.839137401814974,16.069193281834032,7.144438191679544,21.119587860473715,349.3119141508963,12.69996784218388,0
2023-04-07 21:00:00,STATION-08,food_processing,7.132366359828637,4.530864866664774,7.573576543749626,18.616959177266036,65.19602344838087,3.376374967284827,0
2023-04-07 22:00:00,STATION-02,chemical,5.465306660516457,16.25748149032961,8.49756518184804,23.872547778223822,395.2746509549153,17.97527357000034,0
2023-04-07 23:00:00,STATION-02,food_processing,6.845665646737334,5.000186613831092,8.074831567583772,18.325167541055723,187.6091282576709,5.442259041823026,0
2023-04-08 00:00:00,STATION-02,food_processing,8.446212909494145,6.216389361225985,6.498750906379717,16.62237576219129,245.8790157591727,10.76793332405303,1
2023-04-08 01:00:00,STATION-04,textile,7.56761543789414,22.972551280538674,5.823912957311066,26.708370135979266,424.0509898878512,11.273783944472441,0
2023-04-08 02:00:00,STATION-05,textile,7.544195078716049,15.64118159920886,6.158005347773192,29.384662357992877,462.4224435743461,8.837957140377696,0
2023-04-08 03:00:00,STATION-08,textile,7.290019625561813,21.952270696026282,5.910159592618534,29.012544249387044,495.8090650586049,11.1297490923724,0
2023-04-08 04:00:00,STATION-02,chemical,5.157891784638289,11.908794674295029,7.789797084433761,22.16323541871736,266.56043999264256,15.196773681774928,0
2023-04-08 05:00:00,STATION-01,chemical,5.558243184263378,11.812923963901271,6.437406728892429,21.79113323412739,319.84268446482747,15.145526651434283,0
2023-04-08 06:00:00,STATION-06,textile,7.841602725451241,19.161597594681886,5.862677113844688,27.856666097944423,507.65339872758864,7.902635786850987,0
2023-04-08 07:00:00,STATION-06,food_processing,6.776656829332867,5.991507304316434,8.409783028155905,18.16965511884427,185.76286934225675,6.992603493578079,0
2023-04-08 08:00:00,STATION-02,textile,7.28438510622373,24.423758321975882,6.312597227338704,27.923331194379053,594.6284097903003,8.756024658764707,0
2023-04-08 09:00:00,STATION-01,chemical,5.652470132190394,10.921982009803148,6.943846586815125,20.91632921972263,292.8711881016996,14.487942720362238,0
2023-04-08 10:00:00,STATION-03,chemical,5.62832765750558,9.392462393971547,6.803180852182062,22.179493360407736,273.8769221770434,17.421633226458713,0
2023-04-08 11:00:00,STATION-03,food_processing,6.420193314712366,2.509826361505744,8.115072722027188,18.69032489711382,148.32649303906547,2.085318945805427,0
2023-04-08 12:00:00,STATION-06,textile,7.779483754275788,20.232729821347057,7.072669715267052,27.82455655781672,417.554688784239,11.158167068161024,0
2023-04-08 13:00:00,STATION-10,textile,9.14580022994999,37.56972437314038,5.043160159872221,28.137512306127984,744.2982531878932,12.38322110371848,1
2023-04-08 14:00:00,STATION-02,textile,7.490939841362391,22.883926307951036,6.8560824303695265,28.794802350147364,561.6735927940684,10.542984519297756,0
2023-04-08 15:00:00,STATION-06,textile,7.407741489719049,21.40645524947125,6.806755346755191,28.702927773356944,574.7508123618686,10.7677345717297,0
2023-04-08 16:00:00,STATION-02,chemical,5.870083373611623,11.776405243669398,6.87917759637025,23.513837991329734,300.31619949083523,15.852105994905322,0
2023-04-08 17:00:00,STATION-07,textile,7.644141946000677,22.69516992242711,6.8933243349928235,28.633552392770323,448.78256673699343,10.940002857404926,0
2023-04-08 18:00:00,STATION-05,textile,7.494674649608919,17.248114100265227,6.485118690194782,29.858586616416225,467.9420924095071,12.249219921973715,0
2023-04-08 19:00:00,STATION-08,textile,7.480160775982488,24.95187988371,6.483540571019165,29.640476554408853,506.4875805898492,11.756592283992777,0
2023-04-08 20:00:00,STATION-03,textile,7.522019519042912,18.49995943924911,6.926913120353257,27.157462018479716,526.1902223068506,13.214180659302908,0
2023-04-08 21:00:00,STATION-03,chemical,5.850523984907886,12.129455869783788,7.800431148125878,22.22165509290939,285.52947815009156,15.830395719868951,0
2023-04-08 22:00:00,STATION-01,food_processing,6.204828282385071,4.927129284565517,6.183401291429389,19.76834739159028,129.0723978165259,12.069529029422554,1
2023-04-08 23:00:00,STATION-02,chemical,5.569533277909545,11.643620708395199,6.5608934639240575,22.782414156260327,336.0981935206709,13.388719579556088,0
2023-04-09 00:00:00,STATION-10,textile,7.481787275254509,17.72359544143295,6.613279333133189,27.674876849607674,539.0684354746186,13.839292684998561,0
2023-04-09 01:00:00,STATION-10,textile,7.379780371407565,18.973989644815152,6.3844470343194875,26.405742162594066,545.538482564604,11.139194801663301,0
2023-04-09 02:00:00,STATION-08,food_processing,6.811559951455673,9.658111416916821,6.807689680133722,17.911244688853884,139.22007365307945,11.049350847004135,1
2023-04-09 03:00:00,STATION-10,chemical,5.177809633316558,12.0129608424862,6.276858381318949,21.320120735025185,315.6164295177439,13.056340681789171,0
2023-04-09 04:00:00,STATION-06,textile,8.280472896577475,45.71803674020559,4.473403237885404,27.468471750906666,769.1732024532172,16.17399910445648,1
2023-04-09 05:00:00,STATION-01,food_processing,6.77836519565066,6.502457666296749,8.360038283039765,17.658678287810837,111.32671035903547,4.471912655702244,0
2023-04-09 06:00:00,STATION-03,food_processing,6.491253583886769,9.044233500162072,7.2468497173946425,17.964030446347483,132.9941320343296,4.284533037218482,0
2023-04-09 07:00:00,STATION-08,textile,7.392427758666069,16.90770521659481,6.504660901783626,30.00526788138776,513.5083527511844,9.280283671962255,0
2023-04-09 08:00:00,STATION-07,chemical,5.554212716857702,9.015593416480241,7.121592165445667,22.988722800721966,289.34517525629593,16.277848903147774,0
2023-04-09 09:00:00,STATION-01,textile,7.501750789662999,18.452109108583507,6.6188610374119135,28.11626413737106,540.9793729686357,9.312637001468628,0
2023-04-09 10:00:00,STATION-05,chemical,5.536833898203823,4.877510794417844,6.537633650144506,22.126579277176127,231.70777399390496,15.537545274563415,0
2023-04-09 11:00:00,STATION-06,food_processing,6.70075177631465,3.790290388496592,7.437948199390616,17.099026630109687,187.89542210164754,3.208579214133731,0
2023-04-09 12:00:00,STATION-09,chemical,5.439611614063886,8.625380123515463,6.619271728156313,22.150229281474353,312.3637108632761,11.943469850545913,0
2023-04-09 13:00:00,STATION-10,food_processing,7.052607661825317,3.170672356038069,8.518939114451289,18.324632662493087,158.31081972690671,4.147528648422365,0
2023-04-09 14:00:00,STATION-10,food_processing,6.915546109476536,2.9421655590580995,8.663256335791935,19.846521144894783,160.34985104448344,4.714183739098875,0
2023-04-09 15:00:00,STATION-06,chemical,5.676017571370795,12.651926726895832,7.225687179451341,22.67627642745509,327.7445291715113,15.824804976736345,0
2023-04-09 16:00:00,STATION-09,food_processing,6.55326466820186,0.9896988254641768,7.9509356305820225,19.81035388161756,121.43531810659576,5.464066421746211,0
2023-04-09 17:00:00,STATION-10,food_processing,7.555324749378456,16.84924777382946,6.833777241835797,18.341757681357645,181.9987238536869,7.618026731055418,1
2023-04-09 18:00:00,STATION-07,chemical,5.430359390532887,4.896759713426464,6.402890594544964,21.35735813353316,231.71584663534105,17.00928312742152,0
2023-04-09 19:00:00,STATION-04,food_processing,6.734665270783,4.212841891502244,8.433260860420983,17.38560006530024,162.64785241364817,2.5780487331185955,0
2023-04-09 20:00:00,STATION-06,textile,7.434409582538406,17.024525428900084,6.82744557898894,26.43511447454826,544.2534273322535,10.220372145888822,0
2023-04-09 21:00:00,STATION-07,food_processing,6.778052080503193,11.10245198017424,7.453167259033377,18.725832193771705,188.47422017733328,6.72070697236822,0
2023-04-09 22:00:00,STATION-09,chemical,5.384975866356268,9.601656284391634,6.821817246889689,21.029319659648166,290.08577059724587,14.120434352656194,0
2023-04-09 23:00:00,STATION-01,food_processing,6.6052213156717245,6.658328445862623,7.470728902983304,16.104188278113845,177.98509751518347,6.0048921143148,0
2023-04-10 00:00:00,STATION-03,chemical,5.298407795587223,15.16913629291262,6.556929848280218,21.95097348553449,301.96260369750166,16.31243138447137,0
2023-04-10 01:00:00,STATION-08,food_processing,6.450540733398383,2.063574091031303,7.364638700502994,18.115358714963186,63.61260045071025,5.665126578178698,0
2023-04-10 02:00:00,STATION-03,textile,8.79468530847965,45.22725251385959,5.737941753472787,27.165288680982574,1096.6966957760324,24.45858100425402,1
2023-04-10 03:00:00,STATION-08,chemical,5.568781072113898,3.4565325558081508,6.615531397060338,23.10165006716516,232.77548192367374,13.783674421324259,0
2023-04-10 04:00:00,STATION-04,textile,7.516878101567735,21.44924465624656,7.454583641657351,28.24227698886521,535.7569701994963,12.787266425407315,0
2023-04-10 05:00:00,STATION-05,textile,7.2850981433341415,19.964391407966005,6.185920557997489,27.64109772837904,449.9428787764574,9.32656016379868,0
2023-04-10 06:00:00,STATION-09,chemical,5.1933016103762935,9.296933535210256,6.504540446117739,20.994602833802748,288.5955048340745,13.316870829153606,0
2023-04-10 07:00:00,STATION-09,chemical,5.367834818182137,8.273129604552377,7.3278224048917755,22.57444304686335,344.4598114522284,13.044087619441576,0
2023-04-10 08:00:00,STATION-07,food_processing,7.145840423923874,9.45968976195947,7.869725239604128,19.20143605099542,200.9924348630032,4.275158107805709,0
2023-04-10 09:00:00,STATION-04,textile,8.842124666799817,32.75731801598103,4.7058820175803024,26.022941580747375,860.3245004417424,21.334691749588654,1
2023-04-10 10:00:00,STATION-08,chemical,5.674938810006516,11.2823892274506,6.974398549396023,22.537558882204973,220.35227374636116,15.69270735905877,0
2023-04-10 11:00:00,STATION-10,textile,7.623877128417164,16.57870368652782,6.196099604697423,26.715374880385152,606.0737275694872,11.133604974989431,0
2023-04-10 12:00:00,STATION-02,textile,7.660175847942608,14.238427932637713,6.7598847740232335,26.77978632456548,454.16910921084354,8.84098719164023,0
2023-04-10 13:00:00,STATION-08,textile,7.641440838853937,12.232374233123057,6.691006270352294,27.187309961897636,485.5134335784805,10.275247486908903,0
2023-04-10 14:00:00,STATION-02,textile,7.651231568750603,17.62979674754611,6.487175334469717,28.39520784901585,481.96919366030755,8.934188798468613,0
2023-04-10 15:00:00,STATION-01,textile,6.692969224719963,51.58416690389375,5.5136132950004555,27.846680941276674,695.1133866429813,24.36754399545256,1
2023-04-10 16:00:00,STATION-07,chemical,5.70321190627031,11.167044084140477,7.209805129891685,20.439570379915565,235.07378770750523,15.245245419126674,0
2023-04-10 17:00:00,STATION-01,textile,7.728062046074131,21.539388975776074,5.631289367614793,28.907453783202005,499.25326736112646,11.081894987519428,0
2023-04-10 18:00:00,STATION-09,food_processing,7.02607589847541,4.862065448881953,8.124254721753553,19.282167881946357,195.0395628744517,3.57420678391971,0
2023-04-10 19:00:00,STATION-02,chemical,5.507629702168164,10.475717229436192,7.2961038867913715,19.79037768616237,361.80399541638866,11.202874766436853,0
2023-04-10 20:00:00,STATION-10,food_processing,6.930301967932064,7.746043393254795,8.137171162613825,18.161181646135155,119.72768346470949,3.2364199873784636,0
2023-04-10 21:00:00,STATION-05,food_processing,7.62934136701969,8.420641655949368,5.519462621606546,17.860665514820262,205.4163879529436,8.674844935060941,1
2023-04-10 22:00:00,STATION-09,food_processing,6.479137438839665,4.849049512181868,8.260704362456767,17.230300099665982,157.47399652351694,4.104162248829445,0
2023-04-10 23:00:00,STATION-08,chemical,6.7463317859667224,9.0309127451259,5.149723397546536,21.018833828583425,448.78280304904587,28.970314267202884,1
2023-04-11 00:00:00,STATION-06,textile,7.499976590174863,27.29886885403978,6.851397894477708,27.411837926820912,449.37500397252575,11.10907132605852,0
2023-04-11 01:00:00,STATION-04,chemical,5.396121825931296,3.1858687347985395,7.276574810664,22.18097619503381,276.18062887847634,15.705386708901816,0
2023-04-11 02:00:00,STATION-06,textile,7.247696564878216,22.381764737019342,6.58516822914315,29.4657229390265,419.2903847239912,10.409078917905745,0
2023-04-11 03:00:00,STATION-10,food_processing,6.694491829984394,3.8535608269832498,7.404910163625112,17.788645949593644,158.24752930386592,4.534275676710621,0
2023-04-11 04:00:00,STATION-08,food_processing,6.903519098723036,4.3651005698819585,7.598375124477592,18.67088827214983,76.51288324236425,7.438504117645715,0
2023-04-11 05:00:00,STATION-06,food_processing,6.661516015764041,9.068487151658097,7.324361248772432,18.662107996516134,112.3262562458014,7.539732633900704,0
2023-04-11 06:00:00,STATION-08,food_processing,6.780684107417829,0.8802174250331198,8.146500273986968,16.92991490399804,208.42489877163524,6.067942919659682,0
2023-04-11 07:00:00,STATION-02,chemical,5.689472190305498,12.76954197214522,5.258860918462955,21.92438364521991,586.8133368841892,40.64789252466966,1
2023-04-11 08:00:00,STATION-04,food_processing,6.71523683139355,2.6995511999681545,8.268552748231455,18.437284274600408,94.85197501384681,3.706889034095223,0
2023-04-11 09:00:00,STATION-06,chemical,5.466775884834106,8.921932554072503,6.999437050301684,22.896361425517384,307.81496359681086,16.43316762897646,0
2023-04-11 10:00:00,STATION-05,textile,7.730647407638467,17.039511291850346,6.880395731530453,29.30587282621027,568.8379851150409,9.056771695096913,0
2023-04-11 11:00:00,STATION-09,food_processing,6.94556170897483,5.446828374138214,8.096186812368499,18.01304925733342,154.90976684014024,6.118081479627694,0
2023-04-11 12:00:00,STATION-02,textile,7.359701927698072,20.42857978204523,6.47971331358122,27.313947562444046,538.0982067841851,7.601144834826244,0
2023-04-11 13:00:00,STATION-03,chemical,5.7836930916619504,5.704122166038509,7.465371789032717,23.32429436484653,369.106671910045,13.864378459066488,0
2023-04-11 14:00:00,STATION-03,textile,7.100659210479274,21.66632260372823,7.126037510629295,28.484996209692376,571.4814346991617,10.54841419515039,0
2023-04-11 15:00:00,STATION-07,food_processing,5.774775206214597,4.7155766242806605,7.542375680722238,17.412721101704143,122.33282069280028,9.08402016858881,1
2023-04-11 16:00:00,STATION-05,chemical,5.22563425786414,21.38952635890835,4.06092595708469,21.486116818766014,442.0057019887391,32.18885732898323,1
2023-04-11 17:00:00,STATION-04,food_processing,6.7270717208402315,2.5507637687953624,7.4206585240005785,17.3441818681337,191.08947119665436,4.006074270011611,0
2023-04-11 18:00:00,STATION-02,chemical,5.496472669993545,10.213062095009274,7.114981881076909,21.74542617676371,289.0300695143088,13.310503709711133,0
2023-04-11 19:00:00,STATION-04,textile,7.289172122181884,19.377061220511273,7.337785800958493,28.308708782051024,521.0210294709613,11.789571270593434,0
2023-04-11 20:00:00,STATION-04,textile,7.545437925628172,17.895297575691515,6.766517142491261,29.175269169306446,507.1563041895459,8.915339700070565,0
2023-04-11 21:00:00,STATION-06,food_processing,6.807754266071206,2.0735897998953274,8.499735834004085,18.833059947610042,175.049778467364,6.258514722951089,0
2023-04-11 22:00:00,STATION-07,chemical,5.483009319858417,15.349092977772827,6.85471576530902,22.977430500716338,337.4216849418922,14.751938189035027,0
2023-04-11 23:00:00,STATION-10,chemical,5.254532180438809,12.103395098815312,7.204606704610081,20.13811691986235,357.2974750696751,15.608881327292975,0
2023-04-12 00:00:00,STATION-08,chemical,5.618860436294753,8.273325985151383,7.23625965073343,21.224765293665914,303.9685083008723,15.254411941394945,0
2023-04-12 01:00:00,STATION-10,textile,7.782713427108428,20.564432417811624,6.5286335789436425,27.82213422643702,428.347700636808,12.071331724104471,0
2023-04-12 02:00:00,STATION-03,food_processing,6.950390314140865,5.122767951967388,7.936435645840456,19.036341887367968,184.14077191502992,1.5879039243640412,0
2023-04-12 03:00:00,STATION-01,textile,7.62388258779094,18.277871949772038,6.596663319880481,27.768289783546482,566.9242851674787,8.839632449366981,0
2023-04-12 04:00:00,STATION-01,food_processing,6.812663361243058,0.0,9.011119609200673,19.0754040689325,257.5879487590018,7.242617035674463,0
2023-04-12 05:00:00,STATION-07,food_processing,6.792400027198944,3.167388873906988,7.975493991867788,18.832262637435512,177.79667378028518,4.685647455389995,0
2023-04-12 06:00:00,STATION-08,food_processing,6.82005490916051,9.932931863670248,7.389522860870115,19.98660307169124,122.03045372472879,2.7667571579824544,0
2023-04-12 07:00:00,STATION-03,food_processing,6.510912336213889,0.5576526161823949,8.31085653166128,18.417175082263224,209.16899423514428,3.88029164543957,0
2023-04-12 08:00:00,STATION-10,food_processing,6.986155748864933,0.0,7.464371990402635,18.995659953047866,120.23712065456039,4.011393815132745,0
2023-04-12 09:00:00,STATION-03,chemical,5.298634404801939,6.113956987403252,7.257170025103175,21.88169742498378,251.1167970364118,15.221772832427911,0
2023-04-12 10:00:00,STATION-07,chemical,5.850046736560444,6.880403482661373,6.70169683664234,22.37549204843189,325.77661425186795,18.296681340353846,0
2023-04-12 11:00:00,STATION-10,food_processing,6.81746736378126,0.0,7.331416110003815,15.835916310412276,121.61127701795266,4.2692855351541565,0
2023-04-12 12:00:00,STATION-06,food_processing,6.870869623016413,5.080173007541787,7.647527026531501,19.008102860264145,140.81250230647132,6.421309155751479,0
2023-04-12 13:00:00,STATION-07,food_processing,6.77042506311123,6.006974478461709,8.23899048192111,19.032562169326784,211.63595430265588,3.606327106425442,0
2023-04-12 14:00:00,STATION-10,textile,7.651232039507915,18.650947451962686,7.127069935070121,27.332202745734314,431.4497196859414,9.388849643486337,0
2023-04-12 15:00:00,STATION-04,food_processing,6.973345680560143,5.8140868546164075,7.868606750119119,17.387364586892172,192.82883260164868,4.8368005071119375,0
2023-04-12 16:00:00,STATION-07,textile,7.862668365173999,17.97291331694138,5.754856705044051,27.4270535281549,593.278901551799,10.044074045520539,0
2023-04-12 17:00:00,STATION-05,textile,6.350685502703692,33.1369608661517,6.259596547003012,30.061838238501146,647.8503756533186,19.033721099754768,1
2023-04-12 18:00:00,STATION-03,textile,7.23728836436307,22.148163355098742,6.2289671912459585,27.976422537844947,593.3948039112036,10.572049056716319,0
2023-04-12 19:00:00,STATION-07,chemical,5.666364148805603,13.42411631420326,7.785377306031051,22.84395229917117,340.40120064059744,15.045145428914832,0
2023-04-12 20:00:00,STATION-09,food_processing,6.914734006595218,4.767568356369348,7.716595726446464,17.9603185617134,229.21034936889163,6.256617356069216,0
2023-04-12 21:00:00,STATION-09,textile,7.234574438099717,23.74203463135701,7.140416378256601,27.05866824436708,496.2977232767415,8.584673770563514,0
2023-04-12 22:00:00,STATION-09,textile,7.261604634809409,24.124219895209933,6.677209702664854,27.989495422376084,457.2055038803865,13.32716051151165,0
2023-04-12 23:00:00,STATION-04,food_processing,6.819516448185694,3.976623518568913,7.272793623546499,17.30757444858003,256.6029492857942,5.464884761899023,0
2023-04-13 00:00:00,STATION-04,chemical,6.542747426143678,15.348949052126406,4.417499334321533,22.456592000194426,651.6088976906838,32.324832039181885,1
2023-04-13 01:00:00,STATION-05,food_processing,6.419992920004416,2.3968654792886497,8.11571666535218,18.49386057383573,110.44949203431815,4.768219575968437,0
2023-04-13 02:00:00,STATION-06,food_processing,7.040714009204032,0.0,7.400499982526591,18.981028098139596,296.39075931165587,7.428892342286401,0
2023-04-13 03:00:00,STATION-03,food_processing,6.806407502062379,0.0,7.6138354476882535,18.224447971047013,144.40762027476705,4.914709779357621,0
2023-04-13 04:00:00,STATION-03,food_processing,8.580480972106757,12.745698859473233,5.705321303625491,17.414864009450586,377.6983388844621,9.443484691603617,1
2023-04-13 05:00:00,STATION-09,food_processing,6.901859360444616,6.549959248441958,8.169457679038782,17.781834544669376,154.28188538280875,5.952087783768831,0
2023-04-13 06:00:00,STATION-06,food_processing,6.897670819021295,5.841746835189924,8.323969240540112,18.777892628938172,208.56235326125307,3.5228580849931386,0
2023-04-13 07:00:00,STATION-02,food_processing,6.989354463500148,6.236009658785157,7.689443402898089,18.321601806816368,205.51483538106518,4.540189969708826,0
2023-04-13 08:00:00,STATION-09,textile,7.503541792369601,17.65836688882611,6.544991789408148,28.816737174150326,503.0315044865639,11.44808099608944,0
2023-04-13 09:00:00,STATION-10,textile,7.627243017616871,17.996473828647908,5.7186349964304,26.95243804935202,541.4109699842813,7.231158807891465,0
2023-04-13 10:00:00,STATION-07,food_processing,7.094637879249712,6.828757044237981,8.033011173588237,18.456038646898737,145.68827226656958,4.526087496257296,0
2023-04-13 11:00:00,STATION-09,food_processing,6.713706667427317,5.957350737940432,8.165556211225221,20.08187936340204,162.35888645167438,6.250579387279824,0
2023-04-13 12:00:00,STATION-07,textile,7.806961864919698,19.275328565148175,6.389853549990956,24.415019439078296,460.8098303373311,8.957901118491401,0
2023-04-13 13:00:00,STATION-09,chemical,5.356692804234092,9.900859921124907,7.463919285644051,21.955687564577914,232.98086061591337,15.223953024977032,0
2023-04-13 14:00:00,STATION-01,chemical,5.3720514113103555,8.229127176974167,6.9495106416553085,22.725297610837405,295.14105319664793,13.644896606182375,0
2023-04-13 15:00:00,STATION-03,textile,9.335692760274434,35.09974374059538,4.6536648086538355,26.97143485155135,863.9674310629769,21.77145416244469,1
2023-04-13 16:00:00,STATION-01,chemical,5.562927418114624,13.003085578064168,7.417226058807733,21.822005719119993,386.2354677864912,13.921150028179367,0
2023-04-13 17:00:00,STATION-05,chemical,6.121675723036379,11.62154810513697,6.501422801173194,21.990849955782764,223.49836353861826,17.02618897271055,0
2023-04-13 18:00:00,STATION-05,chemical,5.775460531178045,8.159880449894626,6.9320654945516464,21.066334513075454,287.1126798536057,15.730633370006284,0
2023-04-13 19:00:00,STATION-05,food_processing,6.869937277223248,2.4533959695412646,8.794003014605174,17.12120223756417,135.22143967384358,5.45012866392005,0
2023-04-13 20:00:00,STATION-01,chemical,5.510899115430928,6.44596059942538,7.406208125820986,22.852879979520193,408.6214182262277,15.612642468988582,0
2023-04-13 21:00:00,STATION-05,food_processing,6.642938060929997,8.71889743445075,8.141053671514985,18.35420880598953,88.60662620652897,9.034409089396195,0
2023-04-13 22:00:00,STATION-09,chemical,5.227501560456502,10.026493795503633,7.066708334771787,22.74627450568179,319.00157035971466,13.003329232886898,0
2023-04-13 23:00:00,STATION-06,chemical,5.327637057404715,10.642362036004377,7.300324542814266,22.920146546131086,359.09990259627693,15.939966530334662,0
2023-04-14 00:00:00,STATION-02,textile,7.1623212487696835,19.472077525791565,6.446238559565193,27.33892246818057,445.69584380280867,6.9714968561157455,0
2023-04-14 01:00:00,STATION-09,food_processing,6.975167956060562,3.672955846643285,8.203001345828202,19.52345385729593,118.67744878197294,3.107589687917565,0
2023-04-14 02:00:00,STATION-09,chemical,5.718132177066495,7.793659546623189,7.230275547317156,21.661754216217467,299.6794123561125,16.772101953778108,0
2023-04-14 03:00:00,STATION-04,textile,6.194880142679274,32.47792906377909,5.667575004551677,27.702925486749958,946.2251553836419,21.178190319650625,1
2023-04-14 04:00:00,STATION-05,food_processing,6.66001093298321,4.695971810494877,7.255468858887321,18.385981694087448,47.17733650116787,4.189608881965437,0
2023-04-14 05:00:00,STATION-01,food_processing,7.226972816605008,3.480564134842833,9.169526497791313,17.259676910888153,196.87872646937882,7.957756887625491,0
2023-04-14 06:00:00,STATION-07,textile,7.637631027520065,21.294084757231097,6.385581911747775,25.418160260187726,442.8071534700568,10.046943812321718,0
2023-04-14 07:00:00,STATION-06,textile,7.429124926525158,15.441838735827062,6.545600240889137,28.70663728594504,444.40340292562354,9.459373213986089,0
2023-04-14 08:00:00,STATION-01,food_processing,6.7408591819008485,4.080277331898237,7.779712591933462,17.26589909976982,179.28109929494653,8.245975348616557,0
2023-04-14 09:00:00,STATION-05,chemical,5.698788008691119,0.0,6.870294150762112,23.250809321778526,236.35668869973335,15.786677617312089,0
2023-04-14 10:00:00,STATION-10,chemical,4.325723056007806,27.344639269113117,5.078767228874672,23.052561087256013,621.4349408577847,33.85552574644038,1
2023-04-14 11:00:00,STATION-04,textile,7.49059226814884,24.327621527273624,7.008367153619586,28.17754119854704,506.9111903577136,10.892695244348216,0
2023-04-14 12:00:00,STATION-06,food_processing,6.512259040509202,4.6527014378882745,7.2911157584671935,18.810386039371323,168.62515449369167,5.0525086342285075,0
2023-04-14 13:00:00,STATION-09,food_processing,6.953175932482626,7.58783965702662,7.677578346171136,17.68739446882008,161.85073980613743,8.533534758113163,0
2023-04-14 14:00:00,STATION-10,food_processing,7.042810068127617,2.43138634341147,7.964986638693199,19.43381313327396,99.23564687311523,0.8451745722731481,0
2023-04-14 15:00:00,STATION-04,chemical,5.0916120192306185,19.86885543295188,6.145243742581512,21.73061395777206,439.15263954070986,25.955081217614087,1
2023-04-14 16:00:00,STATION-08,textile,7.2750925355300335,23.340261960612366,6.088155645428433,27.12848633036512,529.793974199835,9.680545295112008,0
2023-04-14 17:00:00,STATION-02,chemical,5.578050292732114,12.20910858629406,7.385010995447985,23.993232969504678,280.14944938520927,13.952660640861211,0
2023-04-14 18:00:00,STATION-03,chemical,5.91893440137831,22.025882393764924,4.782684246480711,22.53603519122657,324.19791296333483,28.795501699239402,1
2023-04-14 19:00:00,STATION-09,food_processing,6.578989834757106,3.178457223326887,8.700679538318164,18.098644581478002,203.83453655602221,3.641747151721348,0
2023-04-14 20:00:00,STATION-07,chemical,5.419478571449455,8.391871543143319,7.702845811403138,22.0533911154162,299.05467315631824,14.767349191048975,0
2023-04-14 21:00:00,STATION-07,chemical,5.294445965007796,13.186950465360525,7.7363454927403525,22.224258206133324,242.60925161402787,15.162830546760791,0
2023-04-14 22:00:00,STATION-09,textile,7.721837515147007,22.040888228239417,5.819875489546739,28.062134580041523,471.40062578650026,10.539394681425533,0
2023-04-14 23:00:00,STATION-03,textile,7.067156111831346,24.664464403726804,6.570321746030883,27.85751195075404,424.3713446161035,11.998992552760717,0
2023-04-15 00:00:00,STATION-10,chemical,5.595147099937385,8.54450406491134,6.5643949760833085,23.859132558460942,296.45689954186753,16.77747598573638,0
2023-04-15 01:00:00,STATION-01,textile,7.527930009296099,18.61547441481138,5.728456815070857,30.264088561313944,571.2907415340438,11.300159431550512,0
2023-04-15 02:00:00,STATION-08,textile,7.588616962263891,17.646247291453406,6.425183881486885,28.34883876356924,452.497458697881,10.110926955518325,0
2023-04-15 03:00:00,STATION-03,food_processing,6.79571951338042,11.32195369934605,7.348968006923332,18.571546927498215,72.76934515695788,4.147472792457455,0
2023-04-15 04:00:00,STATION-03,chemical,7.169513895963069,20.890983724455833,5.004204441922205,21.741952673429093,495.3982103774744,32.542003641274555,1
2023-04-15 05:00:00,STATION-10,textile,7.620436823774084,21.94771746671148,7.051628272438858,29.092982471105987,571.2616703649094,10.447834065468513,0
2023-04-15 06:00:00,STATION-10,chemical,5.080873936721015,15.15304572160708,4.91540319569261,21.683888565487308,417.59543809692093,38.14628134603387,1
2023-04-15 07:00:00,STATION-05,food_processing,6.655822328638394,7.655720142673247,7.502485769452215,18.562551861907345,194.1721200505233,3.9712944396512664,0
2023-04-15 08:00:00,STATION-10,textile,8.335077106759286,29.520901506699307,6.285697467801379,26.35172325112993,840.652314736295,28.432513504529886,1
2023-04-15 09:00:00,STATION-06,food_processing,6.916666592671531,8.292564516934716,7.84526507407183,19.378937830644556,45.39870637524976,3.398865213535337,0
2023-04-15 10:00:00,STATION-06,chemical,5.856145674623582,9.31660217901052,7.2296799228772315,21.05461937590689,421.1959282827552,16.721660100896127,0
2023-04-15 11:00:00,STATION-04,food_processing,7.377830798841254,6.745444456636509,7.53189340547037,18.23820002478459,66.26405672025552,5.176371516434733,0
2023-04-15 12:00:00,STATION-09,chemical,5.565852716881972,11.982022966353842,6.584807237978161,22.03840808436852,330.43671796972075,12.870343429838629,0
2023-04-15 13:00:00,STATION-09,chemical,5.30723621354648,12.618736282897586,7.075988166923704,21.60449090994737,373.42138818399263,17.31547397607544,0
2023-04-15 14:00:00,STATION-07,chemical,5.299659587125448,12.31516143394478,7.694879607553909,21.379492789805347,301.17551080172376,14.838301296969536,0
2023-04-15 15:00:00,STATION-09,food_processing,6.643680396268829,3.4812801129744013,7.365671286275172,17.785730568497968,250.47558155950998,3.0405301492994172,0
2023-04-15 16:00:00,STATION-02,textile,7.844400352469115,19.58857149231277,7.4998368960509305,27.904385150835687,492.79797466376664,8.046598946542742,0
2023-04-15 17:00:00,STATION-04,textile,7.7880833931912665,49.327034329977884,5.557329387632148,28.78560483944154,860.4315487429501,31.66148994185627,1
2023-04-15 18:00:00,STATION-06,chemical,5.2565912599940114,14.477483392042615,6.9452113998583265,19.84045590235605,226.60865821743744,14.466982008501951,0
2023-04-15 19:00:00,STATION-06,textile,7.221274846370039,18.945173399958044,6.586576431401257,26.802401742245085,495.3521826415957,12.998241726480849,0
2023-04-15 20:00:00,STATION-04,textile,7.43787307916567,24.255905936191862,6.973717818277037,27.159338967712365,439.04665512724586,10.505853217786221,0
2023-04-15 21:00:00,STATION-09,food_processing,6.675055799877301,6.716861550949696,8.023526473911438,18.47543801152737,174.01216670783606,5.273145644279853,0
2023-04-15 22:00:00,STATION-09,textile,7.114143054204355,21.100290389030967,6.821471696725857,29.992832044246512,464.58148241758687,10.866776834992212,0
2023-04-15 23:00:00,STATION-01,food_processing,6.562757012186013,5.374115206512764,7.201739238269255,17.892019318321687,240.02529917212107,3.3577844175860654,0
2023-04-16 00:00:00,STATION-06,chemical,6.995759177877906,17.85162511583603,3.2497200651664357,23.826844320851,599.8435287094793,22.388724088238966,1
2023-04-16 01:00:00,STATION-04,textile,7.2304448036738815,22.19920062335543,6.37030971932577,26.460789382485483,585.3541380963205,12.229930058911533,0
2023-04-16 02:00:00,STATION-10,food_processing,6.7863523782272,0.0,7.869648320052826,18.931213491191034,186.8398358018186,5.9098157540193395,0
2023-04-16 03:00:00,STATION-04,food_processing,7.0443610014281575,7.471977954001041,7.50366867138588,19.25529777280085,152.70077205773782,3.562154562169112,0
2023-04-16 04:00:00,STATION-06,chemical,5.065257025788422,18.928603916547896,6.059171888373411,21.164717068739417,448.2791252132041,38.078601341102825,1
2023-04-16 05:00:00,STATION-02,textile,6.998536997767672,17.42024580166529,5.878077614350749,26.596986660438535,531.9701415192995,11.355121445548614,0
2023-04-16 06:00:00,STATION-05,textile,7.682528131921195,24.03998981291329,7.0955285475984775,27.21289700140537,515.7064561066265,13.08233938166969,0
2023-04-16 07:00:00,STATION-05,food_processing,6.888148320732553,2.691854277180621,7.286124928508707,17.944113947103244,161.75933111457064,3.11373206201765,0
2023-04-16 08:00:00,STATION-09,chemical,5.7294895872782785,15.231586371494902,6.238184568884762,21.347291334531388,586.9558920115713,32.13326463804034,1
2023-04-16 09:00:00,STATION-09,textile,7.554632468108048,21.164829917922493,6.77553267559815,28.31755901349311,534.4467265043567,8.382252494339491,0
2023-04-16 10:00:00,STATION-08,food_processing,6.536553027644635,4.173442753117508,7.368795468748351,18.91558561658361,135.4644494247598,4.3537727689339265,0
2023-04-16 11:00:00,STATION-01,textile,7.421062323245831,26.12461635295083,6.606245608466992,26.174227818166663,506.2914641915504,7.377398601605014,0
2023-04-16 12:00:00,STATION-04,textile,6.70265699227038,42.56671642433654,6.123687888519928,28.60452063060083,919.206634674097,16.09586815615553,1
2023-04-16 13:00:00,STATION-09,textile,7.885174540113689,18.818520743765283,7.591055325976707,27.92428493422171,445.19163826466996,11.507763334550708,0
2023-04-16 14:00:00,STATION-02,chemical,5.348271964395883,12.394272089203346,6.983010214197661,21.578894612876077,299.58516161901076,14.452602578269651,0
2023-04-16 15:00:00,STATION-09,chemical,5.196947898416386,7.471213595956788,6.884106256426941,19.687674507025214,370.2064189804045,14.422033101855867,0
2023-04-16 16:00:00,STATION-01,food_processing,6.641380042547065,9.597481914377045,8.297938717824442,16.677831782277014,71.8758464652335,7.565863863488381,0
2023-04-16 17:00:00,STATION-02,food_processing,6.805108041678048,3.912106868390767,7.680142546406464,18.3836970991507,92.7463020820488,4.14498341658596,0
2023-04-16 18:00:00,STATION-04,chemical,3.6567335106122183,20.576707752311,6.980545262385125,22.882313795029695,595.6196318840983,23.71225505236327,1
2023-04-16 19:00:00,STATION-07,food_processing,6.890773310867967,0.0,7.538806603707666,17.1704580459456,168.13824130199532,6.256079132631219,0
2023-04-16 20:00:00,STATION-04,chemical,5.445907651921147,11.613351120703355,7.791199776345731,20.233868834114705,304.11319439447493,15.737316388642414,0
2023-04-16 21:00:00,STATION-07,food_processing,6.723074476714593,7.258166610461355,8.132309503364246,16.692640413844753,177.35574676473584,6.061293961995091,0
2023-04-16 22:00:00,STATION-02,food_processing,7.073463767550047,4.780126866378528,7.7595833850697895,18.075271843119957,189.6352565869504,3.9100297410509812,0
2023-04-16 23:00:00,STATION-03,food_processing,6.428064701835469,8.740370827176449,8.455353975650048,17.67823452449651,190.63138067348888,5.891564128354792,0
2023-04-17 00:00:00,STATION-08,chemical,5.622879124501216,8.032953610277323,6.899903278240076,22.699693828436505,303.51216303542566,16.01837018644294,0
2023-04-17 01:00:00,STATION-06,food_processing,6.552998202621212,7.717327726165754,8.004670954579852,16.43369036396516,288.2410930927098,5.344964172535211,0
2023-04-17 02:00:00,STATION-02,chemical,5.7582405221298885,11.965200585323855,7.535126986921055,22.4449421420657,302.769717382885,16.598515681748367,0
2023-04-17 03:00:00,STATION-01,chemical,5.32955447985789,5.3581101114194425,7.760894486617855,23.283159106354262,311.2115720515867,15.48235190645158,0
2023-04-17 04:00:00,STATION-05,chemical,5.128746500246938,10.39326564156172,6.4998956882991,21.89064249523217,357.28811441954446,18.956051311604988,0
2023-04-17 05:00:00,STATION-02,food_processing,6.7801515178546055,1.6670881053436997,7.6546662752093155,17.797561825542985,239.0962932182511,5.357069352067369,0
2023-04-17 06:00:00,STATION-04,food_processing,6.709591620727345,0.0,8.127324948676925,17.16244302197479,273.1109372521231,6.609235530995202,0
2023-04-17 07:00:00,STATION-07,textile,7.763288522008796,19.622443989532705,6.962396901682153,28.573202780818672,589.4291509393679,11.960239427194413,0
2023-04-17 08:00:00,STATION-08,textile,7.57229508961771,20.043899916996143,6.615834986265214,28.576650877481597,515.7786098924743,10.154746727461317,0
2023-04-17 09:00:00,STATION-07,food_processing,6.7644246810647255,3.582672446518887,8.130583051439515,18.47651466322718,114.69646310588365,3.7401178137634563,0
2023-04-17 10:00:00,STATION-06,textile,7.728705484011402,17.50679700605525,7.068028613133833,28.430055140672856,506.4976978333777,9.041771168549461,0
2023-04-17 11:00:00,STATION-07,chemical,5.459496574219622,11.984347715937181,6.3721181316333535,21.850089523873333,369.2322561543045,16.047990743478593,0
2023-04-17 12:00:00,STATION-02,food_processing,6.533290277287267,4.443136397184571,7.012382661782908,19.700018047741906,182.91039890258315,5.476098323720467,0
2023-04-17 13:00:00,STATION-01,food_processing,7.020855095543237,2.2887975454534413,8.400178235281006,17.708333139032973,137.52409747353002,4.204946034057442,0
2023-04-17 14:00:00,STATION-10,food_processing,6.566544252969084,7.599341033209313,7.384026322245241,19.274992477169324,238.76735798680966,4.310589116794367,0
2023-04-17 15:00:00,STATION-10,chemical,5.674487035604509,8.562963664460323,6.978517719022902,22.874527381412364,335.63421237451877,14.77156811405636,0
2023-04-17 16:00:00,STATION-02,chemical,5.796840544350725,11.062251646085208,6.898897895550449,20.796741411268897,292.1067194388294,13.897717394350655,0
2023-04-17 17:00:00,STATION-09,textile,8.618764253058236,37.63119472895066,4.181718535811228,27.914830812242478,880.4791888094998,22.451459811155793,1
2023-04-17 18:00:00,STATION-05,chemical,6.417609681636039,15.425405181869635,5.567593229949497,23.295155769826923,479.25450920879484,40.381917820534824,1
2023-04-17 19:00:00,STATION-05,food_processing,5.297173066569119,16.69807964922326,6.51755343648855,18.717530497075867,358.7562058636402,14.870687775259057,1
2023-04-17 20:00:00,STATION-02,food_processing,7.543675846245771,12.146919049431448,7.298797346590192,17.002908767092986,505.06326209348816,7.282660551342937,1
2023-04-17 21:00:00,STATION-08,textile,8.51270506093744,38.901296619024166,5.002019050421911,28.02226060291527,642.9563201993004,14.788845057046236,1
2023-04-17 22:00:00,STATION-07,textile,7.738943044998158,22.031975041765307,6.724793512316654,28.20080005353029,537.0168636147447,12.830055085656404,0
2023-04-17 23:00:00,STATION-01,food_processing,6.79413483873052,7.516758662914517,7.984352595070835,18.05019934542659,222.4759487145321,3.4674950539069522,0
2023-04-18 00:00:00,STATION-03,textile,7.749338209379751,25.79067723487344,5.830777361125167,27.374048377724023,524.7556089585435,6.1588870652446355,0
2023-04-18 01:00:00,STATION-04,food_processing,6.7342606385391175,4.018136265858332,7.890418848750171,19.12371686184175,47.540399169134815,1.7817222922069167,0
2023-04-18 02:00:00,STATION-07,chemical,5.629817020618691,15.883284656559201,6.871910671579759,20.924148511335453,321.51956331705975,14.63088039626023,0
2023-04-18 03:00:00,STATION-05,food_processing,6.759057398972501,6.805969416994887,7.853366131086066,16.376731811539592,77.16219415420176,6.130120161757219,0
2023-04-18 04:00:00,STATION-03,food_processing,6.96868217077052,0.0,8.266880091538347,18.41948658546349,149.5428617463258,4.588831707148066,0
2023-04-18 05:00:00,STATION-06,textile,7.4909066221620995,18.209206793596607,6.177432139438215,28.028733032446418,495.1052366831029,10.625881707798971,0
2023-04-18 06:00:00,STATION-09,chemical,5.88791227148974,10.92411382419895,7.775838630477459,21.770904534534033,258.75519509966773,16.56395059008955,0
2023-04-18 07:00:00,STATION-03,food_processing,6.061874253102189,0.0,7.949345402520663,17.53949748244027,178.9187374877243,22.089696867605817,1
2023-04-18 08:00:00,STATION-01,chemical,7.254819905040569,24.288202303457396,4.063703292940389,23.335362579090148,386.6105281426531,29.299908917733394,1
2023-04-18 09:00:00,STATION-10,chemical,5.360441309106468,9.66368604053875,7.2814965835173275,23.488116936569337,269.7256507391532,15.62855842455873,0
2023-04-18 10:00:00,STATION-07,food_processing,6.998264616499274,3.694624261688948,9.411055891929779,19.378277915835938,100.41877276190158,5.236437988960472,0
2023-04-18 11:00:00,STATION-09,food_processing,6.787492511564255,3.4693540899160933,8.213527771622624,18.332784888076624,165.8412242980034,5.277744409601023,0
2023-04-18 12:00:00,STATION-05,chemical,5.603176554425281,15.518612966487236,6.514786717629864,23.070822215083762,290.8633628119115,15.863338399964439,0
2023-04-18 13:00:00,STATION-06,chemical,4.2549094978671835,34.75534939814372,4.662951399298044,22.5587738421619,545.523792097969,28.315925313819463,1
2023-04-18 14:00:00,STATION-07,chemical,5.621080206613341,8.335831826184634,7.843889893415162,22.568470163679486,294.44253009137867,16.14225033326091,0
2023-04-18 15:00:00,STATION-09,food_processing,5.945778203098602,5.811214886280851,8.62873626922572,19.347625501313754,436.9223472018774,14.476114893186015,1
2023-04-18 16:00:00,STATION-03,chemical,5.195866518513607,9.873121382462068,7.1561002283167685,21.95939856477754,296.1241111117759,15.394534982348386,0
2023-04-18 17:00:00,STATION-04,chemical,5.606626880741682,11.484189293416993,6.901196724092433,22.8749100602757,330.8384263092218,17.094070949903532,0
2023-04-18 18:00:00,STATION-05,food_processing,6.8548760287555135,2.391964820958103,7.441177308692968,20.103679888730785,168.29166463321573,8.27668384118863,0
2023-04-18 19:00:00,STATION-02,chemical,5.537165240650096,5.543932617764436,7.141575278325343,22.338244774436944,235.87039998508095,14.057824258610417,0
2023-04-18 20:00:00,STATION-10,chemical,6.435584370866057,21.618764680371132,7.132786171592139,21.619368201531763,679.9352352795295,49.61173549505976,1
2023-04-18 21:00:00,STATION-09,chemical,5.65268592151532,12.44004230484039,7.397611523422549,21.021223242313912,376.9159818316298,15.869474747654104,0
2023-04-18 22:00:00,STATION-09,textile,7.352690142887418,25.294486353810804,6.093940606321462,28.53015790949156,532.0656038476444,8.552807484598649,0
2023-04-18 23:00:00,STATION-05,chemical,5.1683598702801845,9.82590398075441,6.700045440768799,23.17498089433727,287.45912441198044,16.336810488819275,0
2023-04-19 00:00:00,STATION-02,food_processing,6.7744153083989,1.7943662092650805,8.376515079962331,18.731240517325073,86.1128787172803,3.2913388038960805,0
2023-04-19 01:00:00,STATION-02,textile,8.033065113172759,39.29110781508281,3.9817371541088122,30.681072127379903,775.3657796133265,20.91485165706985,1
2023-04-19 02:00:00,STATION-10,chemical,5.650035731632591,17.16097789635168,4.400102780905456,21.205854337412532,616.6329863511713,39.97802481424229,1
2023-04-19 03:00:00,STATION-06,textile,7.253567658740316,19.32890275035008,7.152311809927625,29.126931916660077,555.9882674126148,8.740453753855903,0
2023-04-19 04:00:00,STATION-03,textile,7.745913947535938,22.033904037117225,7.006019487697302,27.96084005132923,589.8410033755323,9.921032153742534,0
2023-04-19 05:00:00,STATION-04,food_processing,7.079015072557673,3.669876522829053,7.497483134067868,17.737389779053583,215.95172330830562,7.207778868023769,0
2023-04-19 06:00:00,STATION-05,chemical,6.334385529992816,11.57043075322714,6.687809827498694,20.40719857145835,641.0287282916568,35.79457116328761,1
2023-04-19 07:00:00,STATION-02,food_processing,7.170971537884054,5.430129939503846,7.382451877651841,18.460062610648926,114.06887003926735,3.4850963315414276,0
2023-04-19 08:00:00,STATION-06,chemical,4.530570818229979,6.092709428319111,5.527817999854717,21.50738878663724,468.3681328435832,31.047723108340428,1
2023-04-19 09:00:00,STATION-08,textile,7.538432366785745,23.41356984684954,6.371894788185461,27.35088453096403,526.931073088718,12.425871707976997,0
2023-04-19 10:00:00,STATION-10,textile,7.333828571466928,28.907216571423206,6.2149937838364355,28.7300671774052,646.1401654619016,11.03538334191651,0
2023-04-19 11:00:00,STATION-05,food_processing,6.640908766653117,6.478966054109296,7.71692357191708,17.25037436673805,139.82696944785482,8.547433411772587,0
2023-04-19 12:00:00,STATION-10,food_processing,8.471632383394605,3.7948411074173696,6.433012558297202,17.99127932478697,226.87956824996448,17.703521451601702,1
2023-04-19 13:00:00,STATION-10,chemical,5.157889500762993,11.38904454387904,7.0098228615358895,20.647152749520043,409.762245447972,17.895950066503207,0
2023-04-19 14:00:00,STATION-06,food_processing,6.5640092143766955,6.851225705348049,8.207249609047894,19.769276770540205,212.48310178299374,3.1739111148129733,0
2023-04-19 15:00:00,STATION-07,textile,7.697853726684059,18.779916856377433,6.759307585798038,28.703597415971643,461.21714540173235,11.404258100217081,0
2023-04-19 16:00:00,STATION-01,chemical,5.34826685413225,8.527189757086385,6.62060427847218,20.957063660702065,235.02014739108898,14.63855650743132,0
2023-04-19 17:00:00,STATION-04,textile,6.493902244595037,58.48442338070844,5.424406856042523,27.49943705677574,840.50106002185,14.580464406972602,1
2023-04-19 18:00:00,STATION-07,chemical,5.432481305910374,15.434971559607852,7.335307042894215,24.505311963678416,266.3091964359331,16.485340488092483,0
2023-04-19 19:00:00,STATION-06,textile,7.82900504473129,23.700344461808452,7.795973523869043,28.745420282714203,541.868714219531,10.81894464329368,0
2023-04-19 20:00:00,STATION-06,chemical,5.77404303870423,14.517116784438876,6.966531551005804,22.051060765504456,316.71737104734177,14.626830313577981,0
2023-04-19 21:00:00,STATION-08,textile,6.949848309152448,31.526260892511505,4.689292090386011,28.159536340321075,847.9618512834965,20.84775494711799,1
2023-04-19 22:00:00,STATION-06,textile,7.470541322809781,22.976312968745315,6.736422389929522,26.652807688219873,562.9235782007021,10.971131750843906,0
2023-04-19 23:00:00,STATION-08,textile,7.674732101939882,18.42748490502886,6.6894911292850345,27.766439727989702,485.2843312831686,11.359714150265011,0
2023-04-20 00:00:00,STATION-02,food_processing,6.541095563641897,0.39408109351637943,7.640166461489629,18.44010649211332,128.32005991321586,5.4923363140006405,0
2023-04-20 01:00:00,STATION-10,chemical,5.285005809278259,9.349079233798436,7.39528028032467,21.466484940014073,249.40600254177326,15.54651762299039,0
2023-04-20 02:00:00,STATION-05,chemical,5.452144208193132,5.016879225887136,6.573510356003923,24.469566796727186,322.9860351021385,15.280095614550943,0
2023-04-20 03:00:00,STATION-09,chemical,5.584987737159318,13.045918847874454,6.3786575282888,22.61443296060078,261.75390470962867,13.02295584618336,0
2023-04-20 04:00:00,STATION-05,chemical,5.299224729574502,10.468061406491023,7.328679988886219,23.56702300800658,359.20152748395446,15.221526680129328,0
2023-04-20 05:00:00,STATION-02,food_processing,7.066064343765276,6.505769899164861,8.078718455176316,19.01184924126295,126.27077631925654,7.675938768307359,0
2023-04-20 06:00:00,STATION-02,food_processing,6.822467547245301,6.793153978444485,7.272913362796737,17.722046467341503,140.90128648550973,4.83576154635064,0
2023-04-20 07:00:00,STATION-09,chemical,7.053623312414614,21.26566430014781,3.875212482599526,22.995598759502222,705.6161999386809,28.450749091830378,1
2023-04-20 08:00:00,STATION-01,food_processing,6.614934646785525,6.856907416471103,7.529010170123494,19.032811733676763,151.63584556481212,7.882122990448182,0
2023-04-20 09:00:00,STATION-10,food_processing,6.828106510934558,1.697437395380002,7.864953576121049,17.401121159357693,98.72687124784056,5.474714565770238,0
2023-04-20 10:00:00,STATION-10,textile,7.558360740826278,16.59968935057607,5.909059395414659,27.091944574422786,485.521242305996,7.9147662724096035,0
2023-04-20 11:00:00,STATION-01,chemical,5.145552973657941,7.748283670869694,7.267089246385129,22.36475529519163,286.6181834460369,14.747040923955499,0
2023-04-20 12:00:00,STATION-05,food_processing,8.934655458137147,8.350472558039026,5.97595348066851,17.25505106149694,300.9311680486255,8.3266353051427,1
2023-04-20 13:00:00,STATION-09,food_processing,6.519048691940175,2.056770526046305,7.725414473202667,17.9492083220044,118.55752194083553,6.107066158568559,0
2023-04-20 14:00:00,STATION-03,textile,7.991706319367533,43.40829212736277,4.560702452400246,27.64527974850925,1015.4589723217513,20.416268207756765,1
2023-04-20 15:00:00,STATION-07,textile,7.9349691914856155,22.589223199067014,7.4094138527263125,26.32221040444882,511.20435061144303,11.204870909571076,0
2023-04-20 16:00:00,STATION-10,chemical,5.647515706566641,8.48842361354706,7.048500287727138,21.52142474225317,236.63005450201382,14.054854938862942,0
2023-04-20 17:00:00,STATION-05,food_processing,6.402487873442464,3.9648358905398218,8.42641823241912,17.68804179012573,164.25989762468888,4.313507171361615,0
2023-04-20 18:00:00,STATION-08,chemical,5.389207785953142,8.955855889265372,7.243986428056584,22.520109595624827,302.99110737316136,14.912460959285205,0
2023-04-20 19:00:00,STATION-09,food_processing,6.892236133110951,5.951026284934114,7.210658451924088,18.008600471062515,205.2785671570804,3.4903676925473315,0
2023-04-20 20:00:00,STATION-07,chemical,5.276680712044914,12.807340190704391,6.908883976396055,23.6292830356218,281.16783234725466,16.70017759322469,0
2023-04-20 21:00:00,STATION-09,textile,7.349753136105394,24.787167450771854,5.748974038365529,26.654190302277506,507.4447739053047,8.116336536395565,0
2023-04-20 22:00:00,STATION-04,chemical,5.589057722079796,8.662233512689989,7.043775322845106,22.35749923194795,285.3219243517135,16.419600476174512,0
2023-04-20 23:00:00,STATION-03,food_processing,7.842891763438779,13.699694516644428,7.061034914292166,20.099865923474876,460.2667907422513,4.180163728755899,1
2023-04-21 00:00:00,STATION-03,food_processing,6.860007723811833,4.885682126453565,8.783614031843952,17.991638144161644,112.15841581558182,4.850285550209569,0
2023-04-21 01:00:00,STATION-03,textile,7.328493522152334,14.896054779559506,6.742788514974387,28.316441624879232,496.8377593299481,8.385097752619632,0
2023-04-21 02:00:00,STATION-10,chemical,5.270206108365087,10.264810055135854,5.225790196476073,20.123894875563945,472.62214870122096,33.53568731757658,1
2023-04-21 03:00:00,STATION-03,food_processing,6.734866208644365,2.2313077509388526,7.169072966624042,18.068423542294287,209.06129181935756,3.6655042841530934,0
2023-04-21 04:00:00,STATION-08,food_processing,6.859116553355478,2.796361129235233,7.837368835353349,18.082486839252898,126.28956613086919,5.509294094337337,0
2023-04-21 05:00:00,STATION-01,textile,7.533576456965078,23.71906473352525,5.809737846217498,29.020202041456084,488.8573359462521,12.048976412694527,0
2023-04-21 06:00:00,STATION-08,chemical,5.455201450941513,8.61595351812598,7.524467581292554,22.611527948982065,227.83297786359725,14.852203327368185,0
2023-04-21 07:00:00,STATION-02,chemical,5.294072111370349,11.008462869881942,6.843404153979672,20.1563240056039,356.19925730688885,15.475766199557855,0
2023-04-21 08:00:00,STATION-06,textile,7.550086571278842,21.880663164354576,5.902969759987677,27.930772664720028,589.7917404689638,9.321183336664902,0
2023-04-21 09:00:00,STATION-01,chemical,5.342196304899863,8.985246688949136,7.272299774360825,20.801073646058896,282.03018264919467,15.631873146067239,0
2023-04-21 10:00:00,STATION-04,food_processing,7.284111026201749,0.9517869852555991,9.043248291736624,18.008306992701304,204.9339477435258,5.904012945669245,0
2023-04-21 11:00:00,STATION-06,food_processing,6.562190647076562,4.874750877495932,8.689385169574583,18.646633456198426,169.7854421634303,2.293435834495604,0
2023-04-21 12:00:00,STATION-08,textile,7.504121741357091,24.56778615756419,6.459909014458561,29.32122078319219,489.3112219727589,11.775635381990838,0
2023-04-21 13:00:00,STATION-01,textile,7.556086380315168,20.433533274246503,6.672337210180687,25.588092172274685,497.8261812200248,11.080656974627221,0
2023-04-21 14:00:00,STATION-06,chemical,5.426434230519656,14.073948335355484,7.489350234230607,23.662594760903364,313.65329279878887,14.073344808704741,0
2023-04-21 15:00:00,STATION-09,chemical,5.483821125196091,7.968574542609492,6.500833347503124,20.845011664309517,303.9301976418345,16.942176164185874,0
2023-04-21 16:00:00,STATION-05,food_processing,6.524369512552071,7.763695782316608,7.4585090133976255,18.64757209984002,119.50048194094057,1.1759348443990545,0
2023-04-21 17:00:00,STATION-05,food_processing,7.0045825364051115,5.930583632152845,8.151727542094768,18.094252273797082,46.991892298425725,5.525507336108797,0
2023-04-21 18:00:00,STATION-09,food_processing,6.650251445772733,5.738599108036385,8.503219158127596,17.548272889553804,75.98979864796497,4.5927326755306925,0
2023-04-21 19:00:00,STATION-03,food_processing,6.615183366005636,6.399656346462049,8.005604429739758,18.71154367892378,183.70988802830317,4.710750839348182,0
2023-04-21 20:00:00,STATION-07,textile,7.265458049027225,20.299918332477112,6.0035839860972,27.688137460335756,529.1027912422632,10.370752834620495,0
2023-04-21 21:00:00,STATION-10,textile,7.354473571144408,14.964015343438222,7.502240843437548,27.33990693203599,477.55573097421154,8.853777164618023,0
2023-04-21 22:00:00,STATION-02,food_processing,6.722406506721204,9.314219560281662,7.375631091968097,16.873224953010656,73.07328843558312,3.9571859500050253,0
2023-04-21 23:00:00,STATION-05,food_processing,6.755411032744177,5.4101349118836,7.976591206569857,17.89279350369069,79.71769490381799,5.839454369456696,0
2023-04-22 00:00:00,STATION-04,textile,7.2831270118202145,14.603855267870712,6.2764199535323835,27.299571618709454,491.3462570834112,10.40380869778478,0
2023-04-22 01:00:00,STATION-07,food_processing,6.734691961301809,8.733440451349374,7.839983655727083,18.39896426270954,220.956518377715,3.9987619940593424,0
2023-04-22 02:00:00,STATION-06,textile,7.472250530499655,18.740455415312145,6.548067486872875,27.983730336730204,576.5407013297813,10.346827912948488,0
2023-04-22 03:00:00,STATION-08,textile,7.2316138856345,20.653252768270967,6.885368962727968,29.055738343619534,474.04322237792746,8.229820087448331,0
2023-04-22 04:00:00,STATION-01,food_processing,6.937175333350728,3.675649824700325,7.739989706342078,19.393843002672963,197.44453023315788,6.586980021094259,0
2023-04-22 05:00:00,STATION-03,food_processing,6.677828594121593,3.4661145810812553,8.437541775729338,17.247560837703986,74.51675716360236,3.6302053454221777,0
2023-04-22 06:00:00,STATION-03,textile,7.457939921042612,19.337765385088066,6.3564361850422655,27.29178124125385,477.7822033079401,9.780631629073966,0
2023-04-22 07:00:00,STATION-02,chemical,5.505009863213986,8.06604183294374,6.7960280894346585,23.31977354696547,267.9414395819316,14.811077560162579,0
2023-04-22 08:00:00,STATION-05,food_processing,6.350750825670357,4.161827517289373,7.707105891596349,17.246400913529072,195.57780599738481,5.08746205619733,0
2023-04-22 09:00:00,STATION-03,chemical,4.208778921467979,17.56978902605005,4.771767722352262,23.57624406496989,575.941439971106,27.592092502658367,1
2023-04-22 10:00:00,STATION-03,chemical,5.648212657209002,8.94738406190402,6.772585021897838,22.62131702849652,291.9282670749009,11.870449983768047,0
2023-04-22 11:00:00,STATION-10,textile,6.959549685612325,47.34986209056522,5.994310587170093,26.20991980254269,1036.760681107591,16.213572285292564,1
2023-04-22 12:00:00,STATION-02,food_processing,6.573681426775655,4.836732469154258,7.792246311079907,16.934600669397387,183.24043131484044,5.520622735247008,0
2023-04-22 13:00:00,STATION-04,food_processing,6.746700386193963,1.9294602434722448,8.104638408768771,17.08682084621477,147.22871278030578,6.23094477081199,0
2023-04-22 14:00:00,STATION-06,textile,7.1856633982442695,15.905801049807922,7.036218608611395,27.706647812960508,495.40137884829056,10.164460291235999,0
2023-04-22 15:00:00,STATION-02,food_processing,6.593630231155046,0.0,8.65475315216639,19.160559328056454,243.64328482965985,3.8784756412469927,0
2023-04-22 16:00:00,STATION-08,textile,7.51396271630161,19.906054981571305,6.441201029144846,27.184227559383334,520.3775930089153,9.226458794487021,0
2023-04-22 17:00:00,STATION-04,textile,7.27677451541816,14.789746017469936,6.297725904274215,28.192659650244245,471.3631208546013,9.38221312595264,0
2023-04-22 18:00:00,STATION-03,food_processing,6.824500646620764,0.0,7.001526869914166,17.940739927680397,134.06611833095977,4.966321957254227,0
2023-04-22 19:00:00,STATION-07,food_processing,6.6756443102872325,5.379255104476286,6.566334293308444,17.76513480727989,263.37141574305457,8.568990865235419,1
2023-04-22 20:00:00,STATION-04,chemical,5.26798338447128,3.5925267489659145,7.075653270004867,23.16874480420652,332.37619774294166,14.043489263173935,0
2023-04-22 21:00:00,STATION-03,chemical,5.620842069446369,6.412416639896058,7.386559986546124,22.18828636759084,300.46522486926995,15.82085639450766,0
2023-04-22 22:00:00,STATION-10,food_processing,6.8762074734110925,4.387933837692754,8.142052404448355,17.874142109152974,212.48843476283955,6.663853700061167,0
2023-04-22 23:00:00,STATION-03,chemical,5.043185157870093,24.25732120314454,5.061905909215191,20.874603834582153,270.0246723237834,36.981943961555025,1
2023-04-23 00:00:00,STATION-09,food_processing,6.723534407345151,7.535614136935365,8.462152133412063,20.24220208859643,182.4973455511867,3.8496480297898326,0
2023-04-23 01:00:00,STATION-10,chemical,5.293288451219868,9.715389507687227,6.590018200049449,22.502028127739074,352.63741239393164,13.804131204029687,0
2023-04-23 02:00:00,STATION-01,chemical,5.323960343665196,8.001619076950922,7.571005551372377,21.7795437817189,353.42717926411257,16.556414717132498,0
2023-04-23 03:00:00,STATION-05,chemical,5.40525820468641,9.416586066013299,6.791259668113618,22.029667808261014,302.30895816200234,15.818582992885466,0
2023-04-23 04:00:00,STATION-09,chemical,5.629922394027876,12.854969697174596,6.811350956069612,21.92415175519492,277.0354643836873,15.207081570391754,0
2023-04-23 05:00:00,STATION-10,textile,7.893178524992874,18.24339135260534,5.9969290309664665,27.594255096451274,420.0734637117039,10.413315047779678,0
2023-04-23 06:00:00,STATION-01,food_processing,6.7145936453516075,2.4554486478972777,8.324740399969967,18.75919350853864,145.9368462309186,3.562742377786143,0
2023-04-23 07:00:00,STATION-05,food_processing,7.241176625109485,9.405875989009543,7.1239480271851425,17.69161163044543,142.44488610815296,6.829434611308466,0
2023-04-23 08:00:00,STATION-04,chemical,5.71196137569044,7.382589872021623,6.669493331001382,22.543840195833845,331.02854330664275,15.489639319380059,0
2023-04-23 09:00:00,STATION-10,textile,7.525958183877914,20.80728967324169,6.857980487585906,28.140952372437404,531.5082853618264,10.075183803652825,0
2023-04-23 10:00:00,STATION-08,textile,7.482540338186048,17.620915552004753,6.771978137401556,27.950950582672665,464.3565556802718,8.829504033700355,0
2023-04-23 11:00:00,STATION-04,chemical,5.663919051687032,12.528789774316234,6.761817121749064,21.948657288964373,320.4449725239521,15.95543820533221,0
2023-04-23 12:00:00,STATION-10,textile,9.26383996170031,32.80047597310809,4.559677647921648,26.448673300600568,765.3932270632585,32.2130710687488,1
2023-04-23 13:00:00,STATION-10,chemical,5.32681276834516,9.67997318784397,6.4940653806827715,22.656253174895507,178.011604160714,14.661875899623963,0
2023-04-23 14:00:00,STATION-10,chemical,5.597228693655495,11.828717184529415,6.686802549731277,22.260886517316692,257.96954375064064,15.741544475792107,0
2023-04-23 15:00:00,STATION-09,food_processing,6.981415724509221,8.851461688498661,7.767231847837202,17.788249929763058,203.37671250539228,5.572060346506324,0
2023-04-23 16:00:00,STATION-03,textile,7.5998613353881534,22.682169577647016,7.0645290847621505,28.053742561607628,475.2773407966695,8.604207566952269,0
2023-04-23 17:00:00,STATION-06,food_processing,6.204145346453143,8.968511329023874,6.619326840432209,18.280472738844605,346.28149623652496,16.404899242353604,1
2023-04-23 18:00:00,STATION-10,textile,7.526687231566939,18.848311328372407,6.616085643423298,27.742704772510738,460.78787304861083,9.66970639758409,0
2023-04-23 19:00:00,STATION-02,food_processing,6.917815317169935,3.7062862478452274,8.018539372811198,17.09544907189412,138.96373721118258,5.358857180401554,0
2023-04-23 20:00:00,STATION-07,chemical,5.627008993086377,12.4427152011397,7.518652800001804,21.55898768465657,354.2253146297271,13.94218907203756,0
2023-04-23 21:00:00,STATION-03,textile,8.581345957941357,23.80980688234371,4.216653515201726,28.292445000079024,702.7460208371723,32.57171670660397,1
2023-04-23 22:00:00,STATION-01,chemical,5.161943417599243,10.051336085341141,6.06510845125695,20.91545735461403,264.3149413264738,14.937190019842243,0
2023-04-23 23:00:00,STATION-09,chemical,5.434103354589452,16.439634376970723,6.843350757009099,21.64317672653011,233.9059233710123,16.768930468104166,0
2023-04-24 00:00:00,STATION-07,food_processing,6.7893442910460315,11.635727750588643,7.14343957145984,18.194293103419522,124.6460166483098,5.916036677336591,0
2023-04-24 01:00:00,STATION-10,chemical,5.657898701114885,13.710639570441408,7.956669872079765,21.477954439734166,316.65363535502615,15.946351046021489,0
2023-04-24 02:00:00,STATION-03,chemical,5.511698862277212,27.60636233322125,3.744676953153614,21.299592823735882,427.7588286993175,30.140058393474888,1
2023-04-24 03:00:00,STATION-10,textile,7.1956269650972695,21.743744046230383,6.399663154937313,27.71685263034243,505.79963416562106,10.045283709265426,0
2023-04-24 04:00:00,STATION-01,food_processing,6.810851922659967,8.103931019976748,8.395364669294672,17.293205191371825,116.24509843820435,6.102825396985914,0
2023-04-24 05:00:00,STATION-09,food_processing,6.658058241510961,7.03907930794262,8.688454076403222,18.465466427336544,59.41640510097507,4.303530893690845,0
2023-04-24 06:00:00,STATION-02,chemical,5.539823700033207,11.171300347657429,6.679717319670515,23.16415967590817,291.1152490026665,14.638925064963002,0
2023-04-24 07:00:00,STATION-03,textile,7.966461326941177,20.611067063007102,6.484633603444563,26.258477042931638,458.6112990259554,10.094612827612432,0
2023-04-24 08:00:00,STATION-09,food_processing,6.760672344489607,6.438466379672134,8.094182345934072,18.091188693968352,169.64538858718467,3.871695908458281,0
2023-04-24 09:00:00,STATION-07,chemical,5.466222411943704,7.16795437327264,6.063184125887816,21.82947608770173,327.776935102874,17.22367884337808,0
2023-04-24 10:00:00,STATION-07,food_processing,6.977047603418484,1.2093078271044724,8.967473059504778,16.922649042706553,69.46568678013003,4.782847424361263,0
2023-04-24 11:00:00,STATION-01,textile,8.363851790597945,29.766892586460777,4.162417235657793,26.11072322515281,837.8248620843308,17.210630565417002,1
2023-04-24 12:00:00,STATION-09,food_processing,7.111076678080146,3.956794511621796,8.235434864936119,17.26286755452351,48.02700600699772,6.061168699354968,0
2023-04-24 13:00:00,STATION-04,textile,7.533075261279094,19.885075603607,6.669054252356009,28.400995379008364,499.5321669915756,9.190965781144588,0
2023-04-24 14:00:00,STATION-07,textile,7.602248094085936,22.4825189988952,7.370479223190486,28.318702109887642,466.404281688991,12.570332182345124,0
2023-04-24 15:00:00,STATION-10,textile,7.4548807276645235,16.609866702029482,6.460560519770029,27.859719209289093,520.2589683021444,12.189121228584034,0
2023-04-24 16:00:00,STATION-10,food_processing,6.871713690641269,9.607236413667986,8.016403603728042,17.828470352761304,109.20771232027178,6.618646446367965,0
2023-04-24 17:00:00,STATION-07,chemical,7.169448108347848,26.03318590039494,5.676782887669637,20.92236655326451,257.6403847429944,37.442937064654224,1
2023-04-24 18:00:00,STATION-05,chemical,5.256195879135132,11.54470832546118,6.875502028510218,21.830025714971363,335.5633092052337,16.32848806970785,0
2023-04-24 19:00:00,STATION-04,textile,7.530241577111502,14.379041655874362,6.729609511605914,29.331361192415248,480.106910165958,11.98589149987102,0
2023-04-24 20:00:00,STATION-05,chemical,5.510717710831538,16.093803596468415,5.794803821034691,23.158500579405125,496.4647738358603,22.40159729281597,1
2023-04-24 21:00:00,STATION-09,food_processing,6.847774864988969,2.195521359006664,7.205246378113811,16.94009188469567,181.24016675127538,4.61893187089413,0
2023-04-24 22:00:00,STATION-05,textile,7.3543511133016475,15.873907558798257,6.00670859407406,28.556769028280907,501.6866099874167,10.256619793152646,0
2023-04-24 23:00:00,STATION-01,chemical,5.288491057139472,12.875556198730878,6.59344862356689,20.371182104060637,307.0287641397539,14.451910745875146,0
2023-04-25 00:00:00,STATION-01,food_processing,6.853604007631887,3.0326384043141497,8.717179928734447,17.750308174276526,225.23824509988046,2.9826247931543795,0
2023-04-25 01:00:00,STATION-09,food_processing,6.434817828792047,4.066695290965664,9.20782096320702,19.10039218995365,134.3458012746778,3.576956172059645,0
2023-04-25 02:00:00,STATION-09,chemical,5.571224692146242,6.399901509321633,5.649418043257242,22.378372028254848,364.09212410178634,14.964704064694184,0
2023-04-25 03:00:00,STATION-07,chemical,5.587592204200586,12.303676934444098,7.557857850899186,20.132886805028942,254.0506815360191,15.628184113603554,0
2023-04-25 04:00:00,STATION-04,food_processing,6.9643280368110325,5.384619008273771,8.466060912240335,17.681296731602526,194.542822350907,1.846041509281421,0
2023-04-25 05:00:00,STATION-06,food_processing,6.250563458696861,5.991214860720124,8.667325635839003,19.06300052024554,91.26827615433128,7.42020303435841,0
2023-04-25 06:00:00,STATION-06,textile,7.303538318103971,50.318235833558745,5.4123893119627065,29.78637768500564,1085.170757359667,24.404347573765282,1
2023-04-25 07:00:00,STATION-03,chemical,5.70688312731877,12.116528443850616,7.255097102649601,19.512924387439714,298.1438725547133,14.048835047913263,0
2023-04-25 08:00:00,STATION-10,textile,7.642790165314024,15.976283028095374,4.90592683603091,27.91355134458598,479.2162866527043,13.27790764317307,0
2023-04-25 09:00:00,STATION-05,textile,7.314712209214478,15.856011632354937,6.72538755286083,27.622431824602025,531.9232808928522,11.308651253802386,0
2023-04-25 10:00:00,STATION-07,food_processing,6.989853451145493,3.960510158823042,8.243185219312432,18.487143275825925,180.01831188059955,5.0803479233853475,0
2023-04-25 11:00:00,STATION-06,food_processing,6.763293695863088,6.682894479836074,8.363354585668882,16.287607240109523,136.2793659421459,3.4019475688639638,0
2023-04-25 12:00:00,STATION-05,food_processing,6.773351536601408,10.318859162448465,8.500355524317445,18.596963534926097,161.63287030240517,7.139699993184955,0
2023-04-25 13:00:00,STATION-07,food_processing,6.704161221916879,2.8894953126466474,7.9968151263324705,18.2407202905798,173.15434080811343,3.9869893453458944,0
2023-04-25 14:00:00,STATION-07,chemical,5.542570202789479,9.922231743760536,7.12225406691417,21.551074072432336,238.0738796504727,15.965439403741323,0
2023-04-25 15:00:00,STATION-09,food_processing,6.902110223037999,2.4535268403138466,7.881719003225903,17.939138162715928,225.59191714384042,5.346954938272791,0
2023-04-25 16:00:00,STATION-03,textile,7.2948326476560705,20.019771086702217,6.637973549300003,27.837466956643595,528.278172255078,8.929943324289884,0
2023-04-25 17:00:00,STATION-09,textile,7.397779020121484,18.330598034216347,5.854148152351051,27.629763637731315,418.0641260973781,13.070483323434502,0
2023-04-25 18:00:00,STATION-08,food_processing,6.684810462131761,4.978155364584331,8.554779033373372,18.939983820666832,112.11394337362177,7.216271812914892,0
2023-04-25 19:00:00,STATION-05,textile,7.596510933268979,20.877396352042354,6.7942429767251165,28.09104570332997,428.9747160113317,9.73156413615107,0
2023-04-25 20:00:00,STATION-06,food_processing,6.705975568475826,3.485631693253209,6.997461181894082,17.481317470940244,138.17406740828375,5.610316592777523,0
2023-04-25 21:00:00,STATION-07,food_processing,6.961139398370744,2.677303789879031,8.176686511709603,18.496331981182546,79.55624323992183,1.7377567099649496,0
2023-04-25 22:00:00,STATION-03,food_processing,6.767596873221352,0.0,8.40701264738055,19.04931653486222,250.12684893381777,3.8391326007223627,0
2023-04-25 23:00:00,STATION-02,food_processing,6.58146483645642,4.619393671543921,8.23906586182171,17.805026482509493,165.13758516484725,6.256436339492199,0
2023-04-26 00:00:00,STATION-04,food_processing,7.013133613806123,2.2306625858407223,6.750442080224905,19.028513803482532,132.6919319950103,4.215968472932656,0
2023-04-26 01:00:00,STATION-03,textile,7.432826613030914,22.435898287255643,6.6986273400168725,28.419196918997088,494.16549700316716,9.658857024554058,0
2023-04-26 02:00:00,STATION-04,chemical,5.416827829251171,12.365139080512108,7.101422849189744,22.738148916333035,243.94201448330114,14.443120101071806,0
2023-04-26 03:00:00,STATION-07,food_processing,7.036277773601169,11.207594388670973,8.864979517661451,19.257232200196878,167.0330890879861,7.314123502271695,0
2023-04-26 04:00:00,STATION-09,textile,7.502173569088009,20.130658716282063,5.555889500663792,26.170398302997864,485.6689325626463,10.778704088367927,0
2023-04-26 05:00:00,STATION-01,food_processing,6.83313824904744,8.353902923077232,8.856302696397012,16.974084965036088,131.10869686946668,5.647440501318877,0
2023-04-26 06:00:00,STATION-07,chemical,5.6298749718776735,14.275016680899313,5.834351634889581,22.21506917255752,320.90105391114963,15.806104628462018,0
2023-04-26 07:00:00,STATION-01,food_processing,6.347198051500883,2.868317711930076,8.838977704961861,17.764770767470033,168.76456849139367,4.908505833839549,0
2023-04-26 08:00:00,STATION-03,chemical,5.618123536443675,9.352669446539377,7.301837741077804,19.947354995204854,282.58647357683424,16.04422379061547,0
2023-04-26 09:00:00,STATION-10,textile,7.172214925719415,26.093845169130585,6.966098175013545,28.99268483577053,436.88094974857194,7.907212234088332,0
2023-04-26 10:00:00,STATION-02,textile,7.271536921625345,19.858162431197727,6.454780805567642,28.207772065610122,556.3269140891247,9.524938918112726,0
2023-04-26 11:00:00,STATION-05,chemical,5.2738681672393515,14.89444034332816,6.798392421830178,21.521082147167842,342.5179446007106,15.583269232475363,0
2023-04-26 12:00:00,STATION-06,chemical,5.188439777730468,12.760705331036263,6.154208552139061,22.021271368100123,729.4946503910629,35.06726200482804,1
2023-04-26 13:00:00,STATION-10,chemical,5.527242907973563,7.666881619507086,6.126644656329402,23.48771494079635,316.4615968158969,14.8428056023208,0
2023-04-26 14:00:00,STATION-07,chemical,4.970691105290733,15.547792784065118,5.536745400889821,20.940669465071828,529.4416992652657,26.480343505100702,1
2023-04-26 15:00:00,STATION-10,textile,5.806182368577858,43.37411797526219,5.245264948962387,27.762877978025365,889.8290158727259,26.76749804258161,1
2023-04-26 16:00:00,STATION-09,food_processing,7.007164213720353,0.0,7.651442077072402,17.712287041729745,72.95303487240069,3.9175950187075506,0
2023-04-26 17:00:00,STATION-10,textile,7.696937838499156,17.22507772028561,6.095946568372343,27.24792213029438,526.7219826341826,11.445698203839191,0
2023-04-26 18:00:00,STATION-03,chemical,5.8005768699486095,17.162454745494298,5.528176461147106,19.987379388376873,759.1974360300077,20.64169036513427,1
2023-04-26 19:00:00,STATION-08,food_processing,6.879115453245048,2.355191599720902,7.664968750157103,17.573149993527657,129.30707251647837,4.745886591415481,0
2023-04-26 20:00:00,STATION-01,textile,7.628727200120748,14.739539122747946,7.0124743495324875,27.292855003612235,520.8359909892536,9.654518558161765,0
2023-04-26 21:00:00,STATION-09,chemical,3.7571048445049,18.687879402475424,4.504265395364049,21.634620993886102,631.2462566255946,26.48315636306003,1
2023-04-26 22:00:00,STATION-04,textile,7.8113508373336185,19.62163479226585,6.208735128479567,28.055741012757593,450.5295373989638,14.376776262876708,0
2023-04-26 23:00:00,STATION-10,chemical,5.429301237987343,13.22935651266646,6.45951488503449,23.248145051449644,253.4592902627405,16.3130336212051,0
2023-04-27 00:00:00,STATION-09,food_processing,6.667942492576259,4.575632658796664,8.75394721048914,17.929934850206397,184.27189908815632,3.432240057643676,0
2023-04-27 01:00:00,STATION-04,food_processing,7.079155032994101,13.328358972608402,7.876288422203245,19.58852094359105,204.90142485795965,5.501183316083787,0
2023-04-27 02:00:00,STATION-03,food_processing,6.750322563287044,12.170407729647653,8.475925900690637,18.902848436419422,173.84205563449257,5.692052473875532,0
2023-04-27 03:00:00,STATION-01,food_processing,6.5983994996850965,7.585632919069521,7.910182277043205,18.188228704503228,233.17659934418543,6.330464522355548,0
2023-04-27 04:00:00,STATION-04,textile,8.870020410540778,32.63485386381741,3.9869553944313996,28.149646598445955,937.8805028638577,14.615089804009562,1
2023-04-27 05:00:00,STATION-01,food_processing,6.521322757526503,9.355808901885574,6.782763458565233,17.747007235584903,109.1818737556321,4.085571451194872,0
2023-04-27 06:00:00,STATION-02,chemical,5.344313964565615,11.135162180231571,7.467151205515988,21.29807388045134,324.73348589371096,18.04860925291129,0
2023-04-27 07:00:00,STATION-07,textile,7.881069320893458,19.89404793143886,6.478400625800786,29.26402490997212,478.5361382343876,7.474724613084033,0
2023-04-27 08:00:00,STATION-07,textile,7.885094572888556,24.094107313366468,5.900417890006883,28.256887682519057,459.69570379914734,11.650399613944154,0
2023-04-27 09:00:00,STATION-10,textile,7.306564742773638,16.635933747798333,7.876513609439376,29.32311880225045,492.8884045166938,8.593098476183858,0
2023-04-27 10:00:00,STATION-09,chemical,5.691851679983996,7.062991764398669,6.634313050264,20.8593826820048,310.9435769254137,12.33950006213627,0
2023-04-27 11:00:00,STATION-02,chemical,5.600644640885285,12.992851231205503,6.803357714363471,23.523998101095668,270.4781681379944,13.965594860873574,0
2023-04-27 12:00:00,STATION-09,chemical,5.646963413345742,7.856178089042885,7.979068467461361,19.547175424111803,273.43936141150954,13.930357808679512,0
2023-04-27 13:00:00,STATION-09,textile,6.921781953603072,30.102638412492283,5.709858092390713,28.279244729165022,1168.8772120712679,22.85926311447616,1
2023-04-27 14:00:00,STATION-06,food_processing,6.950755816105743,5.5206696370341115,8.989901527800834,16.383229068791582,83.95146720455546,6.955367305404355,0
2023-04-27 15:00:00,STATION-05,textile,7.71170838169275,25.404067450288185,6.749854295354112,26.979778641537,479.79969909697945,10.919291283611543,0
2023-04-27 16:00:00,STATION-10,chemical,5.39785519175483,13.826914830285167,6.251716277528825,21.74982275898724,301.91800715413234,17.020663456270928,0
2023-04-27 17:00:00,STATION-08,chemical,5.5876499984147685,12.675426951859798,7.673534194471002,21.21870471819935,264.076607623217,17.191276256742004,0
2023-04-27 18:00:00,STATION-10,textile,7.547886014116113,22.87951401620272,7.156745926923478,27.234352320733855,534.4488581972881,10.494176363660872,0
2023-04-27 19:00:00,STATION-05,chemical,5.604004006141066,9.925624368795273,6.23630321893349,20.64782728567578,404.2377978354007,17.250781663291818,0
2023-04-27 20:00:00,STATION-07,chemical,5.266405769798725,12.060652486586658,7.251510360276773,22.171141516049126,266.00564359237836,15.024324334343179,0
2023-04-27 21:00:00,STATION-02,food_processing,5.452254583231813,7.763075347767074,5.2054737742980315,17.383993297963233,239.10456599523016,10.128329215662822,1
2023-04-27 22:00:00,STATION-02,food_processing,6.136999116452969,0.6177062119480781,7.092983403966272,20.496514386020692,248.71805018527425,6.838916754018022,1
2023-04-27 23:00:00,STATION-05,food_processing,6.830563518791715,5.01855625693536,8.185012992224106,16.947247570151255,223.075515867898,2.9957752681813794,0
2023-04-28 00:00:00,STATION-02,textile,8.86290345058018,47.654486850530745,3.7572108470994294,27.18326507574922,1009.1474005847737,19.802813210331724,1
2023-04-28 01:00:00,STATION-05,food_processing,6.496411262532903,4.676908470140197,7.935570304279711,17.174984030020212,176.05352072906197,5.529794627601854,0
2023-04-28 02:00:00,STATION-10,food_processing,5.811447406417252,10.216667686827861,7.0735127195587975,17.838998108412802,161.88576088906555,7.518607053339931,1
2023-04-28 03:00:00,STATION-08,textile,7.5276819508923865,13.433752714664129,6.014539350838272,28.9496474848361,454.165281806128,10.40163735637606,0
2023-04-28 04:00:00,STATION-10,textile,6.530680668487582,28.83528798449703,4.546349203831212,28.114351007653777,943.3384250693534,26.66843358502019,1
2023-04-28 05:00:00,STATION-04,textile,7.704038027893489,24.799668763873925,6.613152219389688,26.543248127548328,450.4547246023094,11.922691060185063,0
2023-04-28 06:00:00,STATION-08,textile,7.194021602091605,21.617034648221054,7.479186777863122,26.508612365020152,495.8453211907002,10.38289406584409,0
2023-04-28 07:00:00,STATION-08,food_processing,6.74350816017732,6.031248702424625,7.392763735446986,17.878079616244968,156.53607164129807,4.26315248480233,0
2023-04-28 08:00:00,STATION-01,food_processing,6.930312653143895,5.931127547107817,8.521560225259638,18.503545449385943,127.80519798469525,7.129606655347945,0
2023-04-28 09:00:00,STATION-02,textile,7.225683115007237,23.385338920177897,6.394444142623745,29.34784704121564,485.7198984064373,9.39528954663161,0
2023-04-28 10:00:00,STATION-02,textile,7.717216768383848,20.034371724496882,7.046194283745398,28.117151774847244,517.0896481664868,11.386347277484822,0
2023-04-28 11:00:00,STATION-04,textile,7.6718240335641665,25.21565820029919,6.610106527072714,27.17588494561597,362.58453263410934,8.457445788860504,0
2023-04-28 12:00:00,STATION-04,food_processing,6.720901207769721,6.3185056056031055,7.555805540531355,18.005054931210662,121.15467686646338,4.091475402219201,0
2023-04-28 13:00:00,STATION-07,textile,7.396958350053628,20.8131869143931,6.696518369172142,27.707752956297764,530.5301106758644,11.279221197482293,0
2023-04-28 14:00:00,STATION-09,textile,7.861034495875376,24.83848104180675,7.017269210480725,26.979690670876177,476.98142980672594,11.39130198194412,0
2023-04-28 15:00:00,STATION-01,food_processing,6.927304409341647,3.740450423252766,6.752223249174326,16.770903574472253,149.34363678778593,4.847378120995249,0
2023-04-28 16:00:00,STATION-05,food_processing,6.970020819379427,2.1989320838804236,8.09279016370506,17.275617419234077,193.61810458066546,3.4562870688739853,0
2023-04-28 17:00:00,STATION-05,chemical,6.4589735375098085,12.507360749242858,5.186467126763965,23.467215405022905,674.486860556117,23.248681093062324,1
2023-04-28 18:00:00,STATION-07,chemical,5.316379306791482,11.490614732177272,6.762558377455454,22.875284464669775,308.23760519523574,15.414136446674558,0
2023-04-28 19:00:00,STATION-06,food_processing,6.874357461117617,8.454318839965518,8.33042923886716,17.3723998239058,153.9850019387388,7.261313981520792,0
2023-04-28 20:00:00,STATION-09,chemical,5.3328986932220985,11.724277946621948,7.472473885742914,20.552400046112346,336.8286709763231,13.795717718109463,0
2023-04-28 21:00:00,STATION-08,chemical,5.303413963481223,7.825488728702561,7.328929995878048,22.07225755152648,282.04562984513035,14.925100655476115,0
2023-04-28 22:00:00,STATION-06,textile,7.351781142081687,15.957210944121158,6.653275483969413,28.693622229671085,495.45505013386963,11.445964878733374,0
2023-04-28 23:00:00,STATION-10,chemical,5.193841775441758,8.827233575352437,6.954598948115898,20.625626038136016,267.0125419545431,16.125066578791706,0
2023-04-29 00:00:00,STATION-03,textile,7.548132817611409,21.504516659613206,6.00389354062126,28.299216210410037,467.0723486159363,8.245569297737708,0
2023-04-29 01:00:00,STATION-04,food_processing,7.012894652013462,3.6745372805104894,8.054573159050594,17.84345852541559,155.18069860671085,5.34004248374477,0
2023-04-29 02:00:00,STATION-04,textile,7.292001129210995,14.734254892098832,6.787811804201989,28.177334430259823,444.86254040448097,10.159807540045316,0
2023-04-29 03:00:00,STATION-04,chemical,6.217213544632063,9.818295323764852,5.75896601965984,19.554763736338195,664.1782076000575,25.686097831371764,1
2023-04-29 04:00:00,STATION-04,textile,7.495066586698301,23.234548291131013,5.8570277921480525,26.065821425608778,468.02963379651544,9.827489269445902,0
2023-04-29 05:00:00,STATION-04,chemical,5.301780903184479,26.804262391157145,6.775436986891404,22.293288861284353,627.2156427177072,24.389992483452495,1
2023-04-29 06:00:00,STATION-10,chemical,5.595169714214082,12.920155947971072,6.5069212010686845,21.489705252180233,250.52378117942158,14.177032543186392,0
2023-04-29 07:00:00,STATION-03,textile,7.494656694200342,19.914225656302182,7.173385334531999,26.46977355840705,532.6237432202507,12.77722577134435,0
2023-04-29 08:00:00,STATION-02,chemical,6.130403200449228,14.369395292410031,4.89445304819167,21.869354738537126,758.7246583413845,37.018659647641684,1
2023-04-29 09:00:00,STATION-08,chemical,5.429869103552744,9.489037837060364,7.312468195265803,22.967445019531375,249.54563448351502,15.66631654370487,0
2023-04-29 10:00:00,STATION-01,food_processing,6.755075300531037,5.491014341986786,7.971745903927,19.552067321407367,155.8309251151933,7.7645024404501655,0
2023-04-29 11:00:00,STATION-01,food_processing,6.97603497164463,6.441287810098007,8.27066048067823,16.019443928893587,140.8703657221002,8.28906974592067,0
2023-04-29 12:00:00,STATION-06,textile,7.55344401963938,18.411974389266653,6.683676574090619,27.960728381540225,545.3605867291996,7.652175298803664,0
2023-04-29 13:00:00,STATION-06,food_processing,6.504444044950383,2.759574835985502,8.447296303020888,16.42081908468225,68.49158954589909,5.87620565158282,0
2023-04-29 14:00:00,STATION-10,textile,7.596093419400649,14.099707816023749,6.585636380772841,27.965763182756884,526.3215136272739,8.453260005780471,0
2023-04-29 15:00:00,STATION-08,textile,7.655136328203089,23.96721523314301,6.472306041977891,27.64144834661585,413.50503486029606,10.728660662332643,0
2023-04-29 16:00:00,STATION-09,chemical,5.603638848479699,9.063865555576378,7.434051785782307,22.088450748462712,294.79572736394334,12.700976450489076,0
2023-04-29 17:00:00,STATION-07,textile,7.28599916263369,23.06374920762257,6.3874167691915185,29.9063263977835,498.35547234588364,11.849732064976472,0
2023-04-29 18:00:00,STATION-10,chemical,5.381091728512442,8.934326407306564,6.838351149700559,22.181947756343536,284.4621884723965,14.357777660356996,0
2023-04-29 19:00:00,STATION-01,chemical,5.394506443969213,8.949846955267189,6.809521260996305,22.09764908792945,363.7622263541236,12.199783370077949,0
2023-04-29 20:00:00,STATION-07,food_processing,7.076562400677143,4.857508370414731,8.864345887454851,18.667790179873496,161.44880775746233,4.057896936467613,0
2023-04-29 21:00:00,STATION-09,textile,7.637410166086448,14.503691186360415,6.322383733008591,27.592746076031673,440.84106048901083,9.940536079471624,0
2023-04-29 22:00:00,STATION-09,chemical,5.595625693138496,6.255972989263406,6.753730942193158,21.08316090294112,331.0281350815542,15.067145131400695,0
2023-04-29 23:00:00,STATION-07,textile,7.28051190101179,19.970696160514976,6.545734467660987,27.097578768726066,463.0304472449175,12.92647741045158,0
2023-04-30 00:00:00,STATION-03,food_processing,6.8508730537713864,5.086951569608979,7.4870984046880285,19.715095676540177,115.83816653535033,6.597444873709016,0
2023-04-30 01:00:00,STATION-02,textile,7.744777758730001,19.076654544109196,6.1051801238563135,28.217786583586687,517.7722931422587,10.241516413226236,0
2023-04-30 02:00:00,STATION-09,food_processing,8.499661104754043,8.528868571035664,7.052118192335291,16.865898921736946,347.2383999499808,10.189876651425534,1
2023-04-30 03:00:00,STATION-06,textile,7.509256711812029,17.658851292308185,7.053525456169387,27.875509813826916,475.8844272404083,9.945663392358727,0
2023-04-30 04:00:00,STATION-01,food_processing,6.756965142388337,2.0629346909021304,9.21109297348339,15.93966475396163,162.47629503154297,3.3506162548804546,0
2023-04-30 05:00:00,STATION-04,chemical,3.9414187375612393,19.33348809666229,5.799819091569543,22.855303583320786,522.1990405289579,26.89079673838028,1
2023-04-30 06:00:00,STATION-10,textile,7.728470952701762,23.808989444794417,6.333277318492921,26.794785883041264,520.6376838270127,9.447648274433098,0
2023-04-30 07:00:00,STATION-06,chemical,5.847795375258797,10.251648583468947,6.473789106912463,20.26940787662174,233.1499174256273,13.585869579717048,0
2023-04-30 08:00:00,STATION-10,textile,7.266236995738715,15.554279830706509,6.562736899207261,27.406488737929728,493.633659050126,9.946851077909223,0
2023-04-30 09:00:00,STATION-03,textile,7.593682002045351,21.53537658330743,6.716339604956789,27.476890096950157,449.11392865238975,8.404681172565219,0
2023-04-30 10:00:00,STATION-05,food_processing,6.624715553907897,8.450717353943425,7.571183967620395,18.824991083347655,172.95791429010592,4.691284163628067,0
2023-04-30 11:00:00,STATION-05,chemical,5.589345342914779,8.3970307566441,7.214665963593189,21.839038096804995,311.29220545991984,11.39320981509494,0
2023-04-30 12:00:00,STATION-10,textile,7.62569297643885,21.636041604887016,6.690111567758754,26.89541799441883,477.6290857215756,9.516389893717275,0
2023-04-30 13:00:00,STATION-06,textile,7.815512692544174,42.8869350186332,5.8795479688254835,27.405722389963838,903.518422603905,31.634399837341736,1
2023-04-30 14:00:00,STATION-08,chemical,5.731910621663708,7.924092172305088,6.829460872243909,22.919611026037312,166.14619096593393,15.90498207082393,0
2023-04-30 15:00:00,STATION-04,textile,7.476706468726681,19.28748476275423,6.204959853871336,27.712066217788976,485.11265379452504,11.204065281549976,0
2023-04-30 16:00:00,STATION-06,textile,7.871583235281722,20.651695355393787,6.283299037186486,27.945634311106538,603.7243206878995,9.143899742672914,0
2023-04-30 17:00:00,STATION-07,textile,7.415974489019536,20.354010116820486,6.918327797272799,30.12807613720118,439.01445110454745,12.291368763782593,0
2023-04-30 18:00:00,STATION-08,textile,7.551419280141006,19.71775094128572,7.047806018563352,26.9308795620093,527.3776939497103,7.722414920442771,0
2023-04-30 19:00:00,STATION-10,chemical,6.866911511391354,12.602880223778156,7.576504741758859,20.101613617162904,545.8452147877807,30.13567417262653,1
2023-04-30 20:00:00,STATION-10,chemical,5.501352212277672,8.852178314059023,6.818650312230759,22.11849479816378,308.73229121401874,14.785478215414138,0
2023-04-30 21:00:00,STATION-04,food_processing,7.041197501781424,0.0,8.508482527193932,18.252572850103242,102.82374795455043,3.198082231566919,0
2023-04-30 22:00:00,STATION-05,chemical,5.373297535581646,8.291417236795855,7.324665556139766,21.38790036011722,299.8034280195012,12.812603942662614,0
2023-04-30 23:00:00,STATION-09,chemical,5.680569198156386,3.6743280984223174,7.1583118964631485,21.503918002555153,338.369238451434,14.237457186984697,0
2023-05-01 00:00:00,STATION-07,textile,7.329861562459034,25.23432782647145,6.518365492185775,29.199206267408414,488.6758456988487,11.006090219301,0
2023-05-01 01:00:00,STATION-03,chemical,7.27325010141231,18.533631387855447,5.511875276044409,23.628295386951798,442.3479492463173,27.96349419089653,1
2023-05-01 02:00:00,STATION-03,food_processing,6.415468182574727,5.786863585612741,8.046497379839348,18.05481648840918,231.2227761156292,3.629138525184558,0
2023-05-01 03:00:00,STATION-01,textile,7.456573381569498,17.312230621408126,6.984147154646868,28.930115473777718,485.8790548421316,11.648681554826316,0
2023-05-01 04:00:00,STATION-07,chemical,5.779508723722877,14.688285250730381,6.172029542839227,22.593236700614874,240.1603381611819,14.390097193026056,0
2023-05-01 05:00:00,STATION-03,textile,7.366573322788155,18.414228626508937,6.320512668098633,27.629236114072306,513.9212535175186,10.200516578227335,0
2023-05-01 06:00:00,STATION-09,food_processing,6.670892190728082,7.291106524021112,8.853897220421008,17.893981838681025,203.22859975369582,3.1915693748599554,0
2023-05-01 07:00:00,STATION-06,food_processing,6.742616255163452,0.0,7.818369887803074,17.358471557264032,186.70579598721332,6.585531890700993,0
2023-05-01 08:00:00,STATION-05,textile,7.575397854153138,20.2609343304288,6.19127736599924,28.423388284245537,520.8049337941767,7.818501354606262,0
2023-05-01 09:00:00,STATION-09,textile,7.514518464848619,16.471804733251986,6.484624108068388,28.398938933773152,460.17583766389976,10.433306908633858,0
2023-05-01 10:00:00,STATION-01,food_processing,6.936080270023973,4.0100676055989535,7.725496323894575,18.68323815598144,132.31986418712785,7.570237333645972,0
2023-05-01 11:00:00,STATION-02,textile,7.624220601793622,16.77526230496982,6.44914006144752,26.47641687915399,479.3886198631167,7.907289803614258,0
2023-05-01 12:00:00,STATION-03,food_processing,6.6403062641655595,7.186374154516346,7.294508281213051,18.060461305001496,162.61333223300164,6.457449514614619,0
2023-05-01 13:00:00,STATION-04,chemical,5.873902932262502,9.34738453445816,7.04247561264781,21.258562207199834,343.7120131414647,15.186407082677682,0
2023-05-01 14:00:00,STATION-08,textile,7.6313342916292655,22.972315522727875,5.69741013258822,27.469150030559,487.7116595712295,7.725416064264446,0
2023-05-01 15:00:00,STATION-02,food_processing,7.05953337172099,8.453966899334313,7.275505858230797,16.943748338065657,97.44719208991685,6.566686810752081,0
2023-05-01 16:00:00,STATION-06,textile,7.340097262980275,16.605957061824093,7.32912264529077,28.71531749017935,476.2522100473242,9.131617926184116,0
2023-05-01 17:00:00,STATION-06,textile,7.721124090694762,23.50478250267846,5.860639642189154,28.083644602222627,558.2860128888861,8.571300153051386,0
2023-05-01 18:00:00,STATION-09,textile,7.8250874443405785,21.263726865923747,5.975792429187914,27.895444348131896,463.2599377915821,11.045884162368482,0
2023-05-01 19:00:00,STATION-05,food_processing,6.978049849400112,4.154805547959544,8.383330815237716,18.47233949125698,162.96765172279848,5.110690718721111,0
2023-05-01 20:00:00,STATION-01,textile,7.690781659463915,18.18121385255644,7.089626367064025,26.5859929434586,512.1906249533313,10.660039467459075,0
2023-05-01 21:00:00,STATION-02,textile,7.633741324061059,19.434244839365007,7.491832077117264,28.883895576244836,463.3099589567993,10.440511718696268,0
2023-05-01 22:00:00,STATION-10,textile,7.590942725492634,19.065264719093623,6.800918171066832,27.916140833627672,513.2778640254886,11.85013497755541,0
2023-05-01 23:00:00,STATION-10,chemical,4.574648457496222,28.184129142050796,4.967840778457321,23.25809899871921,497.91965697792415,32.157911000691634,1
2023-05-02 00:00:00,STATION-09,food_processing,6.650953070055307,7.568297410006068,6.925296029606271,19.8297175914563,224.59084131653196,2.8864788709148588,0
2023-05-02 01:00:00,STATION-05,chemical,5.310307099504525,11.148648858110628,6.336542914503871,20.573014925194762,325.1044515347974,12.548866986727479,0
2023-05-02 02:00:00,STATION-06,textile,7.601869193372319,23.437408616136366,6.183110831884691,27.524635859787907,498.5095268669535,10.935266994442138,0
2023-05-02 03:00:00,STATION-09,food_processing,6.644342062945974,3.7429984706868127,8.146680472013605,18.162987475546796,150.1477483617289,4.363854904249223,0
2023-05-02 04:00:00,STATION-08,textile,7.384049466638107,17.248448169827487,6.784578907889677,27.893003417854082,485.7267406017579,10.28692434588621,0
2023-05-02 05:00:00,STATION-07,chemical,5.820309096877108,10.219656859209316,6.653814590069772,22.220024004945262,340.11925774652525,15.57237555234417,0
2023-05-02 06:00:00,STATION-05,food_processing,8.01041372373449,5.520693245529627,7.285652168896498,16.47451985407355,194.8754611898994,11.001576675930226,1
2023-05-02 07:00:00,STATION-03,textile,7.154795285646962,18.427172361086633,6.996859909058482,28.127836266537855,430.78394321251426,8.415133517521186,0
2023-05-02 08:00:00,STATION-06,chemical,5.594571289556587,7.047984658828853,6.201004319904329,22.164850840278255,326.95298216065163,15.664081315247252,0
2023-05-02 09:00:00,STATION-10,textile,7.271062703103193,21.182187720154193,6.383428421611684,27.654698384624314,570.3596820757406,9.355179516302735,0
2023-05-02 10:00:00,STATION-07,food_processing,6.4091354200741275,3.3559330209630023,7.626692009176003,18.18433806620425,159.54106359324624,3.96160455673832,0
2023-05-02 11:00:00,STATION-02,chemical,5.66091961241223,11.072924240525833,7.372413167434262,20.32592513184478,261.6515140329917,15.024185559489498,0
2023-05-02 12:00:00,STATION-06,chemical,5.802509445313387,14.31473982079267,6.548007987816221,21.858206442912827,427.4390643302795,13.659101347078238,0
2023-05-02 13:00:00,STATION-06,chemical,5.427521155261499,9.878424798622998,6.454384812318644,23.056586720455392,160.15849213437895,16.072533575499822,0
2023-05-02 14:00:00,STATION-05,textile,8.142972249461696,44.097559434293814,5.442310485104709,28.07302422561501,927.3663933975406,20.988374930440106,1
2023-05-02 15:00:00,STATION-05,food_processing,6.754665832240729,5.179680429138408,8.317212415845647,16.429476240806828,193.170998807486,5.789723600592531,0
2023-05-02 16:00:00,STATION-07,food_processing,6.903976694998402,0.5303613179869648,8.24364373344573,17.724671445947674,241.6001642527866,8.353226347293408,0
2023-05-02 17:00:00,STATION-08,textile,7.7269434489133255,22.137085143254573,6.364342049419435,29.001100091845917,496.97771017450737,7.784730767636704,0
2023-05-02 18:00:00,STATION-10,textile,7.477575795920115,18.66087345997337,6.329505022055455,29.31268909143463,446.02322400347316,9.305029698024052,0
2023-05-02 19:00:00,STATION-08,food_processing,6.880876283996502,5.72293669862527,7.762765135201565,18.11766962470342,99.4480003092521,6.80605858676421,0
2023-05-02 20:00:00,STATION-03,textile,5.974920702304561,36.660163954239756,4.885994773859894,27.882629219242162,947.6029985038726,16.36344955900119,1
2023-05-02 21:00:00,STATION-01,chemical,5.507049420761405,10.009655126613334,5.760931052144233,21.05762150776918,319.52439983033634,15.736744627814177,0
2023-05-02 22:00:00,STATION-04,chemical,5.075201203600907,6.022445344197074,6.460790270177728,22.786532227999857,339.09387967686456,18.190866484504053,0
2023-05-02 23:00:00,STATION-05,food_processing,6.686118751560711,4.88202244945508,7.217091495187724,18.080335105239808,211.61499749892317,6.996285092344724,0
2023-05-03 00:00:00,STATION-02,food_processing,6.914509724691165,4.070089184623317,8.00804662066061,19.115006707287968,185.99153219798959,8.587434119308533,0
2023-05-03 01:00:00,STATION-03,chemical,4.910517386802465,9.691022594000628,6.930392393255931,22.80263770883029,256.1536525745777,14.890825116261485,0
2023-05-03 02:00:00,STATION-02,textile,7.540054880014397,21.50109262356139,7.215480399451944,27.495555176228063,509.75519276066836,9.944254540428467,0
2023-05-03 03:00:00,STATION-02,chemical,5.398798361214702,9.149372855731563,7.284081065959768,22.14487017183959,305.3326021134592,14.787663695160088,0
2023-05-03 04:00:00,STATION-09,textile,7.194816660184783,20.003917603712747,7.40422410019297,27.778037735886798,567.4226030422237,9.723095217024373,0
2023-05-03 05:00:00,STATION-01,chemical,5.543862062824417,9.49993442535635,6.823025128353902,22.20176941933178,393.6354243441653,14.654343970852816,0
2023-05-03 06:00:00,STATION-09,textile,6.994193973254166,23.55276442175731,5.973984985449689,28.34093714359927,474.405662495579,11.235352575099784,0
2023-05-03 07:00:00,STATION-02,chemical,5.5932739181038444,15.589796161154565,6.665129933930495,22.019460694412448,434.5787356524108,14.569138403137847,0
2023-05-03 08:00:00,STATION-10,textile,7.29190447312854,21.811815292041846,5.440194798663537,28.832115287384322,429.7699846389388,11.364523575542458,0
2023-05-03 09:00:00,STATION-02,chemical,5.396704358089834,7.3486621347420265,6.77237952849197,21.86670027833419,267.64851059915225,16.618423791683192,0
2023-05-03 10:00:00,STATION-07,food_processing,6.700465629629919,4.061373574274316,8.36152450487876,16.28054180017899,187.04482476235555,2.4158521690059707,0
2023-05-03 11:00:00,STATION-04,textile,7.462967315551012,19.610111415578153,5.013476318858389,28.53332195291593,544.7340504355486,12.041627459617612,0
2023-05-03 12:00:00,STATION-05,chemical,4.392284965167093,24.97489218126456,5.5847456501490225,21.725800047850566,635.0749900659437,30.860470687996813,1
2023-05-03 13:00:00,STATION-03,textile,7.745717379800318,20.226973891099604,6.630068079561586,27.675456681644008,536.6452965480851,10.442929320401728,0
2023-05-03 14:00:00,STATION-09,chemical,5.717901772805774,12.05455842166524,6.7970282369834205,20.190483166850917,208.6641726956546,15.179512812114147,0
2023-05-03 15:00:00,STATION-01,chemical,5.60345884737151,10.905913675827751,6.4738862953129175,21.05563221064223,260.79379281781763,16.946836432446418,0
2023-05-03 16:00:00,STATION-06,chemical,5.920354576302873,16.404166209609656,7.190350743742222,20.68921912945845,282.92375912007526,17.814056288736943,0
2023-05-03 17:00:00,STATION-08,textile,7.369844818841936,19.14819051790801,6.1138461112338165,28.908584951051942,562.044323932518,8.348195143260758,0
2023-05-03 18:00:00,STATION-09,textile,7.696608104121569,20.625677845564162,6.692148118306626,28.095641466597343,449.1504686248262,11.91976346551876,0
2023-05-03 19:00:00,STATION-09,textile,7.125929385516176,17.898021599389054,6.797315444067637,29.263523242297268,503.8780862407944,12.644418730803434,0
2023-05-03 20:00:00,STATION-03,textile,7.301487333595289,19.14186599373295,5.845288839337805,27.793482021723136,448.2497655775482,10.785742015971966,0
2023-05-03 21:00:00,STATION-09,food_processing,6.897019861686472,7.926324670209867,7.940392760291318,17.47540944969798,135.52975390793148,3.93332292410168,0
2023-05-03 22:00:00,STATION-10,chemical,6.211346525043364,25.739150142131287,6.521359385870896,23.395154931756323,630.0783604681864,38.44672644494743,1
2023-05-03 23:00:00,STATION-08,food_processing,7.009637928297637,7.259414705361097,7.50900745943691,18.679138818325196,42.48345871955354,3.768267437346677,0
2023-05-04 00:00:00,STATION-10,food_processing,6.7975566242044305,5.166434970473025,8.011199836508377,18.834659976076317,181.0949274432163,4.19750304236571,0
2023-05-04 01:00:00,STATION-09,textile,9.028297649800328,30.67531963553424,4.4022872217206945,27.89764704316548,812.4550367651779,18.874331471035866,1
2023-05-04 02:00:00,STATION-09,food_processing,6.924600424260365,6.5771668432965065,8.592771668630494,15.77960311355588,112.24369620917125,4.83327250820978,0
2023-05-04 03:00:00,STATION-06,textile,7.525519846553451,20.138838404022167,6.00548285757525,26.74595713567207,521.8441728025101,9.636224845996026,0
2023-05-04 04:00:00,STATION-09,textile,7.537929104332645,19.109777815503648,7.180196460778329,27.028143129183622,478.51558292906424,11.28380968161852,0
2023-05-04 05:00:00,STATION-02,chemical,5.525318071413958,11.9077037345346,6.681896979788853,21.00684580357343,265.9002187724713,15.004534418248456,0
2023-05-04 06:00:00,STATION-05,textile,7.591149656049472,39.55884784910553,5.3877488966554985,29.397190490074564,952.8788702605733,26.693747516195234,1
2023-05-04 07:00:00,STATION-07,textile,7.191967817947944,15.606225474695767,6.328121590623043,26.22707084454258,535.7170626380979,9.453299169830352,0
2023-05-04 08:00:00,STATION-03,textile,7.2860096083441865,21.524406174408696,5.788532871492929,28.083462602751236,462.4056851701006,10.448150927456247,0
2023-05-04 09:00:00,STATION-01,textile,7.532801312109636,19.615155385576042,6.661417717716295,28.50921479681785,517.1425746005702,9.92543230864663,0
2023-05-04 10:00:00,STATION-09,chemical,5.488200960992626,16.182046675147955,6.808052663814459,21.364403196129583,314.48326560571894,14.715397653000403,0
2023-05-04 11:00:00,STATION-06,chemical,5.337763081650773,9.557813277037477,8.250672614823202,23.400524290614193,318.1301109613075,17.009471743712506,0
2023-05-04 12:00:00,STATION-08,textile,7.767253871465651,19.821123777208687,6.859498581933842,27.802841327357115,482.7501154666223,10.12231173161684,0
2023-05-04 13:00:00,STATION-01,food_processing,7.145764156193278,5.508399979290465,8.239942274040967,17.05532549006845,149.31744400407692,3.1660830811287024,0
2023-05-04 14:00:00,STATION-08,food_processing,6.904503383671323,0.0,8.193489161394549,17.001235972288868,106.37523100221097,3.8301810371057687,0
2023-05-04 15:00:00,STATION-05,textile,7.450037534297239,16.584520009818856,6.087273456201194,27.798378701775714,487.00379756226687,10.078357274525612,0
2023-05-04 16:00:00,STATION-07,chemical,5.438524203902382,8.322913063632914,7.050601282460954,22.713817659461643,277.69547732440566,12.82584509752364,0
2023-05-04 17:00:00,STATION-10,textile,7.980340055190623,15.090888966909986,6.319883757500663,28.57403634951264,486.6679353776017,11.725966302041089,0
2023-05-04 18:00:00,STATION-01,chemical,5.393749567160333,8.193202829525475,6.717517226373961,21.06641392929829,284.3497093571804,13.133382186136018,0
2023-05-04 19:00:00,STATION-06,food_processing,6.894442772566677,5.077918817502284,7.217372560128726,18.982025739400893,217.11278630133162,2.8267553409283246,0
2023-05-04 20:00:00,STATION-07,chemical,4.254287041196537,19.913689342928567,4.646469109122714,21.944262706111456,771.6544556497968,26.28907474237302,1
2023-05-04 21:00:00,STATION-07,food_processing,6.8607965901104215,6.636036175874975,8.252594736459166,16.798899903155906,56.685867502179974,6.207685282115522,0
2023-05-04 22:00:00,STATION-04,textile,6.524640981819392,38.36981236520779,4.799939294391493,26.432614669967986,725.1046002904827,20.927251443833477,1
2023-05-04 23:00:00,STATION-07,chemical,5.516102691583641,13.481971983733803,7.121065014350169,21.11615817823297,270.0449072679742,14.86890346155674,0
2023-05-05 00:00:00,STATION-04,textile,5.849079102827053,23.239949104711815,4.6053000102223995,30.14241323922098,981.3778536918016,19.49502830613145,1
2023-05-05 01:00:00,STATION-02,textile,7.600235311675818,19.199060956597084,6.862227238832725,29.76244829794591,478.8230097409624,11.913633117008631,0
2023-05-05 02:00:00,STATION-04,textile,8.018384522168136,20.89267439317372,6.642938342589085,27.922017442323583,525.8002792094759,7.890192900065044,0
2023-05-05 03:00:00,STATION-10,food_processing,6.827682346678065,4.9945509157093095,7.965819427087552,17.92075015677189,83.94450285303124,5.719802722011178,0
2023-05-05 04:00:00,STATION-05,food_processing,6.841781352260831,1.9891574214504661,8.429993224023768,18.535699149302367,142.00688074577312,4.063299058490585,0
2023-05-05 05:00:00,STATION-09,textile,7.809370968795326,19.756811921706074,6.7338127092114535,26.64784986629885,537.0502179767408,11.352066153114155,0
2023-05-05 06:00:00,STATION-07,textile,7.596652199616593,16.710225030006317,6.993548870692024,29.67782689138792,510.55795986135024,8.943846568700945,0
2023-05-05 07:00:00,STATION-02,chemical,4.1370180878495475,21.761542663131223,6.093633556210056,22.02666455455628,797.3707608429283,43.83464924860223,1
2023-05-05 08:00:00,STATION-03,chemical,4.1992893496753405,11.509191033767049,4.955529362682936,21.547448141772655,538.7780228770333,31.346730931291486,1
2023-05-05 09:00:00,STATION-02,textile,7.431353378802148,33.26805281178629,5.7264211001672205,28.92388910533204,816.936560804165,19.641862981539504,1
2023-05-05 10:00:00,STATION-08,food_processing,6.98513768649205,6.1160727236071,8.388703534221259,16.54296939738846,124.93490607247283,3.29515026243826,0
2023-05-05 11:00:00,STATION-08,food_processing,6.9998086895013545,2.270865184897709,7.8828043893954645,17.927312526416465,213.89563310381865,3.7877093189978606,0
2023-05-05 12:00:00,STATION-10,textile,7.35757567439104,14.992113255018573,6.623805427074045,27.901216979559265,497.8043203580397,11.596171923879378,0
2023-05-05 13:00:00,STATION-04,textile,7.311494288410545,18.28818697327538,6.35333630754663,29.395018539638375,530.8693887278987,10.251517053212464,0
2023-05-05 14:00:00,STATION-01,textile,7.691454433055952,20.866040434428363,6.558882703520069,28.193925456528024,444.63549202590764,12.272742585693889,0
2023-05-05 15:00:00,STATION-01,chemical,5.527245024897338,11.081960420665762,7.385895244940366,22.495701067828147,344.7775265065297,15.127573833295042,0
2023-05-05 16:00:00,STATION-01,food_processing,7.1508402438530805,4.819605856491577,7.166313135778338,18.242688508512614,154.27811321484916,6.586584919223842,0
2023-05-05 17:00:00,STATION-02,chemical,5.516492529492511,12.826379775493601,6.8060942261083515,21.22473686986779,256.5308125772355,15.247828363982665,0
2023-05-05 18:00:00,STATION-05,textile,7.132898929571578,22.781091986412658,7.441693892708594,27.256612980962398,543.7006376507768,12.760557886641797,0
2023-05-05 19:00:00,STATION-08,chemical,5.462794343687545,8.340302546877695,6.465385413760391,22.36953563342036,283.3887091539463,15.768159872857645,0
2023-05-05 20:00:00,STATION-01,food_processing,6.55669666983998,3.75476388669,8.242747522579732,16.767593313074748,199.49287159397227,5.8869637440692335,0
2023-05-05 21:00:00,STATION-02,chemical,5.756586761705721,10.080483562568734,6.989208593050784,21.367754421321553,318.6996269738495,16.113184023905266,0
2023-05-05 22:00:00,STATION-01,chemical,5.6500315492523345,3.096802102909826,7.255338071328627,20.36879530527994,387.8241769444856,16.036114529806763,0
2023-05-05 23:00:00,STATION-04,textile,7.463603537173189,23.362841132470884,6.060791926743785,27.92670870910929,517.1059261679263,12.490617901556323,0
2023-05-06 00:00:00,STATION-07,textile,7.4977692432681335,18.16983635084223,7.381601542496373,27.37529210085886,476.3665849858239,10.770260955231429,0
2023-05-06 01:00:00,STATION-08,textile,7.630604017237234,20.90659816660131,6.7812752200708335,27.47501796108371,439.5532978960173,8.80273881136862,0
2023-05-06 02:00:00,STATION-08,textile,7.640482432000703,20.455316930744086,6.358031875127119,28.348970859538067,536.3925085400297,9.191823970348542,0
2023-05-06 03:00:00,STATION-01,food_processing,6.042399413408274,10.808225609224992,6.169158269044999,17.626516984804326,542.0927841957995,6.965862726579725,1
2023-05-06 04:00:00,STATION-02,textile,8.845110054691897,34.64028707738461,3.851634967711453,28.737461531349307,837.5287321392044,24.842804214246687,1
2023-05-06 05:00:00,STATION-01,chemical,6.873851827218955,23.53952853294127,6.8308286334263695,22.208808789590133,474.07501495391153,34.61526462359189,1
2023-05-06 06:00:00,STATION-07,textile,7.433524671633568,21.18870720800419,6.819868801157348,27.384078152346934,537.7493182144816,10.391648607944807,0
2023-05-06 07:00:00,STATION-09,chemical,4.64424371905301,13.16167709364947,4.490810678304939,24.108704361706458,416.7581102978723,28.48121899086646,1
2023-05-06 08:00:00,STATION-03,textile,7.555631828771102,20.07585863793271,6.945164747749413,27.903838058520336,515.3281583305991,8.49664385080731,0
2023-05-06 09:00:00,STATION-05,chemical,6.770716155192538,17.70090194685595,5.468710439471337,23.26413190626866,509.3703451850224,20.96910508225556,1
2023-05-06 10:00:00,STATION-01,textile,8.081384948633337,36.999003209313166,4.923469219701919,27.71261383705258,890.096268405833,23.897668446976876,1
2023-05-06 11:00:00,STATION-04,chemical,5.677317112243498,10.099437160520134,7.35650743053876,22.05093648655708,314.8149763122977,12.80297757986904,0
2023-05-06 12:00:00,STATION-08,textile,7.390508945398988,19.181100498881307,6.758437473409981,27.842901174803856,538.0504256874555,7.541387501256461,0
2023-05-06 13:00:00,STATION-01,chemical,5.305115835774057,8.29355085502738,7.208624941916193,23.175325126326634,304.70373587709224,14.818277788058007,0
2023-05-06 14:00:00,STATION-08,chemical,5.57957049460135,11.383207082666667,7.972569623368688,23.843804614524384,332.8170131914479,14.13498054204863,0
2023-05-06 15:00:00,STATION-02,food_processing,6.877375719791475,2.95962541378275,7.988841336370536,16.40642355010178,155.43169906485744,4.597973375111519,0
2023-05-06 16:00:00,STATION-04,food_processing,6.765302580440222,5.6827245224617196,8.18796167942465,18.188463760208727,198.96939843433313,6.053658311774175,0
2023-05-06 17:00:00,STATION-07,textile,7.0826150099967204,17.26423009322887,6.456881087649854,27.99391560739087,518.552349262989,10.770591990692516,0
2023-05-06 18:00:00,STATION-05,food_processing,6.615756342625716,5.977151507560475,8.121213877018947,19.842322801450223,89.90620610379499,3.026205685456304,0
2023-05-06 19:00:00,STATION-03,textile,7.253969655564215,18.067520193913243,6.393869875498291,28.597540945746758,534.6985752887732,8.508121911803633,0
2023-05-06 20:00:00,STATION-01,food_processing,7.249235566047991,3.041019808096136,8.339044437145457,18.055316826024505,199.40215955663803,3.5655345759818786,0
2023-05-06 21:00:00,STATION-09,food_processing,6.8634911869743975,5.290987062342077,7.714508187951245,19.808967568765333,219.19058744278044,2.0358444747352893,0
2023-05-06 22:00:00,STATION-02,food_processing,7.070063612717508,4.026613612697518,7.960779052817137,16.41030922353939,219.60885205682604,6.409051653198119,0
2023-05-06 23:00:00,STATION-08,textile,6.151788229545322,34.37548614657094,5.9178081435064165,28.445398005039696,982.5858228372629,17.34006403683521,1
2023-05-07 00:00:00,STATION-05,food_processing,6.814349486613577,5.0604501925742555,7.466879571967126,16.80089187476029,174.0901781201776,6.1509151101304935,0
2023-05-07 01:00:00,STATION-06,chemical,5.788368806053136,12.574248214283788,7.128261960328799,24.21303416329692,242.39504195653598,13.491962414701963,0
2023-05-07 02:00:00,STATION-04,chemical,5.739172842143835,10.041151650654815,7.245837215153423,23.91867669790709,213.50481991804267,13.479825290645042,0
2023-05-07 03:00:00,STATION-04,chemical,5.533535009986804,11.163920577122878,7.543481351749208,22.15462784410866,289.0849165572744,12.241771599805872,0
2023-05-07 04:00:00,STATION-07,food_processing,6.887805855258811,2.284636423659144,7.802073281905695,18.571411716684246,106.95864746069071,2.4970662467521754,0
2023-05-07 05:00:00,STATION-01,textile,7.27805491884068,23.391176411150987,6.176880304305826,28.634475938267382,542.5791927172129,9.678496363308243,0
2023-05-07 06:00:00,STATION-05,chemical,5.536080828916766,8.433285950244068,8.242940668973048,23.216140964646566,312.0424770717269,16.876537495972933,0
2023-05-07 07:00:00,STATION-02,food_processing,6.899882906650298,2.2134989772049476,7.520778315044121,17.637991140984887,139.7748721788729,5.815195220992062,0
2023-05-07 08:00:00,STATION-04,textile,7.427430156061461,16.303611819686942,7.126950331627874,26.168572356154982,443.6103511716164,11.964808934299274,0
2023-05-07 09:00:00,STATION-01,chemical,5.874691813676187,4.801111634913312,6.299031976260437,21.852778222124016,346.5974095136255,14.039989205381527,0
2023-05-07 10:00:00,STATION-08,food_processing,6.813958164220121,5.891912737878373,7.599539832051614,19.187964575481168,156.8935960747596,4.951593160077585,0
2023-05-07 11:00:00,STATION-10,food_processing,6.594540954017866,1.8957490932181642,7.733397706754295,19.348890929654065,131.30839829200949,5.6583209523855444,0
2023-05-07 12:00:00,STATION-06,chemical,5.335694040591959,5.485982344637419,6.918607039272471,21.985553913264784,392.55433322044337,14.333166582339185,0
2023-05-07 13:00:00,STATION-04,chemical,5.318011272038979,10.611707905768508,6.637346584786874,22.903400949726855,320.00033683655425,14.69498674613744,0
2023-05-07 14:00:00,STATION-08,chemical,5.469783344532331,9.227147684444562,6.825589606111361,22.54284805083654,372.076950355023,16.63636695097884,0
2023-05-07 15:00:00,STATION-10,chemical,5.326436736752381,13.850773043395563,6.669740745909192,20.29703107921452,390.74187601452104,15.580862890017059,0
2023-05-07 16:00:00,STATION-01,textile,7.330012371836088,19.54913336594304,5.8340059869041445,27.88447045280181,622.883433441523,12.927032752953451,0
2023-05-07 17:00:00,STATION-06,chemical,5.836312044168144,12.924668071133366,7.0271625361640275,22.79883045060428,336.68661437176115,15.921693873681662,0
2023-05-07 18:00:00,STATION-03,food_processing,6.823943351306789,6.513133506007756,8.250922587607553,17.979789914158935,190.9458299947295,4.404777280930726,0
2023-05-07 19:00:00,STATION-09,food_processing,7.010525947927313,6.35921451147774,8.706349057080008,20.000043051616025,102.50134054922346,4.689122164378109,0
2023-05-07 20:00:00,STATION-03,chemical,7.416262952524683,13.658626161219448,3.8993228852472246,21.225360566250178,592.9770000769394,27.249952984462976,1
2023-05-07 21:00:00,STATION-04,textile,7.481696260977705,19.509133459170307,6.758767072659513,28.796526353397677,437.31150583286706,12.003725322406336,0
2023-05-07 22:00:00,STATION-09,textile,7.610241042314683,25.723535602893424,7.448657835916036,29.16904496478878,521.9583999880067,9.786314686093121,0
2023-05-07 23:00:00,STATION-06,food_processing,6.6334836340008465,2.191108500267398,7.401887037786698,17.888401011999665,36.86933781372237,5.134270386219439,0
2023-05-08 00:00:00,STATION-04,textile,7.435951868249779,17.833712938387823,5.957585743500264,25.701236883220908,496.60765212206485,11.041595459896442,0
2023-05-08 01:00:00,STATION-07,chemical,5.293434026897646,8.96073783448012,6.994239192244202,22.18565792299237,381.75757970085925,14.843259110725464,0
2023-05-08 02:00:00,STATION-03,textile,7.37504138323027,19.1755896793762,6.514828020354178,28.504444122259027,532.4472785432772,10.334884628340019,0
2023-05-08 03:00:00,STATION-01,textile,7.402717066143624,20.519705691720844,6.318009037338689,27.601954563991608,574.8978181789287,9.24142053488953,0
2023-05-08 04:00:00,STATION-08,textile,8.590535431639532,40.731248019807666,4.300517939441754,27.432057714812686,1197.0175448879395,18.68027842295897,1
2023-05-08 05:00:00,STATION-05,food_processing,7.040964641067703,4.44000014186698,8.883281597247723,17.506668255575683,142.1389356804594,6.023128482214924,0
2023-05-08 06:00:00,STATION-08,food_processing,8.363195997333067,7.156084870488259,7.088510195720754,18.220039047286736,228.4427527055871,12.586893101069078,1
2023-05-08 07:00:00,STATION-10,chemical,5.501475202316981,11.987138403734207,8.053907789165146,22.052223438397267,278.0504815067742,17.607443027712677,0
2023-05-08 08:00:00,STATION-09,chemical,5.3877736284150215,7.695555191814051,5.884132998388706,21.616587459370145,264.6025345417573,18.218313939609555,0
2023-05-08 09:00:00,STATION-06,textile,7.328266835829996,13.851210118158843,7.097976113040566,27.048675498928166,406.2115368296042,10.052922647277326,0
2023-05-08 10:00:00,STATION-08,food_processing,6.965070071980258,8.560618763782287,7.819273354010987,17.675845189012353,126.76266351659665,5.527314912351062,0
2023-05-08 11:00:00,STATION-10,textile,6.640142872281463,31.228606788338606,5.357812078995391,29.029201879527804,1143.2957718154303,17.763855977525672,1
2023-05-08 12:00:00,STATION-03,food_processing,6.976129370249995,5.560113889441542,9.054667731653229,17.864938296865663,166.57999374893717,4.21065380920667,0
2023-05-08 13:00:00,STATION-09,chemical,5.449799349715503,10.310149617401922,6.852711988859117,20.590115633442693,358.303576641565,13.794261137681515,0
2023-05-08 14:00:00,STATION-08,chemical,7.050489598343432,19.588725555741892,3.4314047906886693,21.792500617823162,402.27198951792576,34.608787807464246,1
2023-05-08 15:00:00,STATION-05,textile,7.730059221419138,26.436254862878016,6.185901837721503,29.352383099229666,440.72784459533864,10.412998003391742,0
2023-05-08 16:00:00,STATION-06,food_processing,6.803744399903836,13.050257524437846,7.154510895055012,17.626190137874016,228.45917126426826,6.29855990532245,1
2023-05-08 17:00:00,STATION-01,textile,7.528172144654831,37.49122810374249,4.094162141656442,27.496623080800322,778.9985528758476,18.26633327249231,1
2023-05-08 18:00:00,STATION-09,food_processing,6.9473119249769075,4.8786572020053605,8.220725491942302,16.45396420127905,193.81162866736145,6.209109797970818,0
2023-05-08 19:00:00,STATION-03,textile,7.295241460751661,18.59677349585717,6.823619047014755,29.393610683992424,428.2929335336961,9.476994657924825,0
2023-05-08 20:00:00,STATION-10,chemical,5.8500588945235945,8.349042103048731,7.328553044880482,22.561774380495052,351.5282538957137,14.939143179922922,0
2023-05-08 21:00:00,STATION-10,textile,7.134746921621145,24.620568163617264,5.8495806669709935,26.002403492416345,486.38168283867884,10.39207738877047,0
2023-05-08 22:00:00,STATION-06,chemical,5.951739150617482,12.69400110076445,7.435099497158265,23.92053206722485,235.98392151821622,15.6366790324239,0
2023-05-08 23:00:00,STATION-02,food_processing,6.7656928342046765,5.2427999774205665,8.551248220530185,16.98039352869991,214.96317209942828,6.709605567624697,0
2023-05-09 00:00:00,STATION-09,food_processing,7.032418490966223,5.769783848909181,8.196108008468565,15.82230243711937,194.65238490413785,6.803611054949302,0
2023-05-09 01:00:00,STATION-04,textile,6.68854632329397,41.35606816691793,5.265257111488781,27.695816017407942,858.6458392589052,18.02991951751993,1
2023-05-09 02:00:00,STATION-08,food_processing,5.390460427482558,10.522116695337385,7.118011704449288,18.671489935363155,498.81551225646024,6.904964708039261,1
2023-05-09 03:00:00,STATION-03,food_processing,6.632111721092604,5.274176845105064,7.784130417685401,17.173128831606544,119.75407001290759,8.652401387244627,0
2023-05-09 04:00:00,STATION-05,food_processing,6.58107640662125,4.880092732545998,7.791482510886786,17.36150396544674,105.43538602801718,4.951378404643648,0
2023-05-09 05:00:00,STATION-07,textile,9.01453164433815,40.76754912494053,6.058397365879366,27.53036263568467,1202.4351535150904,27.90936329249962,1
2023-05-09 06:00:00,STATION-06,food_processing,6.896986110723695,4.6276273066606155,8.43620209328914,18.719497618606045,163.8710806596944,2.3477202508806565,0
2023-05-09 07:00:00,STATION-02,chemical,5.551242121280937,9.389640296190677,6.660371785983312,21.248576172855053,345.7431177331581,14.855486083213592,0
2023-05-09 08:00:00,STATION-02,food_processing,7.2101569324983155,8.601490062930182,8.136466413780548,18.244547774939345,132.34181559941544,5.710698754276194,0
2023-05-09 09:00:00,STATION-03,chemical,4.967302092408699,10.94619517898459,6.891216210076461,22.241390127997782,295.381681953731,15.408700613836785,0
2023-05-09 10:00:00,STATION-01,chemical,5.432549808778095,11.63398319570047,7.055378053895167,23.385603620070725,282.08326077362045,13.54186088039495,0
2023-05-09 11:00:00,STATION-02,chemical,5.176022271186387,15.929599481969403,5.649951088290166,21.959485302497402,593.4713453857723,36.933367529833966,1
2023-05-09 12:00:00,STATION-04,textile,7.800985663562593,20.537875022439707,6.275564905347861,28.9068481504148,544.1689346000381,8.362178374360454,0
2023-05-09 13:00:00,STATION-01,chemical,6.342320370407358,36.76863007938862,4.811113102575135,25.327472286429945,429.6346673095258,42.24169974285826,1
2023-05-09 14:00:00,STATION-07,food_processing,6.971782981952482,3.0973446993153004,8.515066228327372,16.27380557887604,70.81711394813576,6.59437907209001,0
2023-05-09 15:00:00,STATION-08,food_processing,6.817549741679918,4.7688750103357656,7.806113542291986,17.87374152931128,144.56470157711178,5.123817755378144,0
2023-05-09 16:00:00,STATION-10,food_processing,7.251068002637293,5.72017765075074,8.285603251584948,17.4212810500911,135.41220473232784,4.047253320930135,0
2023-05-09 17:00:00,STATION-10,food_processing,6.759019528183211,1.953524658445322,7.717258240232423,18.545211783378004,178.12852159638712,7.056897159567222,0
2023-05-09 18:00:00,STATION-01,textile,8.25456846458999,41.534032534016646,4.603807464674446,28.322621885155453,660.9262460078961,15.362237989780615,1
2023-05-09 19:00:00,STATION-04,textile,7.296861180963257,16.87650622419204,6.22336538304938,27.242357592329917,518.6251819308932,12.80483270926954,0
2023-05-09 20:00:00,STATION-02,food_processing,6.5064455749150945,7.0330662420276555,8.340536538508653,18.57380520489562,121.37733618479866,4.684400924140402,0
2023-05-09 21:00:00,STATION-04,chemical,3.7700396434943273,14.210547605059991,6.069357015591933,22.213713107418872,421.67963416374874,37.2940524951964,1
2023-05-09 22:00:00,STATION-08,food_processing,6.850369519398978,9.158331304219288,8.129107585244993,18.965997231882817,165.92632874459798,6.6878515567452625,0
2023-05-09 23:00:00,STATION-08,chemical,5.756414901862222,12.060487168747084,6.704645196617255,21.01237529944099,381.19607518061207,15.908615568659537,0
2023-05-10 00:00:00,STATION-01,food_processing,7.095593801539677,3.0847192964416705,5.928182292292034,17.198159287181326,564.1031788383643,11.953540583676252,1
2023-05-10 01:00:00,STATION-09,textile,7.121203283767312,19.641348267299378,7.893835027929535,29.518798209900964,544.2951251198753,8.011927746140849,0
2023-05-10 02:00:00,STATION-07,food_processing,6.376002940180253,4.701891532534248,7.866096239724365,16.775076409473446,130.97831661752716,5.058274528385777,0
2023-05-10 03:00:00,STATION-01,textile,7.777901559645633,19.17155582369492,6.480460947141917,27.022357872964577,535.3140167515647,8.670207555226941,0
2023-05-10 04:00:00,STATION-05,food_processing,6.684066727689344,9.92929575697946,7.515386143450666,18.978068021500274,186.04523562203377,4.757154246115377,0
2023-05-10 05:00:00,STATION-01,food_processing,6.776493835562965,4.958463816741931,8.102038750016401,18.309897802240325,133.17366130612356,8.188556052623252,0
2023-05-10 06:00:00,STATION-02,food_processing,6.744938931817765,6.540710548450462,7.460832779445593,18.964117978706454,187.09382209795862,1.837204308104413,0
2023-05-10 07:00:00,STATION-02,textile,7.310331246416558,18.97989192201995,5.758858898691452,28.943109103311517,555.5710104357689,9.19716819424851,0
2023-05-10 08:00:00,STATION-09,chemical,4.048995766098523,16.305048165067785,6.71537381829309,23.097313617978177,572.6682146967282,39.90009625494567,1
2023-05-10 09:00:00,STATION-02,chemical,5.41643415363116,9.840923579329159,6.802024172562887,22.56452665155643,250.56961010935098,13.719842741259722,0
2023-05-10 10:00:00,STATION-04,food_processing,6.947758477051971,7.908647941804754,7.78367491769847,16.031842529266434,167.74849762516877,4.366250671284022,0
2023-05-10 11:00:00,STATION-07,food_processing,6.8186073621221945,1.3111354613615962,8.383065872786851,18.044446728859096,229.67733960960277,4.331439864752782,0
2023-05-10 12:00:00,STATION-04,chemical,5.353365848405866,9.472487793568625,6.973769517936847,21.44673008893202,250.1035770871348,14.168576328247008,0
2023-05-10 13:00:00,STATION-04,food_processing,6.093918179820691,2.1657571747668043,8.39007726330642,18.049942306507397,202.3817438552573,4.849014771026286,0
2023-05-10 14:00:00,STATION-03,food_processing,6.572971197607318,5.8628320495442,7.177067762479405,17.65355311870936,219.6774744732018,3.778111524700072,0
2023-05-10 15:00:00,STATION-09,food_processing,6.443714777252632,0.0,8.510594746900576,18.500173672442934,141.989763006249,3.6110269613624757,0
2023-05-10 16:00:00,STATION-02,textile,7.593695010782472,19.38936323157828,6.454133790595379,28.063413682330076,520.2815827463614,9.49383720938721,0
2023-05-10 17:00:00,STATION-10,food_processing,7.136320425475921,4.570683566218234,7.797052079867251,20.811436884007342,214.00652404049998,2.3318618211655444,0
2023-05-10 18:00:00,STATION-08,textile,7.032587673943976,26.27687953730738,6.525122199104123,28.464288877446666,450.0769988265491,7.729598782910082,0
2023-05-10 19:00:00,STATION-07,food_processing,6.743325291620863,2.6338363466197086,7.791831655270687,16.946941046547487,206.0349657168356,2.821073091133978,0
2023-05-10 20:00:00,STATION-03,chemical,5.494845069727204,7.379442191970278,6.633647027509165,22.638524035942094,320.379553572844,16.234273647554378,0
2023-05-10 21:00:00,STATION-09,chemical,5.467172944417081,13.916658798036618,6.686917119718126,21.98615415163717,212.00653265546342,16.880175621842216,0
2023-05-10 22:00:00,STATION-09,textile,7.666349668159815,16.906777450886064,6.122747620722576,27.10303985343204,426.04944563724473,11.380746215161688,0
2023-05-10 23:00:00,STATION-03,textile,7.657824363487785,21.830608913168543,5.728998980107131,27.95508357258259,468.6836981703871,10.745696941839148,0
2023-05-11 00:00:00,STATION-10,food_processing,6.474486825106191,3.2682050149567794,8.531318496813439,17.461423881537357,149.07926395798444,6.211984369807485,0
2023-05-11 01:00:00,STATION-06,textile,8.036939925463164,43.86347090342076,5.337720930864579,29.363190891123367,1029.2468661663565,20.787762648559692,1
2023-05-11 02:00:00,STATION-09,textile,7.705434591715263,19.592962897801158,6.59689092354019,29.158947254429943,528.6084883627083,10.544394608435294,0
2023-05-11 03:00:00,STATION-06,textile,8.933426958170372,16.148117278396857,5.620463512535895,26.433251009356365,749.3164467562206,33.716751823016615,1
2023-05-11 04:00:00,STATION-07,textile,7.200262864910392,20.678819908870537,6.634869342014042,29.348235106828138,514.1784271730189,11.53014297706807,0
2023-05-11 05:00:00,STATION-06,food_processing,6.643175590162846,7.451382481594118,8.223727729110065,18.25510446572257,73.47631689864907,4.076092941092831,0
2023-05-11 06:00:00,STATION-04,food_processing,6.887651603952818,4.155554795976819,7.727595771105269,16.917657643193312,225.9456491617692,3.791668942222114,0
2023-05-11 07:00:00,STATION-09,food_processing,7.3790425126925765,9.50597055890367,7.650272167203601,19.26111300230733,212.74390549646887,5.07020801289491,0
2023-05-11 08:00:00,STATION-07,chemical,5.607375531367018,6.182345073621736,6.5664890380711025,21.98158486846038,330.5725039385448,16.041346845085915,0
2023-05-11 09:00:00,STATION-05,food_processing,6.785804653098522,5.530744943926709,8.26462066047365,16.602651491138623,173.2825679541677,4.821542740814343,0
2023-05-11 10:00:00,STATION-08,textile,6.784497442280655,40.99473041209887,4.729984496775225,27.589171531287175,688.2046052185282,14.698951816363833,1
2023-05-11 11:00:00,STATION-07,textile,7.484263080577463,20.563464947358053,6.280020668280524,26.087648726553283,517.3234193387835,11.076793232418325,0
2023-05-11 12:00:00,STATION-01,chemical,5.052212553413206,11.200793965180928,6.983461817495452,21.89238838944581,200.98140758820063,16.721599188218487,0
2023-05-11 13:00:00,STATION-10,textile,6.101082568394348,37.4083046813845,4.36433083727132,27.124522769943283,981.4994316162272,26.715281533771968,1
2023-05-11 14:00:00,STATION-09,chemical,5.272354022103833,4.0091584167446,6.192331627515131,20.957439870373502,766.4247282382663,39.46428530902448,1
2023-05-11 15:00:00,STATION-05,chemical,5.112483851378487,31.364674588960902,6.755257612539902,21.39498164676345,358.7980953465555,29.671561864281713,1
2023-05-11 16:00:00,STATION-05,chemical,5.357646069809091,9.881041907054726,6.423122873130145,22.488056515552486,332.1678601629835,11.239522575933574,0
2023-05-11 17:00:00,STATION-04,chemical,5.553535840728092,9.857682257571797,7.933672583965555,21.260667109282462,378.4731817904558,15.558543251119685,0
2023-05-11 18:00:00,STATION-01,textile,7.852440289758036,20.136209368556475,6.4746392234367,29.609409667786363,467.7500305921318,9.814146438936492,0
2023-05-11 19:00:00,STATION-05,food_processing,6.88747522863007,2.222011782933646,7.6209448006932625,19.319322572396594,141.80723889825418,4.168715679407198,0
2023-05-11 20:00:00,STATION-09,food_processing,6.980340513627317,5.428525827595926,8.512898074072961,17.13991883057627,192.16793589698946,5.295435122481946,0
2023-05-11 21:00:00,STATION-10,food_processing,6.75409670026492,9.093726965669978,8.032533762931202,16.915986354191563,235.184814936242,5.533959234546778,0
2023-05-11 22:00:00,STATION-03,food_processing,6.738863499094608,8.478213445844123,6.61508454416202,17.46242134572056,124.82155343081875,3.7741587115504673,0
2023-05-11 23:00:00,STATION-01,chemical,5.7145772940625,10.241153941107271,7.5844671344973715,21.687681518930802,420.95687618456344,18.29652621749422,0
2023-05-12 00:00:00,STATION-06,textile,6.727155278275724,31.255752841056257,5.182625770919678,27.951936812611695,1151.641400067186,21.82382030436556,1
2023-05-12 01:00:00,STATION-03,chemical,5.27393213868454,14.645227698879628,6.107583930533199,22.854486401830002,320.10696393042855,15.174942693734383,0
2023-05-12 02:00:00,STATION-06,textile,7.314581433926837,17.48444064057783,6.53457911250822,27.974092334946516,486.1647219823872,9.606087987858986,0
2023-05-12 03:00:00,STATION-04,food_processing,7.115823124424277,9.030996711331287,8.789412448890227,18.46614739496169,120.66798488409063,5.491731318266755,0
2023-05-12 04:00:00,STATION-05,chemical,5.20356723176478,6.843551145854607,7.242151637799439,21.575052355851376,222.20609584293902,15.533641303078282,0
2023-05-12 05:00:00,STATION-02,textile,7.6347729532743855,18.53062067739345,7.0632524256214655,26.42926699572707,483.92149158931994,9.409929889615785,0
2023-05-12 06:00:00,STATION-07,food_processing,6.901478483868629,7.506906370673899,7.7666657152214515,17.80138379303108,210.4523484302911,6.564417383393894,0
2023-05-12 07:00:00,STATION-04,food_processing,7.106413093960075,3.488816880898453,7.540574640876687,17.257518086621992,192.6101805483148,10.57537432708852,1
2023-05-12 08:00:00,STATION-02,food_processing,6.835185935716063,0.0,7.778701479914519,19.542905016078592,169.83668892112962,6.783303317626065,0
2023-05-12 09:00:00,STATION-06,food_processing,6.935206421586578,6.425058960223774,6.928407986605062,18.76969655826091,222.11016262568432,6.591586763531792,0
2023-05-12 10:00:00,STATION-03,textile,7.53620095223344,16.68187794684489,5.5306533680826035,28.313625007364166,449.88105467018136,10.070991428604774,0
2023-05-12 11:00:00,STATION-10,textile,7.3239438059983994,16.917725975396905,6.2284759051262135,26.553378137435825,504.0910758035046,10.62706998069935,0
2023-05-12 12:00:00,STATION-10,chemical,5.528188583316235,6.180398427903841,7.1074214880279145,20.952774051821525,264.1708385127665,15.598282129295553,0
2023-05-12 13:00:00,STATION-05,food_processing,6.764748195876533,7.372441952721053,8.453915047629748,18.723079003007143,170.1554969925666,6.370123123968584,0
2023-05-12 14:00:00,STATION-10,chemical,5.166547926731342,9.366228800197135,6.956388475308556,22.385095303530246,317.88693796229325,13.811894014860385,0
2023-05-12 15:00:00,STATION-02,textile,7.479508338104337,17.987752678596877,5.998311619910032,30.00870870454942,493.6848414715586,9.988468305913244,0
2023-05-12 16:00:00,STATION-06,chemical,7.533794680133659,17.262599570680276,4.944752210302196,21.91309590350465,422.5277017531845,36.314499581974644,1
2023-05-12 17:00:00,STATION-07,textile,7.541820018834995,18.443612526787213,6.608308274721446,28.121851734024983,448.94607743401855,8.935154684242725,0
2023-05-12 18:00:00,STATION-02,textile,7.379193426511664,19.92849191002296,6.26139857802206,27.30100566101746,454.8465340508973,10.800902710837999,0
2023-05-12 19:00:00,STATION-10,chemical,5.9051625046473,6.001407271315742,7.353608083699478,21.868244518529533,262.0556696051195,15.848679963611845,0
2023-05-12 20:00:00,STATION-07,chemical,5.904550962574801,10.940836768406383,6.657338097874375,21.411139395516233,336.9414039688294,13.29883813242763,0
2023-05-12 21:00:00,STATION-05,chemical,6.75118794019896,39.65042884721023,5.7771329795135244,23.254552646152025,372.67188503820324,21.534655550107658,1
2023-05-12 22:00:00,STATION-01,food_processing,7.221610820801447,7.402894685719612,8.01934835877531,17.1524338337639,152.7942941355695,7.953331726325321,0
2023-05-12 23:00:00,STATION-09,textile,7.062643117020392,23.53236092488647,5.661656603783796,27.805615775038508,544.4993957434722,12.29539517936937,0
2023-05-13 00:00:00,STATION-03,food_processing,6.898568301712815,4.966252453436614,8.039740588399184,17.80095386068433,154.0224482283092,2.385819215994325,0
2023-05-13 01:00:00,STATION-09,textile,6.515456103340591,37.37735766176068,6.197048998300212,28.44691596437567,669.32204081569,25.888556654447083,1
2023-05-13 02:00:00,STATION-04,food_processing,6.626223909325226,7.872148452437609,8.116548369345642,16.941677471142263,139.66325566550546,4.58649818505398,0
2023-05-13 03:00:00,STATION-01,chemical,5.593083269147554,28.34085898665515,6.105847488861851,20.017570239187894,501.39441119806554,28.331964603471555,1
2023-05-13 04:00:00,STATION-07,food_processing,6.475115097351866,5.593961642534088,8.024143507015157,19.68473722020784,130.10573897233053,4.897424966190916,0
2023-05-13 05:00:00,STATION-10,textile,7.485855782289807,21.584824959124546,6.355172217112157,29.530014655410913,527.6339420232317,13.656919800846062,0
2023-05-13 06:00:00,STATION-09,food_processing,6.566455536121904,6.082943031449994,8.41784794903047,19.34199926693939,164.2952724808965,2.2982210248781314,0
2023-05-13 07:00:00,STATION-04,chemical,5.203919960934066,13.950341990714293,7.085883477405657,22.52543686272025,234.50209025225925,15.421859555709776,0
2023-05-13 08:00:00,STATION-05,textile,7.85912605655961,21.083696357306437,6.033896221684941,28.55675672971323,525.3863548169376,7.065480878234089,0
2023-05-13 09:00:00,STATION-03,textile,7.62631984045826,19.506284883729336,5.831419866417509,27.766852783370602,571.278641053887,11.709843574726323,0
2023-05-13 10:00:00,STATION-06,chemical,5.361806670176249,16.12727692986531,6.939344834875622,22.563756431645643,304.7246349895256,16.478153811441167,0
2023-05-13 11:00:00,STATION-08,chemical,5.285086122723406,8.977663141825424,7.186400128331334,21.280457998449105,255.40495812962416,15.196233794844826,0
2023-05-13 12:00:00,STATION-01,food_processing,6.8375143155395595,5.454734922964369,7.860634860606748,17.046463774957882,159.0482044461245,2.5515135500802493,0
2023-05-13 13:00:00,STATION-07,food_processing,6.740251421481285,0.0,7.378633361883033,18.654715673935502,130.49229194441295,5.325669073042788,0
2023-05-13 14:00:00,STATION-02,textile,7.525975008278087,16.681205151203784,6.638327595482732,28.527271348430094,535.0344649093713,8.613537751077098,0
2023-05-13 15:00:00,STATION-09,textile,7.363507655352762,14.920475827691295,6.605522760333616,29.70955720808773,573.4686606677649,10.26905491116242,0
2023-05-13 16:00:00,STATION-03,textile,7.7882079492731,21.40081908223404,7.289815872404304,28.84213154196206,511.5237581139771,8.965430837752779,0
2023-05-13 17:00:00,STATION-08,chemical,5.619427305354478,6.021363802117624,6.517835673014892,20.22605064058199,330.2000901099084,15.775856610779497,0
2023-05-13 18:00:00,STATION-04,food_processing,6.86214538610109,4.488652900330967,8.146341065967256,19.111938388969307,190.14661862580766,5.08468334981341,0
2023-05-13 19:00:00,STATION-07,textile,7.747887410508055,21.155701674920575,6.545848588706165,27.576991339591018,525.0024782169234,10.98654135919285,0
2023-05-13 20:00:00,STATION-10,food_processing,7.128036585913211,5.2504319561209165,7.702057847263798,18.241309274381237,174.6363640108481,5.329980030056699,0
2023-05-13 21:00:00,STATION-09,chemical,5.327276061730502,8.197365829283168,7.917289544355711,23.30929978239059,290.51171691937986,14.32154259859945,0
2023-05-13 22:00:00,STATION-09,food_processing,6.617725602892794,6.571627224774013,7.6743983837732195,15.909405454545356,120.21720501834571,5.791827415088907,0
2023-05-13 23:00:00,STATION-04,chemical,5.729954518023701,15.314275789356358,8.10728577495236,24.696379762555146,284.9036069796324,17.33891983094204,0
2023-05-14 00:00:00,STATION-05,chemical,5.533190864617225,16.37807594647169,5.748701010949732,23.833489783138237,296.92006869816095,36.92810256562608,1
2023-05-14 01:00:00,STATION-06,textile,7.458645382046723,21.356443655548816,6.340799863438926,28.467530179293938,415.80450694430084,11.482197287840004,0
2023-05-14 02:00:00,STATION-10,food_processing,5.227247094927224,1.5656912841871944,5.742728037087643,16.7386966219741,223.5490669157662,12.279068422979286,1
2023-05-14 03:00:00,STATION-02,chemical,5.687286120178161,9.378415415612679,6.030267148041517,22.674633704331434,374.0845085443488,15.909297149921647,0
2023-05-14 04:00:00,STATION-07,food_processing,7.222047370227824,5.873699133795395,8.18966047480675,18.58606139341888,159.90836698299924,5.224199671914657,0
2023-05-14 05:00:00,STATION-06,textile,7.30625467067738,25.222494777744526,6.211561695510716,27.156835147271416,521.5149125895398,9.508748399760718,0
2023-05-14 06:00:00,STATION-04,textile,7.703614768312606,20.92469512907578,6.271475550839132,28.77898361992511,507.36094452802473,12.126979553866189,0
2023-05-14 07:00:00,STATION-06,textile,5.772747848681669,29.350307194710645,5.40958762092392,30.521551981709067,880.701783122222,17.640229200955677,1
2023-05-14 08:00:00,STATION-01,food_processing,6.8605475952043955,5.773779772343856,7.7324448468317595,17.172893650377322,221.86187156560132,5.236679170080644,0
2023-05-14 09:00:00,STATION-03,textile,7.284578578273827,23.73969922819387,6.356123048425391,27.40953481834894,505.07386678869625,9.686540215485026,0
2023-05-14 10:00:00,STATION-10,textile,7.576525532852249,16.607572058101812,6.267842302724229,27.664683641968573,517.7292806538371,10.376133627748057,0
2023-05-14 11:00:00,STATION-10,textile,7.9190974060866655,18.76005633594688,6.468023834060838,29.281260292258178,494.31175908515286,10.72818573393169,0
2023-05-14 12:00:00,STATION-08,chemical,7.0714469798807436,22.8374943675592,5.247819848980831,22.38295534346216,433.94178322031763,35.52857337775614,1
2023-05-14 13:00:00,STATION-04,chemical,5.1442972889113205,11.868250795187775,6.769571167050774,22.452739688344433,329.03047538764736,13.752827207337795,0
2023-05-14 14:00:00,STATION-06,chemical,5.161810701747643,8.573931289059356,7.765579261034094,22.85848002426207,257.9743855516628,16.977947411937777,0
2023-05-14 15:00:00,STATION-02,chemical,4.8911609589206915,28.3477856057038,6.86337527072602,21.042338885972825,712.1995599376518,31.61872517169494,1
2023-05-14 16:00:00,STATION-01,chemical,5.730736492244908,20.517713306633993,5.143426484037009,21.943674196884444,588.6861157575313,27.643443055460285,1
2023-05-14 17:00:00,STATION-10,chemical,5.516378008748649,14.874884917305767,6.68152627416492,23.088378824590464,186.61381125628054,14.194386105850663,0
2023-05-14 18:00:00,STATION-05,chemical,5.619139109039989,3.8801179847440164,6.608722558417723,20.384938650886433,304.4512897394104,18.321701402466783,0
2023-05-14 19:00:00,STATION-06,chemical,5.618159964496729,17.821484898745794,7.072270143816639,21.21206248084773,317.7844386572664,14.624866127379946,0
2023-05-14 20:00:00,STATION-02,food_processing,6.989974081780412,0.0,7.9249026877382365,17.58531343230638,190.77818603312403,3.2614586701088166,0
2023-05-14 21:00:00,STATION-08,textile,7.255860735720654,21.95572889781314,6.509864159559105,28.186490544323163,508.4364893945784,11.593994965441233,0
2023-05-14 22:00:00,STATION-01,textile,7.4756017152453325,21.69313601282381,6.318533562943008,26.651106676221396,537.2689178145713,10.770602216088138,0
2023-05-14 23:00:00,STATION-04,textile,6.948989688285634,31.02408928753029,4.6860437218281525,27.911332583335767,1131.9600186609402,19.146487819701665,1
2023-05-15 00:00:00,STATION-09,food_processing,5.248755390983213,10.817202583902047,7.097655326172435,19.723404398532814,118.20670986597055,19.619907112221696,1
2023-05-15 01:00:00,STATION-04,chemical,5.4680163048230765,12.093032516910494,7.51676021779824,23.44133708787684,264.56257836702787,14.869921810376256,0
2023-05-15 02:00:00,STATION-09,food_processing,6.803304320745315,7.535409031633999,8.159157453202361,17.478266173070384,95.97223364834002,6.006154614211036,0
2023-05-15 03:00:00,STATION-09,textile,7.694256971741953,20.72609902214011,6.496486721766758,27.812044011775548,515.4550921735843,10.674546162096615,0
2023-05-15 04:00:00,STATION-10,textile,7.66926129168443,21.311022891954913,5.641725267814998,28.78020181916528,509.0023957985667,9.467101737485082,0
2023-05-15 05:00:00,STATION-03,food_processing,6.760271448562988,3.8264824664524966,6.856949642712449,19.25923290687048,138.72318395948835,6.302996770071419,0
2023-05-15 06:00:00,STATION-01,food_processing,6.129308830551267,8.832957393392379,6.360401065523748,18.150837503688507,109.8507085657809,9.47382388697843,1
2023-05-15 07:00:00,STATION-10,textile,7.499450381863592,21.513558371617183,6.295746331719677,27.817153568482496,449.58518949759207,10.639520154957236,0
2023-05-15 08:00:00,STATION-09,food_processing,6.966445664010082,5.009255462261448,7.737196064375814,16.09193861258302,221.54413117608118,4.4123022138977195,0
2023-05-15 09:00:00,STATION-05,chemical,5.430019420871651,17.19082052960134,6.341455821510182,21.67826201338785,354.1441090482871,14.777764297998194,0
2023-05-15 10:00:00,STATION-01,chemical,6.539563761498202,25.693365412121494,4.709817823704892,23.539811752412078,463.71128059683866,32.8070342791869,1
2023-05-15 11:00:00,STATION-04,textile,8.098433506313587,31.25271314799308,4.48509568670227,27.65019503571934,705.8300701604029,19.834053522009548,1
2023-05-15 12:00:00,STATION-10,food_processing,7.0815605611065156,14.825618498984637,5.8843155461510515,18.740499511428535,366.4774533822974,6.734560830429984,1
2023-05-15 13:00:00,STATION-01,textile,7.774467254190936,16.646309739801957,6.5225556051317675,27.885346038826818,539.8997137653553,12.536813917258247,0
2023-05-15 14:00:00,STATION-01,textile,7.550972977049358,19.942574364655744,5.769848147748993,27.592156375664317,525.3989482016159,7.6248125280833,0
2023-05-15 15:00:00,STATION-07,chemical,5.563839118084313,8.104141411204692,6.894815874888189,22.163033174768003,359.05358341048606,15.113795833640125,0
2023-05-15 16:00:00,STATION-05,food_processing,6.6886422391082325,5.233492325480759,7.618012995768179,18.021430106945612,150.3562629265877,6.5306406493071005,0
2023-05-15 17:00:00,STATION-06,food_processing,6.791062498698793,6.4958997093485795,8.893043716682644,19.392582110896544,209.84654447731253,2.925876667428764,0
2023-05-15 18:00:00,STATION-01,chemical,5.493863364527043,11.142885571536517,6.827949496173534,21.731271855674898,254.218808470959,14.972176712158962,0
2023-05-15 19:00:00,STATION-07,textile,7.339576691791814,21.836637306356533,6.553235654707416,26.876433917729905,544.1751809852325,8.30532847137831,0
2023-05-15 20:00:00,STATION-07,chemical,5.411219808905955,10.627288923310195,6.158804183356138,20.746986882965018,323.9365431641837,14.726254069859133,0
2023-05-15 21:00:00,STATION-02,food_processing,7.034741906228284,5.967506081500857,8.159364315033741,17.352584349882502,109.06075115746216,1.725204731820202,0
2023-05-15 22:00:00,STATION-08,textile,8.554403281267417,40.47884779883028,4.813886973855437,29.221046802151285,559.0122504173389,20.74827717419041,1
2023-05-15 23:00:00,STATION-09,food_processing,6.6449678452991305,1.5655844457099946,7.7867875936921775,18.227619563749588,86.76053736546417,5.269716796536189,0
2023-05-16 00:00:00,STATION-03,chemical,5.638075004013715,9.319771744652522,7.884062184497303,21.199510741142642,319.16440885093186,14.960719393913603,0
2023-05-16 01:00:00,STATION-09,chemical,5.26376547881375,10.922840627129906,6.0428120037495345,21.416264652913917,231.80082365107853,14.901174171817816,0
2023-05-16 02:00:00,STATION-09,textile,7.508651497205188,19.63307789620101,6.77508716069208,26.90181928410645,470.75438612160406,10.273228064360328,0
2023-05-16 03:00:00,STATION-01,food_processing,6.856923941458503,1.4043950346644491,7.922470312397622,16.996686415164653,148.10890633664852,5.113862233229493,0
2023-05-16 04:00:00,STATION-04,chemical,5.355762812211265,11.569167036517772,6.637710204897263,22.31811850657115,242.86514774928142,16.14546698689907,0
2023-05-16 05:00:00,STATION-05,food_processing,6.841601302414836,9.264638173777845,7.4553292911618865,16.528352052369353,189.340213019013,6.775339884613732,0
2023-05-16 06:00:00,STATION-08,textile,7.7443165872943,37.08313497319873,4.371372406723539,25.604059653899935,1133.8646716792323,19.220913698728893,1
2023-05-16 07:00:00,STATION-03,textile,7.410347229756353,16.54454501282911,7.22583352126204,28.851054287725177,507.5868705959106,8.074866285760022,0
2023-05-16 08:00:00,STATION-06,chemical,5.666792105556114,7.521627269260117,7.040647186286771,22.206605936624314,426.0209539951163,12.319723098483212,0
2023-05-16 09:00:00,STATION-06,food_processing,6.805662859202045,9.265589872498989,7.876180251620529,17.517610265383347,139.0691533169948,6.379563824903407,0
2023-05-16 10:00:00,STATION-05,textile,7.7051943985523845,18.809581958400138,5.893276989114468,28.66515868061162,507.54534784630096,7.091972624305369,0
2023-05-16 11:00:00,STATION-09,chemical,5.72470385614219,9.82028151369978,7.215842563492501,20.67985894944724,348.5409480994479,14.75160879697022,0
2023-05-16 12:00:00,STATION-01,textile,7.421586694565177,19.795594611207612,6.354450844046328,27.603685396332793,519.54482159341,11.622263342993692,0
2023-05-16 13:00:00,STATION-05,food_processing,6.746110555064263,8.989404926753721,8.59241250324901,18.074283144261905,124.9656622891253,7.914497776985445,0
2023-05-16 14:00:00,STATION-01,textile,7.69298337757085,14.59733636890542,7.100923801039387,26.165845546633193,483.13245228818835,10.115495725557407,0
2023-05-16 15:00:00,STATION-05,food_processing,6.898439688121284,4.856037340832024,7.790881033057339,16.48703070299893,281.3233819251876,5.752655038665249,0
2023-05-16 16:00:00,STATION-03,chemical,5.641651347568679,6.735379250341574,7.565759323214667,21.27856300780329,330.2595862470445,13.4783400950053,0
2023-05-16 17:00:00,STATION-07,textile,7.361569320722627,19.762775554211494,6.923108176577695,28.181824849037568,521.2928682793275,9.62099334432179,0
2023-05-16 18:00:00,STATION-03,food_processing,6.6487897236627385,3.5895402507826715,5.6442525648154795,18.789542227758872,513.6107349243753,10.757010445415112,1
2023-05-16 19:00:00,STATION-07,chemical,5.406263529988538,11.591818029357405,7.317494883080188,22.65462785766342,301.0376369930257,14.799420780898815,0
2023-05-16 20:00:00,STATION-10,food_processing,8.255400234901689,12.487268556549168,7.712147049982635,18.361582440379614,72.60248289743681,10.199884454017115,1
2023-05-16 21:00:00,STATION-04,food_processing,6.308235804435097,5.208758360800138,7.909755105663674,21.202325903747536,177.14697726810732,5.456609539449249,0
2023-05-16 22:00:00,STATION-04,textile,7.505848532771922,21.384413793543786,6.594316153809843,27.63856602436121,470.82761861235923,10.834849997099605,0
2023-05-16 23:00:00,STATION-03,food_processing,6.952492645467228,5.5687210824886115,8.09080403840027,18.35951331118825,54.402510579256685,4.238296320708418,0
2023-05-17 00:00:00,STATION-05,textile,8.19427571104609,42.84948611351761,6.749230332137463,27.264856647084557,981.2896169553978,22.421087670034677,1
2023-05-17 01:00:00,STATION-06,food_processing,6.8152267813557925,3.11111644616953,8.094788033961239,17.42409578726746,116.83472514442275,4.356558968493191,0
2023-05-17 02:00:00,STATION-09,textile,7.512917645547729,22.121926365627015,7.245996665374305,26.380708618070578,466.2742272635213,11.600514092429053,0
2023-05-17 03:00:00,STATION-04,chemical,5.641851729145579,11.495144509336344,7.83090580847187,20.89736738148786,270.0634000962007,17.46628091848566,0
2023-05-17 04:00:00,STATION-03,food_processing,6.806957969691085,5.078105187897185,7.762930526347042,17.08431630482624,125.46421196468174,5.404510730657134,0
2023-05-17 05:00:00,STATION-09,food_processing,6.569639398966226,3.2135345392073686,7.308865631641769,17.840713069649837,108.22150057352994,2.15407093104034,0
2023-05-17 06:00:00,STATION-04,food_processing,6.666798833617149,1.2166908992061014,8.604606228970201,17.853900827109467,141.87159951535955,8.28680166224225,0
2023-05-17 07:00:00,STATION-05,chemical,5.409424489746332,15.369429706745821,5.902769976865866,22.58757601039127,287.75630872538017,13.789552970340846,0
2023-05-17 08:00:00,STATION-09,food_processing,6.720313820430903,7.2773571840447415,6.816353594622765,19.408022533177586,77.31586355162186,8.991522866502503,0
2023-05-17 09:00:00,STATION-07,chemical,5.609566648928342,6.411920788363927,6.517705313027743,20.85613374264307,342.59568025398454,14.319405325102792,0
2023-05-17 10:00:00,STATION-10,chemical,6.569381796395704,10.685949459402261,5.998955402819707,23.045274825165563,391.8104754568413,30.713243280001358,1
2023-05-17 11:00:00,STATION-06,chemical,5.423895944983527,11.005684696588487,7.099758960610691,23.48618836924338,311.5018857451999,14.44506552494747,0
2023-05-17 12:00:00,STATION-09,chemical,5.416703406875636,8.920307791631343,7.402175148801229,22.164616294895524,369.38810441392764,16.24901639515335,0
2023-05-17 13:00:00,STATION-02,food_processing,6.657477418964883,6.619972494481438,8.22078120219737,20.40448341866911,153.59076127550068,3.94191773202232,0
2023-05-17 14:00:00,STATION-06,chemical,5.91314839950003,7.436519135241315,6.724145351569148,22.252630042503295,323.5662190864761,14.920161873190418,0
2023-05-17 15:00:00,STATION-01,chemical,5.3300992855858285,15.810971970064832,7.014612660947644,22.20647603191777,390.53024715720636,16.662972179916075,0
2023-05-17 16:00:00,STATION-07,textile,7.594528818113709,22.5272036989389,6.283207500330364,30.218687174646668,520.355869392982,10.204904613659318,0
2023-05-17 17:00:00,STATION-05,textile,7.493808468385661,22.273030343905358,6.862223304894937,28.81951045571884,537.5032191564266,10.300623391147345,0
2023-05-17 18:00:00,STATION-05,textile,7.366969427238785,22.4943782585272,6.850968112007419,27.175455360562125,466.23916418244653,10.691750147160267,0
2023-05-17 19:00:00,STATION-04,chemical,5.221714264079035,14.074469094106842,7.049902000352406,20.825721335613743,395.40677144368465,15.12221895048965,0
2023-05-17 20:00:00,STATION-03,chemical,5.30179862179617,6.43018529914177,6.227331357857949,22.031217208146895,241.35343580558802,14.479134024994368,0
2023-05-17 21:00:00,STATION-01,chemical,6.93067154597978,12.791355775002742,5.36612434859024,21.263293719764384,548.5828480977299,33.616285503880654,1
2023-05-17 22:00:00,STATION-10,food_processing,6.778623625935148,5.14917274657191,8.112896475339483,18.27306620254692,137.6641422634301,5.845539151695895,0
2023-05-17 23:00:00,STATION-10,textile,7.1099300619214585,18.569741040496197,5.547393768084632,28.99600026019656,451.26952887737923,10.717902605122385,0
2023-05-18 00:00:00,STATION-10,food_processing,6.948000891102689,0.35985511031833717,8.188751793175696,18.10147922917039,186.42719867113863,6.21202735181742,0
2023-05-18 01:00:00,STATION-10,chemical,5.113495838705387,14.098141007146353,6.860145838929281,22.502441485206724,411.1551957367917,13.514677515876294,0
2023-05-18 02:00:00,STATION-04,chemical,5.602638425410896,13.34921759185589,5.074432538789994,23.56377224113251,435.9677199278731,35.46280825043069,1
2023-05-18 03:00:00,STATION-01,food_processing,6.93893543742374,5.159953033584263,8.838137251445536,19.263541988351644,164.42193582843845,6.329818421515586,0
2023-05-18 04:00:00,STATION-02,textile,7.684519671897682,18.79119833760998,6.640736086034952,28.85514087510761,569.6662430499864,10.944386837151178,0
2023-05-18 05:00:00,STATION-08,food_processing,6.674247257506097,2.737029764357754,6.944357848877473,16.52223746330781,244.52887638922306,3.987101989611162,0
2023-05-18 06:00:00,STATION-09,chemical,6.563853981480693,17.983214666493044,5.081282297612764,21.196051690456986,503.1229241788957,34.53768866329429,1
2023-05-18 07:00:00,STATION-08,food_processing,7.09316112597403,6.860810276757759,7.692464403897789,18.93001904053315,296.1729038907771,2.547658374098121,0
2023-05-18 08:00:00,STATION-06,food_processing,6.960487964049328,3.792251087888241,7.700339594587414,19.70189541213449,109.99474565211764,5.572832294712791,0
2023-05-18 09:00:00,STATION-07,chemical,5.428638431855389,5.549489784572555,7.122345834196758,23.56040279916863,361.46337405082596,13.916476785025559,0
2023-05-18 10:00:00,STATION-08,textile,8.860872794412284,40.11073879171195,5.073125461808959,29.378438740256897,879.3100919131377,26.764440735272984,1
2023-05-18 11:00:00,STATION-03,chemical,5.5959328640558335,7.213973606608543,6.921230382640354,23.525678168841896,420.25955899635136,17.08509408863614,0
2023-05-18 12:00:00,STATION-04,chemical,5.49744751829824,11.249577114252212,7.637021330854585,20.723060782677432,391.9579541468887,15.204111939785088,0
2023-05-18 13:00:00,STATION-07,chemical,5.6296392166212375,4.905525476905848,7.509236810019525,23.1219857966304,330.25968561093407,14.968303832983102,0
2023-05-18 14:00:00,STATION-05,chemical,5.891827454654529,6.575873273551366,6.348839810097799,21.018734094985387,333.87362002319503,15.228707823673293,0
2023-05-18 15:00:00,STATION-04,textile,7.592525032266059,20.419775662990762,6.149329439527814,27.53698984335335,548.0677974583648,11.001409513806514,0
2023-05-18 16:00:00,STATION-04,food_processing,6.6332536246444045,5.229571731217317,8.46478556330723,18.56768004004936,202.01864404809493,3.0034512597435508,0
2023-05-18 17:00:00,STATION-02,chemical,5.339158520001164,9.977848026124922,7.553647646599341,21.549545821886547,276.01428018394375,14.974699755004925,0
2023-05-18 18:00:00,STATION-08,chemical,5.810244447277376,14.406255696841086,6.439059126715544,24.054991100272765,278.29706420952033,13.675829338253866,0
2023-05-18 19:00:00,STATION-08,food_processing,6.923951267439525,6.844182063156106,7.7990795687198755,17.922408377252022,168.7111311970124,5.1597099774288875,0
2023-05-18 20:00:00,STATION-06,food_processing,6.8966020417382135,2.8582712564109776,7.787578935785289,16.611669925564236,129.98396276128813,5.144083052729428,0
2023-05-18 21:00:00,STATION-04,textile,7.918050887796478,21.464523190471617,6.977475684254595,29.758958120632073,489.1961610993767,5.910941974982835,0
2023-05-18 22:00:00,STATION-07,textile,7.936474112906497,41.869368442967904,3.647379489915801,29.654167688712747,918.2692348114798,18.57960407558626,1
2023-05-18 23:00:00,STATION-10,chemical,6.361463245363847,31.76643816110092,5.149271211179883,23.423002521144603,714.3683041252801,28.97390003824617,1
2023-05-19 00:00:00,STATION-07,food_processing,6.656944784260375,5.460141790718158,8.701264426385531,17.10135994760801,177.3579997189032,3.6805635689313947,0
2023-05-19 01:00:00,STATION-06,food_processing,6.711581989082666,4.551499473994959,7.569771721880632,18.648625000140886,146.4264204178854,5.764073528714068,0
2023-05-19 02:00:00,STATION-10,textile,7.322798990604235,22.196245542430425,7.0544197506832145,28.307714948222063,529.0028896458242,8.312845218292981,0
2023-05-19 03:00:00,STATION-10,food_processing,6.663502153364451,2.524853425575457,8.442020254814715,17.259930064983525,181.84515787287341,6.335592394625644,0
2023-05-19 04:00:00,STATION-09,food_processing,6.90853111645625,6.830385127570722,8.05773669601618,19.063153078988083,131.33731306132023,2.7969782249498225,0
2023-05-19 05:00:00,STATION-01,food_processing,6.694110216610052,3.7847219291665857,7.710253389688654,17.848664330490273,93.64229488830895,6.68608425189045,0
2023-05-19 06:00:00,STATION-02,food_processing,6.92420950446309,0.0,8.151614900280745,17.265610659417334,118.30243539178537,3.471391541972035,0
2023-05-19 07:00:00,STATION-08,textile,7.514308949231733,19.795559386903978,7.0034782406782545,29.28241597576623,472.62863839564267,12.264431673134261,0
2023-05-19 08:00:00,STATION-04,chemical,5.337160178549722,6.014397836309136,7.079679985869433,21.067031997379544,284.8620008902726,14.663000355566266,0
2023-05-19 09:00:00,STATION-09,food_processing,6.940346462130218,9.459599297767795,8.951953264767447,16.686809015474488,152.12154972915695,7.546420498207089,0
2023-05-19 10:00:00,STATION-01,textile,7.4523560461674805,22.457898541167943,6.382799060212178,28.487583539870037,426.6323612127575,7.389344276337538,0
2023-05-19 11:00:00,STATION-07,food_processing,6.8023665036474465,9.107059235283566,7.355729755433799,17.78833984749964,142.39279135499456,5.0357674959162875,0
2023-05-19 12:00:00,STATION-01,food_processing,6.687709178718874,8.149086096084135,8.662387411221935,19.256168251243356,223.6311768940224,4.484255243728407,0
2023-05-19 13:00:00,STATION-05,chemical,5.554023388934339,10.199704333297067,7.642886969479184,22.482914102688046,351.9294613522308,14.923160781679929,0
2023-05-19 14:00:00,STATION-07,textile,7.954118155683278,15.152115749226734,6.367377992573201,28.20691419848246,502.8868872427834,9.399065734018034,0
2023-05-19 15:00:00,STATION-05,textile,7.598246014805815,23.24425370879209,6.534159707227956,27.489021936483862,485.9721964246233,7.784133588431391,0
2023-05-19 16:00:00,STATION-03,textile,7.292031624291429,28.208958620012957,7.489408393270615,29.069907079610108,546.1481565142099,9.835912338015962,0
2023-05-19 17:00:00,STATION-05,textile,7.3729629674463455,17.83199454333524,6.74441477311485,29.33215027198006,467.9858686791172,11.985276901270023,0
2023-05-19 18:00:00,STATION-01,food_processing,6.53622031533243,1.9183355983638797,7.458424886972139,18.622196636107955,181.2566883964312,8.558627051119355,0
2023-05-19 19:00:00,STATION-09,food_processing,6.585706156515779,1.9099412870030363,8.15408981509934,17.676297233417753,146.50069399584095,3.6164316369683323,0
2023-05-19 20:00:00,STATION-08,chemical,5.6648624576654,7.78538578337673,7.078147034183779,22.36486942760742,297.25049953000604,14.385083970195875,0
2023-05-19 21:00:00,STATION-08,food_processing,6.928443457890492,3.6788460218142007,8.564520666633173,17.288287058973772,93.43425204885894,3.2324400817088277,0
2023-05-19 22:00:00,STATION-09,chemical,5.182954825140167,10.350418501736609,7.364797875221464,20.590900626888384,364.6297051944537,12.759206609960865,0
2023-05-19 23:00:00,STATION-03,chemical,5.333643309628436,12.363376964558608,7.710654219987201,22.86269858492226,248.44295600448334,13.739244699060144,0
2023-05-20 00:00:00,STATION-09,food_processing,6.877985018787064,4.387430765489071,8.015635565349847,16.079662531710742,107.31349063792845,4.844289098336175,0
2023-05-20 01:00:00,STATION-07,chemical,5.687062296467328,10.380750738124394,6.590640816980771,22.060668480792753,243.10504363396396,17.385585594993188,0
2023-05-20 02:00:00,STATION-06,textile,7.677474322096629,22.445496680895406,7.152232690529827,29.57037299063452,469.10215114402627,10.089780853189865,0
2023-05-20 03:00:00,STATION-01,textile,7.474187674874525,23.235643365273226,6.567503400704976,26.89376446307589,365.3383441669347,12.316410319753677,0
2023-05-20 04:00:00,STATION-08,chemical,5.456817316063636,10.727769763729214,6.733159620453502,22.102405964866104,299.62345250944,15.049158871932466,0
2023-05-20 05:00:00,STATION-04,food_processing,7.169267532404001,0.0,8.891632930042993,17.296797332348785,107.68620077462805,4.285312166103356,0
2023-05-20 06:00:00,STATION-02,textile,7.613855627118567,23.000992511941035,6.393147880847678,27.319113570992844,467.2340046214156,9.927778960007194,0
2023-05-20 07:00:00,STATION-06,textile,7.1141654293202325,28.606306928076332,5.589313553729771,27.617508268532976,512.0524911510466,9.097748905534726,0
2023-05-20 08:00:00,STATION-03,food_processing,6.5777923371548725,7.058593051580391,7.9103526651776,19.83641989518124,111.62234727851805,5.151955154420323,0
2023-05-20 09:00:00,STATION-02,food_processing,5.647278936140461,14.103918184332267,5.957827909246626,17.69050375613767,270.9802182331129,15.216218603055195,1
2023-05-20 10:00:00,STATION-02,chemical,5.433328311953303,6.324352612310979,6.364328143200957,23.826405033945388,264.3528054217295,15.378709259944529,0
2023-05-20 11:00:00,STATION-08,food_processing,6.732841910019724,8.497364267931,8.434265004542032,17.483457199387527,125.79258761190272,3.883233381899724,0
2023-05-20 12:00:00,STATION-06,food_processing,6.732490150924788,6.92970189462615,7.553900242553002,17.754762997920984,175.11973087753293,4.925433837952029,0
2023-05-20 13:00:00,STATION-09,chemical,5.50714361838863,11.434634985006772,6.194798067546918,22.183121180355208,385.0542153109093,14.873748494109227,0
2023-05-20 14:00:00,STATION-07,food_processing,6.671096825700597,3.3279554005046883,8.149617511946007,20.411460282776655,153.0675431744181,5.047320845181048,0
2023-05-20 15:00:00,STATION-09,food_processing,6.703691298798881,3.398625923007296,6.678252732575428,16.971678449478294,142.4684807409002,6.719086869350266,0
2023-05-20 16:00:00,STATION-03,food_processing,6.683170838811242,7.039578109978895,7.121874111044931,18.848877662781614,107.19705025346747,4.924097334343122,0
2023-05-20 17:00:00,STATION-09,textile,7.4121353636651826,17.737029213999193,4.807243669124653,29.594486573810897,537.190542012496,12.35052605889635,0
2023-05-20 18:00:00,STATION-01,textile,7.639420974414667,19.22355445051016,6.389655811334887,28.736184283467914,476.9799299164521,10.287625081642135,0
2023-05-20 19:00:00,STATION-06,chemical,5.257138410613461,3.277399057967001,5.996080088490324,20.18896524274091,283.2858913269135,14.754868052811116,0
2023-05-20 20:00:00,STATION-03,food_processing,6.324018533729383,0.6913079963659854,7.590919464762418,17.686644649968844,86.91160076002396,7.328592834910891,0
2023-05-20 21:00:00,STATION-03,chemical,5.4053513757702945,10.538779702233352,6.376722849387898,22.421420122040495,319.036970107313,14.184516156097892,0
2023-05-20 22:00:00,STATION-01,chemical,7.060419406812109,7.69878352787081,4.874983831294442,22.519639181946733,456.63673035257744,33.858362005547214,1
2023-05-20 23:00:00,STATION-05,textile,7.506985921891302,20.117636583141092,6.6707858649250875,30.35335086378184,554.6343666530739,10.527384042527208,0
2023-05-21 00:00:00,STATION-08,textile,7.671099479922738,20.107676597761568,7.356275461737859,26.233392287843976,587.6383409179467,10.745709127884496,0
2023-05-21 01:00:00,STATION-03,textile,7.261503373808214,24.0786006756523,5.485671119226713,27.456466012271402,554.3147365199933,11.131600198250206,0
2023-05-21 02:00:00,STATION-03,chemical,5.593879231045994,8.945954027597692,6.47132268419843,20.19099716558557,385.60454634471364,16.36407998021079,0
2023-05-21 03:00:00,STATION-01,chemical,5.197389934962529,11.16252147297548,7.436708003254453,23.159472317418366,374.6491696617038,15.62400757148063,0
2023-05-21 04:00:00,STATION-05,food_processing,6.5266865230382995,3.2649962553176,8.204663636303097,18.520774771885108,233.84339100725316,2.933127574291065,0
2023-05-21 05:00:00,STATION-08,chemical,5.561106891718566,12.296148065426879,6.915271628213593,21.64510867092441,303.805251897761,16.41450819793574,0
2023-05-21 06:00:00,STATION-08,textile,7.431717914634784,18.782557755275423,5.9322911697993295,27.791626053824196,543.1290141523843,9.820512264982462,0
2023-05-21 07:00:00,STATION-01,food_processing,6.87390360405386,3.1206938599188647,8.023683033674764,19.87659374316863,177.64375816877978,4.374559776941089,0
2023-05-21 08:00:00,STATION-08,food_processing,6.652197937488377,7.220850979458303,7.257088119144155,16.529742531462688,163.25417253108347,5.02703752371783,0
2023-05-21 09:00:00,STATION-04,chemical,5.382615556149778,10.422418910095995,7.56340933137389,21.54842350470601,359.8892244745484,13.895514387933071,0
2023-05-21 10:00:00,STATION-08,food_processing,6.361298039536409,6.79294376039342,8.785480592776993,17.813021819331095,60.67713063377545,5.163776466531757,0
2023-05-21 11:00:00,STATION-07,textile,7.176322326705075,21.869007635211396,5.859356138023471,28.14413680187563,506.6292685024236,10.258318226276957,0
2023-05-21 12:00:00,STATION-02,textile,7.541329218492039,16.285575859100035,6.694574846765124,29.375425868938304,567.8967751051208,9.039903956549452,0
2023-05-21 13:00:00,STATION-10,food_processing,6.649571859858362,0.0,8.642796611400113,17.560355333928086,131.14009557764368,7.33323885657822,0
2023-05-21 14:00:00,STATION-04,chemical,5.547920176296429,13.175149409763039,7.5494985213970525,21.659365350282823,250.82954801116279,13.90530186759034,0
2023-05-21 15:00:00,STATION-05,food_processing,6.810326698012285,2.977897496155064,8.463274719914793,17.64350613976688,172.85625894761515,7.287726346026412,0
2023-05-21 16:00:00,STATION-09,food_processing,6.849682384663378,3.17982846914094,7.477373807520461,18.367403567528825,136.16906142556533,3.2624700318429625,0
2023-05-21 17:00:00,STATION-01,chemical,5.213482184499946,10.700874582757912,7.372044240153105,22.581027801626444,267.4616481040991,14.589948469381019,0
2023-05-21 18:00:00,STATION-03,chemical,5.613805934206282,7.345967558375292,7.877309401740156,21.943657096225582,295.0592230053239,15.352269729949796,0
2023-05-21 19:00:00,STATION-06,chemical,5.721301599672909,10.943990287481705,6.424172588344009,21.338032598277834,354.7015113309133,15.857770338826612,0
2023-05-21 20:00:00,STATION-03,chemical,5.653795062179896,21.557779257289766,5.769754730821083,23.0149333975392,397.91654792665355,27.96055918727358,1
2023-05-21 21:00:00,STATION-10,chemical,5.75365857092696,14.857052051846647,7.172896450393911,22.190523164238865,289.81902599609845,16.069698459895715,0
2023-05-21 22:00:00,STATION-05,food_processing,6.458022995151142,5.631700477921653,8.48200190572225,16.632839067478585,107.3813780992764,6.464395391871995,0
2023-05-21 23:00:00,STATION-02,textile,7.49377592369687,21.04078368181008,6.071633915085105,28.670358877212898,480.7492724307591,10.311021875188116,0
2023-05-22 00:00:00,STATION-02,chemical,5.206116225095669,12.508102521781872,7.534267314461898,21.57486608391776,326.61552817692547,15.44233314680835,0
2023-05-22 01:00:00,STATION-03,textile,7.515931163476986,23.479343650025143,6.053340854078663,28.987509069899932,443.4561558927799,6.821624976502171,0
2023-05-22 02:00:00,STATION-05,chemical,5.5881095372688625,7.949750702654783,6.999637512103834,24.484577932085966,327.12018888531696,13.437575387590925,0
2023-05-22 03:00:00,STATION-10,food_processing,6.863429308735652,8.1407450621425,8.028148301142384,17.07139355897215,112.03329510889948,4.083218285563557,0
2023-05-22 04:00:00,STATION-09,food_processing,6.7050268600994976,6.887351330941911,8.600911099204755,18.383244969785025,185.50692660780885,6.095138081332758,0
2023-05-22 05:00:00,STATION-08,chemical,5.537329318969341,10.153590825564168,5.494562798872368,20.30947015726953,333.9414979177025,15.512706337649513,0
2023-05-22 06:00:00,STATION-10,food_processing,7.140136945031843,6.315452097446345,8.016388893147504,18.685722811544252,176.2791789926701,4.620803628564123,0
2023-05-22 07:00:00,STATION-01,textile,6.805632331882686,38.03696456741057,5.9375212078952435,27.48301968883186,902.1317351861924,25.11523124361524,1
2023-05-22 08:00:00,STATION-05,chemical,5.36777985196955,7.285555799141895,6.612940277830331,22.407518622042417,154.94587838405886,13.206535369948298,0
2023-05-22 09:00:00,STATION-06,textile,9.306098305272767,25.490578422776483,4.5332882617524515,28.716740701338143,1046.1805568643633,25.74068242171877,1
2023-05-22 10:00:00,STATION-02,textile,7.530947795070978,17.469352729144003,5.888614121798487,28.685446161568205,523.8680341136647,10.974512549488097,0
2023-05-22 11:00:00,STATION-09,textile,6.5518007459747665,32.654872377754636,5.573723536891363,28.518973795827605,851.1042091202379,20.273820266155667,1
2023-05-22 12:00:00,STATION-05,chemical,5.696424564970751,12.919241286895636,6.788158894298865,22.306243777397327,197.5067929505624,15.048874019764535,0
2023-05-22 13:00:00,STATION-03,textile,7.404077207623998,21.21974520553585,6.092733551411027,28.03063832451517,518.762240478088,9.384157701337145,0
2023-05-22 14:00:00,STATION-05,chemical,5.780905307552453,10.772995299714308,6.7998757364274285,24.060070144613057,276.71782616920206,15.242618149449905,0
2023-05-22 15:00:00,STATION-09,textile,7.573219928217938,24.11093794791656,6.338771668174871,27.692489941675728,554.398958533248,8.556235738891276,0
2023-05-22 16:00:00,STATION-09,textile,7.765606356271574,15.296299248884909,5.980029731629305,27.24328950737127,542.8354340499135,9.060988727971715,0
2023-05-22 17:00:00,STATION-04,chemical,5.3736562597602076,13.947761635578214,6.965600230264115,21.237498917033683,327.7119207718413,16.009523739438947,0
2023-05-22 18:00:00,STATION-01,food_processing,6.568856803759907,3.4805799976557035,8.413762074357372,20.153003231846537,137.40411389744173,3.996914887604297,0
2023-05-22 19:00:00,STATION-10,chemical,4.644717700523913,29.54957345877777,4.535538953690141,22.121842953174763,609.373843053742,37.83335149562723,1
2023-05-22 20:00:00,STATION-09,food_processing,6.711232173319399,10.170272640821524,7.214959694530641,17.995176779450603,118.62419496922045,4.6299349278909165,0
2023-05-22 21:00:00,STATION-08,chemical,5.598136334552792,10.767954707891036,7.058914067639142,21.363573553419933,294.84773035513416,14.915271842833628,0
2023-05-22 22:00:00,STATION-10,food_processing,6.4473182328211855,6.467615858067967,8.594843767854215,18.17609242919364,267.47080626409183,3.992058527555235,0
2023-05-22 23:00:00,STATION-05,food_processing,6.904456710172037,9.598234378282722,7.482460397379059,17.13487536977989,142.97454062688496,7.804953222242975,0
2023-05-23 00:00:00,STATION-10,textile,7.618372384769142,21.748895653721984,6.9646754024384965,28.91971115243636,453.39899621747327,9.326877123986318,0
2023-05-23 01:00:00,STATION-05,textile,8.937632292746692,41.75889835021934,5.949423649937451,28.99195951396467,1194.5482440926828,31.50479687813317,1
2023-05-23 02:00:00,STATION-10,food_processing,6.992409077159023,3.047250161781293,8.527982213482028,17.06331959283047,173.15203555164842,6.528123944656933,0
2023-05-23 03:00:00,STATION-06,food_processing,6.646558627314334,6.099659826699927,7.96733464845127,18.584480820469903,220.19067855154535,2.4861021280826643,0
2023-05-23 04:00:00,STATION-10,chemical,5.0446365236608575,16.37875223934604,5.842857260529876,22.77851932673702,610.0372584344763,38.95493465596366,1
2023-05-23 05:00:00,STATION-08,food_processing,7.048289259346603,10.913024753893986,8.46925782353761,18.709364706865333,169.20618568688485,5.868255728753581,0
2023-05-23 06:00:00,STATION-08,food_processing,6.936336384037618,2.771520172266295,7.397888666996777,18.402667447180935,159.27034426904862,5.005250636540416,0
2023-05-23 07:00:00,STATION-03,textile,7.013651905824627,23.462140127513564,6.5394740301312195,27.528457310542485,591.57295159299,11.24952779443187,0
2023-05-23 08:00:00,STATION-04,food_processing,7.774276110842344,12.958141537797827,6.2201763803730366,18.47978571514721,299.37863669684214,11.763898679288554,1
2023-05-23 09:00:00,STATION-05,food_processing,8.737680587086754,10.950316406516896,6.1105228514662535,17.729383265007073,61.46231493386669,7.980015377869722,1
2023-05-23 10:00:00,STATION-01,chemical,5.641365072171592,4.004714178098405,7.413622214355965,21.132060076192925,356.6491426466257,14.715473979314593,0
2023-05-23 11:00:00,STATION-01,chemical,5.654706909525552,13.274643225865201,6.556502426659058,24.170823002406223,216.40152844275747,15.77095817665281,0
2023-05-23 12:00:00,STATION-02,textile,7.367780173563111,21.719891908146455,6.622132568720958,29.277244177353015,436.11838224157793,10.698415881488678,0
2023-05-23 13:00:00,STATION-04,food_processing,7.140572238441124,3.8411207722576832,8.882868239245651,17.578446536251978,167.18557046459304,6.7053176944028205,0
2023-05-23 14:00:00,STATION-07,food_processing,7.127055585592454,4.795280284592804,7.320076841118098,17.921694717193635,89.94335167324267,3.7702422457771045,0
2023-05-23 15:00:00,STATION-01,textile,7.33315205121921,18.14517774589264,7.369141642250516,27.92353361929981,498.19637170004535,8.158902632812788,0
2023-05-23 16:00:00,STATION-06,textile,7.278312707025638,22.297456182382593,6.1828584972432274,29.09156901690809,534.9793585812317,8.752731381361082,0
2023-05-23 17:00:00,STATION-04,food_processing,6.7286131674313046,3.420900646788737,7.696012996667225,16.54461711258927,125.39395926258203,4.702592940933588,0
2023-05-23 18:00:00,STATION-04,chemical,5.690682168528596,13.354524841902922,6.704099961625864,22.164884801633715,239.93185811941902,14.962321996784997,0
2023-05-23 19:00:00,STATION-05,food_processing,6.892498530914398,9.380700756867618,8.145100151991844,19.479074312149294,187.65130029169148,6.290700054717137,0
2023-05-23 20:00:00,STATION-02,textile,7.4579718001218165,22.569166826907725,6.755350154348186,27.220753101861412,544.6845422162863,14.156369815799433,0
2023-05-23 21:00:00,STATION-05,textile,7.29754042410439,18.89310180526917,6.54769424456521,27.35317357141834,484.44918763505876,10.627912479563749,0
2023-05-23 22:00:00,STATION-09,food_processing,6.447560712572412,1.0535831600356613,7.560129414896552,18.884976437154023,160.09292814098717,3.908529891093031,0
2023-05-23 23:00:00,STATION-01,textile,7.388558396339814,18.183763922917695,6.535946034316474,26.4390050110663,538.3538783576283,7.3764335605860545,0
2023-05-24 00:00:00,STATION-06,chemical,5.305471998185597,10.202463085275241,7.313573152248784,22.55055181992452,294.977263243352,13.175713834209652,0
2023-05-24 01:00:00,STATION-07,textile,7.354964293300053,23.226073493907794,7.005730995442388,27.89901899885714,499.01257510099936,10.906048712432348,0
2023-05-24 02:00:00,STATION-10,food_processing,7.156573266484958,0.0,8.682718204747351,16.979019713378403,114.49327893986879,3.4601268839028174,0
2023-05-24 03:00:00,STATION-01,food_processing,7.2727206814680905,9.639661793673085,8.044178868637175,16.969191953075722,199.03496148751796,7.732726505086346,0
2023-05-24 04:00:00,STATION-04,chemical,5.795133322930369,20.15101663100626,5.906317876682985,19.118026881622605,477.5833278578742,36.58807185039283,1
2023-05-24 05:00:00,STATION-06,textile,7.515509428759009,23.3825880286151,7.56911825588745,29.518367018108563,496.94005364740804,13.32749265215477,0
2023-05-24 06:00:00,STATION-08,food_processing,6.679172661966547,0.0,8.512323370356128,17.29386277573928,56.99904191177943,3.570461826856935,0
2023-05-24 07:00:00,STATION-01,textile,7.344333345529129,18.80410312611582,6.913537973387389,30.18554996946985,440.27946067474335,10.58135573670105,0
2023-05-24 08:00:00,STATION-03,food_processing,6.790225894034427,8.724960251151977,7.3520120448168225,19.121180263731915,153.9367071607109,2.5570584683659954,0
2023-05-24 09:00:00,STATION-03,textile,8.525013494727844,46.20091340365959,4.625996933934229,28.11985031823516,1057.4690632309607,26.855355386443517,1
2023-05-24 10:00:00,STATION-08,food_processing,6.686910434513078,2.7187328104616126,7.634881918909029,19.140200610762705,98.05054313655478,5.212080555999193,0
2023-05-24 11:00:00,STATION-06,food_processing,6.805186912913121,0.0,8.397715592085913,19.18972159739417,116.17214654203522,4.195013404852605,0
2023-05-24 12:00:00,STATION-07,textile,7.1126135507434585,29.2734094686363,4.736460063977201,28.02926342150421,784.1115578196618,19.600059138236883,1
2023-05-24 13:00:00,STATION-01,food_processing,7.025440651127225,2.5011770090610805,7.1481561144315435,17.373782514096813,113.20625133378971,2.500583462628029,0
2023-05-24 14:00:00,STATION-05,food_processing,5.650611255437472,0.5314328359637923,5.406438199203702,18.831500719026234,225.39564904180745,7.31473271557468,1
2023-05-24 15:00:00,STATION-06,food_processing,7.276485717801673,0.0,6.339584980764087,17.69385442021933,420.2133671731285,9.856416247226365,1
2023-05-24 16:00:00,STATION-09,food_processing,6.880841477555403,8.86645353784789,8.219175574389578,18.754681815372415,215.74792962829662,3.5680545148411573,0
2023-05-24 17:00:00,STATION-04,chemical,5.320981049652331,14.431676350764675,6.286791134185364,22.398777744365024,231.54994191437407,15.371500467733417,0
2023-05-24 18:00:00,STATION-06,food_processing,7.03425264523051,5.153571778348154,8.344064409957628,17.98587722507055,160.510009502012,3.789072837555751,0
2023-05-24 19:00:00,STATION-02,textile,7.542464896380503,20.942599677620727,6.71457252171975,30.822598256218946,549.6961787290982,7.989374371695224,0
2023-05-24 20:00:00,STATION-05,chemical,4.426811987526536,7.870648698606259,6.571007907283032,21.786155454603477,444.3323696389702,36.63120753342782,1
2023-05-24 21:00:00,STATION-06,chemical,4.9979601990055,16.181835053739555,5.5048571290263535,22.768532088191147,459.3518383900643,29.892968280289608,1
2023-05-24 22:00:00,STATION-09,textile,7.585371646887784,24.376359349238328,6.533828351105856,27.21040191012563,431.31843611025846,9.259399246301118,0
2023-05-24 23:00:00,STATION-10,chemical,4.135622229656474,12.940377707904979,6.414120848970606,21.00069546001641,636.375165197359,36.22017813436207,1
2023-05-25 00:00:00,STATION-07,food_processing,7.021202087786687,5.486095546621954,7.515004453828123,19.5513403487142,105.94064201977622,7.37248805582023,0
2023-05-25 01:00:00,STATION-10,chemical,5.800951341134586,15.770169905068174,6.96469910415948,20.138056478129734,336.1285411128177,13.818547995689528,0
2023-05-25 02:00:00,STATION-05,chemical,5.430613395379085,6.99465019240294,6.83508783938237,21.669852198944348,272.2579568820697,13.957741201388911,0
2023-05-25 03:00:00,STATION-06,food_processing,6.889957313886349,4.512650585820174,8.703252237282605,17.78951889182203,79.02344294087908,3.6561418986071548,0
2023-05-25 04:00:00,STATION-01,food_processing,6.840180820238507,9.753020643168504,8.23491035180676,17.325976427028998,115.2747241112514,6.918744748544786,0
2023-05-25 05:00:00,STATION-07,textile,7.877851308692891,20.97088223796781,5.978121386334391,27.425107581445683,442.18280515454154,9.4252817408759,0
2023-05-25 06:00:00,STATION-08,chemical,5.449658868328632,9.779538181081948,7.774635083316738,21.6752556569549,257.3481000143288,12.781395273080266,0
2023-05-25 07:00:00,STATION-06,chemical,5.339530960916011,13.708611166828955,7.4393888624812385,18.53563661247005,248.28333649345137,12.134414018135814,0
2023-05-25 08:00:00,STATION-05,textile,7.77143833791315,13.37343146100209,6.050730016768541,29.20170942929099,538.3072297462121,9.391314008540174,0
2023-05-25 09:00:00,STATION-09,chemical,5.378635642857497,11.217197964011884,6.386115997052336,21.94567499842853,294.05461899587533,18.599042231398514,0
2023-05-25 10:00:00,STATION-03,textile,7.658872117134377,15.697477572430829,6.132571977928162,27.92962581567652,485.89033054273716,7.592488949505693,0
2023-05-25 11:00:00,STATION-06,chemical,5.993222762510236,9.058033002682878,6.644672378497367,22.636760244829645,353.96941720531703,13.892164810300558,0
2023-05-25 12:00:00,STATION-04,chemical,5.913149166440693,13.089753652640884,7.727261280500227,21.55234448080332,231.9210103144987,13.936651505130122,0
2023-05-25 13:00:00,STATION-08,chemical,5.664842471126711,11.702408841989445,7.377494333985321,19.274953958744614,356.0069239778143,13.347591268942399,0
2023-05-25 14:00:00,STATION-01,food_processing,6.72390469776871,1.651995456148586,7.894156025260357,18.05589499245161,135.4652175855125,4.888416004996107,0
2023-05-25 15:00:00,STATION-09,textile,7.24461277647915,19.076362424321445,6.68024932414985,26.25880678190814,365.8716881011805,5.274832674251608,0
2023-05-25 16:00:00,STATION-04,chemical,5.264648847656506,13.152412495651994,6.512905469634922,21.87752583889164,303.942553787586,14.353192188627926,0
2023-05-25 17:00:00,STATION-08,textile,7.7016542011182505,19.24426718493363,7.681620235958749,27.177792693575235,550.6289218592575,10.60576141717841,0
2023-05-25 18:00:00,STATION-09,food_processing,7.293328521555477,5.199001378494736,8.615496688313147,17.61084259553376,182.61607938525648,3.526727785488571,0
2023-05-25 19:00:00,STATION-06,textile,7.505078545331251,21.304292577468637,6.298611686453878,28.737591368516703,475.9324399570045,8.811528410894537,0
2023-05-25 20:00:00,STATION-02,chemical,6.657359999649527,18.182036386359428,3.704620617948942,21.619004008423158,552.6641845445849,42.477339555204516,1
2023-05-25 21:00:00,STATION-03,food_processing,6.657180961134758,7.556563841332362,9.120125772365753,15.451267602964847,137.76155934588405,4.550896410996282,0
2023-05-25 22:00:00,STATION-01,chemical,5.500947361578788,6.287945507483391,7.979583580820982,24.748388294793152,264.3511827557175,15.702298584034931,0
2023-05-25 23:00:00,STATION-07,textile,9.061016538176203,32.89539582248184,5.727758106113156,28.240235787119797,1035.0036000293692,23.8440591267436,1
2023-05-26 00:00:00,STATION-09,food_processing,7.083636160445679,3.3740070572951395,8.363193836663479,18.69666064127916,379.5696244812036,11.758658224893919,1
2023-05-26 01:00:00,STATION-01,chemical,5.434943252993954,8.821413354069438,7.132743547658166,22.526391325444486,277.20987968007455,14.691914334993761,0
2023-05-26 02:00:00,STATION-01,textile,7.5410308267146045,18.301524732664085,6.359011816078137,28.401901566672652,416.46955869935937,10.333778004605831,0
2023-05-26 03:00:00,STATION-10,food_processing,6.819970486156627,0.0,9.126221489834238,17.014188769878853,138.428531332716,3.9282663163798066,0
2023-05-26 04:00:00,STATION-06,chemical,5.83962328486165,10.52809472756666,6.4538552901762305,21.473010301431316,430.03715943139275,13.272453204872622,0
2023-05-26 05:00:00,STATION-01,textile,7.590115485263768,21.55315959374907,7.179586469332627,28.828452552955767,533.4102965549472,9.961726559822027,0
2023-05-26 06:00:00,STATION-09,chemical,5.883007737106557,4.43833928605543,6.451749514677364,22.519322937978348,248.8938246113882,14.374784440381465,0
2023-05-26 07:00:00,STATION-05,food_processing,6.795280084970194,5.710015176376601,7.6348610432374056,17.153093018483997,199.69500338974026,5.371126893340697,0
2023-05-26 08:00:00,STATION-10,chemical,5.669352208089343,13.916464910897488,7.136793043156428,23.58130863745748,339.8989309440275,14.475702362116843,0
2023-05-26 09:00:00,STATION-04,textile,7.644085946939467,20.309811141291814,6.434312683972901,27.20956628418101,457.35268558792353,9.813520250080389,0
2023-05-26 10:00:00,STATION-04,textile,7.539833131293277,22.387969965344915,6.3601934525058805,27.306194447232983,465.9911683089854,11.628377318835586,0
2023-05-26 11:00:00,STATION-05,chemical,6.829869179863687,21.158383190585006,6.393964762953063,21.024993536421547,609.2973639013593,30.316862717586698,1
2023-05-26 12:00:00,STATION-09,textile,7.888590452842243,28.415936144309292,5.490031225816291,29.209568067691265,461.08442772224015,9.392466472389827,0
2023-05-26 13:00:00,STATION-08,textile,7.463672869254681,26.607756242014887,6.228238711952595,28.549025922618416,449.03130203847815,9.256351090380031,0
2023-05-26 14:00:00,STATION-02,food_processing,6.489554469476815,1.2726902478375193,5.872662420599898,18.8491526911596,151.87436097385336,9.44286534364647,1
2023-05-26 15:00:00,STATION-03,textile,7.634915587215984,21.591087930730076,7.044860605030298,28.966631457467734,503.93229620908244,8.799613604070164,0
2023-05-26 16:00:00,STATION-05,chemical,5.6104901493768,6.977068183515937,7.260811170927983,22.177755805065907,341.1658975887507,13.754970824076345,0
2023-05-26 17:00:00,STATION-01,chemical,5.25818365980479,13.164961443938244,5.997364439165775,22.665726622353127,248.48549938657226,18.059675307487534,0
2023-05-26 18:00:00,STATION-09,food_processing,6.324109007116419,7.343146566366416,6.582943792245443,18.838098192161457,187.3379209644182,4.821331375870347,0
2023-05-26 19:00:00,STATION-02,food_processing,6.56934254633418,0.0,7.83690505293965,17.153347463451716,160.97981278764843,3.7065596662632108,0
2023-05-26 20:00:00,STATION-09,chemical,5.520513436131073,8.794010011347051,7.371521974011197,22.972049582558427,364.52803429279425,15.390026622230176,0
2023-05-26 21:00:00,STATION-09,textile,7.654405491565614,25.03116258231954,6.136755163649678,28.761031770894956,478.9225842481525,10.62680591476229,0
2023-05-26 22:00:00,STATION-05,textile,7.445502747050094,24.989442880233618,7.404752907030376,28.72502164474104,483.565354686921,8.956376291579721,0
2023-05-26 23:00:00,STATION-05,chemical,5.594146107549291,10.31500302878672,6.599841135649545,23.86351745034895,279.3357272030652,15.631083563419386,0
2023-05-27 00:00:00,STATION-04,food_processing,6.886596705650311,1.829339056995524,8.810565321403075,17.552439639465835,179.7016463780977,5.020048365735245,0
2023-05-27 01:00:00,STATION-02,chemical,6.9268183276485376,12.994859027748765,4.937898305466033,22.555021220809394,521.9510596646619,32.75899950785045,1
2023-05-27 02:00:00,STATION-10,textile,7.739305973595861,21.276761021831394,5.745464300720151,26.68456926711549,507.98626226942525,12.314833183727622,0
2023-05-27 03:00:00,STATION-09,textile,7.769448925616221,26.313627062169466,6.891558607266768,27.728157683631995,513.8040064981019,9.826092009043524,0
2023-05-27 04:00:00,STATION-01,textile,8.056079638336627,36.79307384027979,3.4993000049885774,29.530885273131762,532.2308913818564,24.834123576813845,1
2023-05-27 05:00:00,STATION-01,chemical,5.305809767515875,12.168253173092896,7.575743027915032,21.426900168460808,270.280255187064,13.11354543847412,0
2023-05-27 06:00:00,STATION-01,textile,7.209919623936894,18.287055919031467,6.698547678555094,29.53027622206083,553.8460861160313,11.515330266800039,0
2023-05-27 07:00:00,STATION-07,chemical,5.779219452242824,21.04752851794663,6.147422666337364,21.70474393721097,214.00365133818428,15.433652077394472,0
2023-05-27 08:00:00,STATION-02,chemical,6.413760180350144,17.45339825941247,6.738377906125739,21.968248833934496,497.36206704274747,23.553755619248246,1
2023-05-27 09:00:00,STATION-07,textile,7.236872438120774,20.1660454578393,6.291089028586219,29.189921063704162,573.3262414002995,11.260901467712637,0
2023-05-27 10:00:00,STATION-10,chemical,5.069466696291244,6.787420222542968,6.889309025385046,22.27971562829187,300.36670342147596,16.068380574601573,0
2023-05-27 11:00:00,STATION-08,food_processing,6.5154456327894,7.177196644994659,8.381487902469162,17.746757942050785,224.42090017645913,7.20446556248528,0
2023-05-27 12:00:00,STATION-06,food_processing,6.521802049451656,4.212598049578805,7.9141109984850635,17.108265936150467,93.91653035505868,6.2637038652825705,0
2023-05-27 13:00:00,STATION-06,textile,7.4689003826704266,23.627450086419355,6.627852254120453,28.402131173810808,555.8921865078121,7.917486628546709,0
2023-05-27 14:00:00,STATION-09,chemical,5.356620238266718,12.82963169634169,7.184973683098313,22.05682315296328,300.9061117043518,15.054220930536978,0
2023-05-27 15:00:00,STATION-08,chemical,5.31868638923708,8.48338950442945,7.570209522384962,20.440234822293288,341.3185467740259,16.681931316812523,0
2023-05-27 16:00:00,STATION-03,food_processing,6.749487383552369,12.235197005773081,5.215568233448902,18.332914389796517,396.873284577775,7.220440492193307,1
2023-05-27 17:00:00,STATION-08,chemical,5.091109697720781,12.687596068887391,7.354898572048997,22.594364632001003,314.93706176453884,13.048821363581538,0
2023-05-27 18:00:00,STATION-08,chemical,5.259419861828844,6.08052118930421,6.918999028589224,22.715612610260067,248.48045638139922,14.793995935550333,0
2023-05-27 19:00:00,STATION-08,textile,7.385884883949852,17.13105392979305,6.482357765765958,28.433181830785117,469.25893362594695,11.635448824709119,0
2023-05-27 20:00:00,STATION-04,textile,7.7603913078952065,11.121209725214051,6.284565765132858,28.643442455591348,578.2629852671445,10.124476672865942,0
2023-05-27 21:00:00,STATION-03,chemical,6.513102935492938,16.05330834477154,5.514532000563804,20.082463791542352,386.26180522860227,28.48595660277547,1
2023-05-27 22:00:00,STATION-05,food_processing,6.7755441312145805,8.041328683813937,7.913194805304216,18.89369773320841,187.91962622317442,5.121596231891933,0
2023-05-27 23:00:00,STATION-07,textile,7.82922902018386,20.745676407142785,6.278043999053208,27.509117934150705,511.80557690435745,12.032675335758773,0
2023-05-28 00:00:00,STATION-06,chemical,5.606455039065403,8.984336230041562,6.837299153096383,21.20722814406288,231.73702716145283,13.464713551011542,0
2023-05-28 01:00:00,STATION-08,textile,7.759768662018878,18.780214473427513,6.047678642576236,27.77166195956921,501.95146030146464,9.633020495690099,0
2023-05-28 02:00:00,STATION-01,textile,8.279897294293908,42.68928263284744,5.318450147803624,28.741766735233497,730.2583975976705,27.437805551441624,1
2023-05-28 03:00:00,STATION-08,chemical,5.56451784766997,9.52179656250286,7.235639879757118,22.92147117494753,266.35744510878044,14.08819340892813,0
2023-05-28 04:00:00,STATION-06,chemical,5.692811226071211,10.702427826043534,6.73096853099592,23.445601948539355,274.5051796383168,15.122979290271592,0
2023-05-28 05:00:00,STATION-08,textile,6.292926506908182,30.33533107434274,5.138841971535927,28.251109720122745,1066.8878236182595,17.9828752374258,1
2023-05-28 06:00:00,STATION-05,chemical,5.31740472657253,10.304403080384434,7.18581924474346,22.693331299241617,271.2281077800503,16.273701350188073,0
2023-05-28 07:00:00,STATION-10,textile,9.241021765968938,40.86999386516891,5.351979201952695,26.01453453408448,588.2193813959152,27.458341950765785,1
2023-05-28 08:00:00,STATION-03,food_processing,6.981504566787544,7.057284560293986,7.912225158071438,18.0493989815199,240.0163256030844,8.094769551339473,0
2023-05-28 09:00:00,STATION-02,food_processing,5.0601921245616275,8.046306685690578,5.659519098191704,15.921156901383096,166.76761141477755,11.1008992972488,1
2023-05-28 10:00:00,STATION-02,textile,7.545416532063312,20.76364551444208,6.992541696636236,28.491125013228096,527.7098806254897,11.31952235949848,0
2023-05-28 11:00:00,STATION-09,textile,7.479380193851532,22.081933330102434,6.960779273903611,28.732714764427392,475.82174178456654,8.83492063126076,0
2023-05-28 12:00:00,STATION-02,food_processing,6.439054574432646,7.37616344644264,7.713367152796612,16.612879698682004,221.3896831940079,4.63653755443846,0
2023-05-28 13:00:00,STATION-09,textile,7.4421816578925695,17.123268289088976,6.435519916337205,27.79899067487648,472.63140236067954,11.47238886069653,0
2023-05-28 14:00:00,STATION-07,textile,7.477335341843585,19.967677399400408,6.777502872491169,28.035154344478332,508.6377573280834,11.577506947981032,0
2023-05-28 15:00:00,STATION-07,food_processing,6.740085721286498,4.051991474422651,8.249195842371774,17.697615031246965,266.89572027684017,6.117557881664731,0
2023-05-28 16:00:00,STATION-10,chemical,5.401558674337903,12.058137565677265,7.300163829657756,23.531670466388363,292.451842641944,17.006517991516127,0
2023-05-28 17:00:00,STATION-09,chemical,5.501255208299296,10.573054759336266,6.294672449231014,21.27799241995843,301.1322559912773,14.724132830603967,0
2023-05-28 18:00:00,STATION-08,chemical,5.504600355281334,8.267940085238026,6.956663978590681,22.944048534683404,227.47425015149275,18.843627153337476,0
2023-05-28 19:00:00,STATION-02,textile,8.761489955721881,42.79763469863031,4.73335265021724,29.787814129366982,1020.6473480759105,17.998614416165722,1
2023-05-28 20:00:00,STATION-04,textile,8.271755430272124,25.7158264020943,4.530328699669671,27.46318171215743,868.7957972659249,24.090670537911326,1
2023-05-28 21:00:00,STATION-10,food_processing,6.6914306050010035,7.095963315616637,7.788074335131685,17.203685955669236,179.58968299958232,6.3878727111012505,0
2023-05-28 22:00:00,STATION-07,textile,7.729644940521006,20.158278611790266,5.974569948832299,27.967141188996145,449.8535272606741,9.008055538864888,0
2023-05-28 23:00:00,STATION-06,food_processing,6.816620112231097,4.190386128780253,7.8504184409040665,17.014142848868765,238.6371312529372,4.5462737311371075,0
2023-05-29 00:00:00,STATION-04,food_processing,6.630915481485313,6.544313937761164,8.309293806942733,16.755906680267596,197.2319158184894,4.892157748032516,0
2023-05-29 01:00:00,STATION-02,chemical,5.826692138990461,10.188277067332441,7.215003472246972,21.603678880093195,393.68420011884575,10.823687434580215,0
2023-05-29 02:00:00,STATION-10,food_processing,6.528477959777654,4.386422922120728,8.416546878806203,17.579862361570644,210.29847941655507,2.3025854486355937,0
2023-05-29 03:00:00,STATION-02,textile,7.460456260333605,23.463425742977673,6.402884780325374,28.66652624053159,553.8487191212504,10.834860668683778,0
2023-05-29 04:00:00,STATION-10,food_processing,7.006734654557697,1.4449360630265096,7.897094500280658,18.656510516969036,165.1087565111507,6.39531380993468,0
2023-05-29 05:00:00,STATION-06,textile,7.785837256416969,19.27924749805049,5.6561139499805515,28.115875949367894,531.0624405101947,8.056530983994865,0
2023-05-29 06:00:00,STATION-02,food_processing,7.005271931677166,5.76468522702151,7.841694544686777,21.348603365716258,156.52438469822556,5.4970477117300325,0
2023-05-29 07:00:00,STATION-03,textile,7.5393827181013995,25.26203983017846,6.434164120098758,26.035240662022446,461.72273230852375,10.151514352562112,0
2023-05-29 08:00:00,STATION-07,textile,5.875120431911891,37.63436868127127,4.881368948371562,28.074348071881303,745.4931387690027,20.12962324875752,1
2023-05-29 09:00:00,STATION-10,chemical,5.251620593544833,7.180195634237997,6.5874868568254845,22.248866500913056,326.8489059109709,13.741045885385354,0
2023-05-29 10:00:00,STATION-10,chemical,5.728549381652137,12.014459688428898,6.158514873094835,21.66879424366477,281.4692472938004,14.220341768171613,0
2023-05-29 11:00:00,STATION-06,textile,6.866710081746313,32.34717442412904,5.395766124705872,28.299770956592297,713.5172794432498,25.99158881131805,1
2023-05-29 12:00:00,STATION-01,textile,6.5015490128633715,37.125858954608496,3.692110831079535,27.44759978224705,926.2539928063434,29.578906112131698,1
2023-05-29 13:00:00,STATION-04,chemical,5.333560721272028,11.824050318658152,6.320827557675467,22.780484251252762,310.36008491517543,14.378591415635736,0
2023-05-29 14:00:00,STATION-10,chemical,5.5638744064876535,8.133515191816509,6.410946616877236,21.961465900038426,295.4843325351044,15.086729771675659,0
2023-05-29 15:00:00,STATION-01,food_processing,6.7309335408994455,3.68086283168906,7.780208065405428,19.024380730927128,164.38747115510952,4.4508433420545455,0
2023-05-29 16:00:00,STATION-03,chemical,5.334030495896132,11.627003209018161,6.835126790261478,24.26280923496524,248.69953754735698,15.976770520371163,0
2023-05-29 17:00:00,STATION-09,textile,7.553809420903725,19.52820107405048,5.9299129864457685,30.11987978687506,500.92551429466323,8.81915258932392,0
2023-05-29 18:00:00,STATION-07,textile,6.848877993080888,18.495342319121065,6.124665082607768,27.307399915416006,462.0349198317673,10.415321609143364,0
2023-05-29 19:00:00,STATION-10,food_processing,6.986089126484082,4.188103985377026,7.739567012495115,17.59209408767355,156.38542526849469,6.428677500661934,0
2023-05-29 20:00:00,STATION-04,textile,7.882820750411817,18.60954487541624,5.541808394063685,26.247486308627373,490.97840689655766,11.071503621115905,0
2023-05-29 21:00:00,STATION-06,chemical,5.067225903144063,8.76603429267699,6.903862362043083,21.93942679692315,288.18961594626035,14.291630037169421,0
2023-05-29 22:00:00,STATION-10,textile,7.396997162550594,14.81800843602904,6.244444421416485,29.52117737847906,429.9374538016907,8.63326306620261,0
2023-05-29 23:00:00,STATION-05,food_processing,7.145595984859465,3.3044821479009143,5.809808356978909,17.90389416936522,461.98372216028355,11.460839777611104,1
2023-05-30 00:00:00,STATION-06,textile,7.60388287965157,23.0616550072223,6.149617681039643,27.931745691411884,415.85718309602123,9.734862243472255,0
2023-05-30 01:00:00,STATION-10,chemical,4.558090968117892,27.11868249036101,5.432696449072039,20.979861467469288,278.4311415822252,33.26510397492552,1
2023-05-30 02:00:00,STATION-10,chemical,5.360520664862641,11.01378085268504,7.394912274543492,20.893838130387014,229.67843723149397,15.482226989912757,0
2023-05-30 03:00:00,STATION-07,food_processing,6.596010470910932,1.0703701473803022,8.590116071295032,17.620294887585214,108.89698207802051,5.2789811847317925,0
2023-05-30 04:00:00,STATION-05,chemical,5.288953589997833,10.796356943852539,7.083059703084379,22.52430185051186,296.7393973813456,18.142117523030734,0
2023-05-30 05:00:00,STATION-06,chemical,5.3270052096269795,10.347102873251432,7.291370232326981,22.525420611472633,329.98446385319875,14.679672824204573,0
2023-05-30 06:00:00,STATION-01,food_processing,6.6796816179027525,6.777803493141306,7.692011452943014,17.449677044377506,140.41227512330371,3.2127673954881186,0
2023-05-30 07:00:00,STATION-09,chemical,5.498877736654245,10.806587675161282,6.843585671286047,22.00393416822769,295.6799776271578,13.642557121031592,0
2023-05-30 08:00:00,STATION-02,textile,7.385838878911261,24.798310713540516,6.346308774019197,28.505318193933142,501.9940621588334,9.776629111615296,0
2023-05-30 09:00:00,STATION-01,textile,6.465225107101187,34.104369331404726,5.051815026483362,28.215191487903425,926.3585259743414,14.997628351748428,1
2023-05-30 10:00:00,STATION-07,chemical,3.7354337335595265,23.732037907973762,5.017293080064929,20.68705382991546,591.4030993308762,36.1241691646083,1
2023-05-30 11:00:00,STATION-10,food_processing,6.86019669165618,9.446692887973658,8.678623606137814,18.734088949885244,144.14494239440145,5.2353686934040855,0
2023-05-30 12:00:00,STATION-06,textile,7.370153328403643,21.27216882868072,7.835015519237235,28.429202843146236,573.6648447777102,11.32774250216454,0
2023-05-30 13:00:00,STATION-07,food_processing,6.417209933119235,5.3414806019442675,7.403808146854164,17.481211318390617,232.0592865814601,1.7933797900288981,0
2023-05-30 14:00:00,STATION-07,textile,7.434337511931523,25.143821876964875,6.033701046019732,27.72850556643436,446.9408430248161,12.22805943518102,0
2023-05-30 15:00:00,STATION-09,textile,8.926237766983824,48.25035647740452,4.7178546127875185,28.431191705372875,733.2018720596162,25.180323359908652,1
2023-05-30 16:00:00,STATION-03,chemical,5.438660444073468,8.947928357199705,6.875671135022523,22.299019080631766,320.95046556035373,14.678088019186406,0
2023-05-30 17:00:00,STATION-03,textile,8.012508277000949,30.874842918001285,4.813193933638081,28.287941326531477,1072.7792425391253,16.07540495301577,1
2023-05-30 18:00:00,STATION-09,chemical,5.320593188871897,12.866402212617789,6.7003611046120195,19.9314534338243,433.46930358783857,15.405780325797208,0
2023-05-30 19:00:00,STATION-06,textile,7.924278272014002,30.073505689644147,5.577773633603677,26.726643124245836,741.5149007563534,22.604352875272145,1
2023-05-30 20:00:00,STATION-03,textile,6.863479633790094,44.04054485100659,4.524637825041935,30.89050879973298,982.3203750374189,24.02329229640563,1
2023-05-30 21:00:00,STATION-03,textile,7.240389397452367,19.3734514389017,5.712807096187155,28.991328218433463,474.55341804965565,9.89896837144476,0
2023-05-30 22:00:00,STATION-01,chemical,5.782266918741792,11.03801995399422,7.004094038975037,20.516730354308514,245.38390134632144,15.702068078148717,0
2023-05-30 23:00:00,STATION-01,chemical,5.369668959104384,7.303356042265451,7.225714956501827,22.36185471300712,326.3040298997952,15.28312361011418,0
2023-05-31 00:00:00,STATION-08,chemical,5.195666414421931,8.218323248462882,8.398458781089658,22.067308536500985,338.7693976512456,12.208438534414945,0
2023-05-31 01:00:00,STATION-07,food_processing,6.841088676860565,3.0812858940124523,8.235257308365387,18.608416538523695,208.85489062124174,6.343087425101513,0
2023-05-31 02:00:00,STATION-02,chemical,5.536520031925733,9.375304738548124,8.05884621500441,23.242779965036668,328.6803711197077,17.538120977745802,0
2023-05-31 03:00:00,STATION-07,chemical,6.264465665214831,21.391764457902255,3.996911735144989,20.82086981587052,657.6182039437158,33.20819055081211,1
2023-05-31 04:00:00,STATION-10,textile,7.823561028095492,15.97428877080245,7.206586696036022,25.779632654921322,519.378232940987,7.873425034360205,0
2023-05-31 05:00:00,STATION-10,textile,7.690780074652233,15.369395767946521,6.866594936187777,28.340268475392055,521.1171938321643,10.149812975115461,0
2023-05-31 06:00:00,STATION-08,chemical,5.526943165523953,11.094260096270807,5.162419978638539,20.750901136524515,546.5905246051515,29.246700081108596,1
2023-05-31 07:00:00,STATION-07,food_processing,6.607149884721274,1.457366724045447,7.602609893667388,19.349138111996233,209.79586573632247,6.159567218436488,0
2023-05-31 08:00:00,STATION-08,food_processing,7.272269421105461,2.788484111187617,7.717087374986541,17.758408752255953,141.4941935908226,6.538325990466451,0
2023-05-31 09:00:00,STATION-06,textile,7.2875662116263396,14.956589098166901,6.044461423674463,26.998352857007617,495.7455509212193,11.07002958531914,0
2023-05-31 10:00:00,STATION-03,chemical,5.570748079826796,8.012532021886878,7.8303786556832256,20.635380103102076,316.98030341738655,15.83064754189897,0
2023-05-31 11:00:00,STATION-10,textile,7.395335122946596,18.53965633040171,6.81207654976887,29.620780546282838,475.9235856098019,10.268310196483911,0
2023-05-31 12:00:00,STATION-10,chemical,5.3996099489979965,6.226620171628234,6.981426161855873,21.84002235798209,304.4732534615512,16.607721882676962,0
2023-05-31 13:00:00,STATION-04,textile,7.199210401166017,16.265143255974152,6.2456117402332945,28.968298623400027,432.61549270792625,10.851875865332444,0
2023-05-31 14:00:00,STATION-09,food_processing,7.127654359494805,6.319358060437706,7.446248216283495,17.42178872402002,187.00385564214554,5.362049604126701,0
2023-05-31 15:00:00,STATION-07,textile,7.237597484996265,20.325470333284542,6.211418412092757,28.869909168566217,626.6495426630402,9.303787220812879,0
2023-05-31 16:00:00,STATION-10,food_processing,6.679954402498147,9.147050048066493,8.057427726388546,17.956648649278808,139.04933726088225,5.34752557076766,0
2023-05-31 17:00:00,STATION-01,textile,7.471261212383903,12.983188458053503,6.436391699564939,29.208836368367376,479.9447511317168,9.719955572990447,0
2023-05-31 18:00:00,STATION-10,chemical,5.392951516154612,14.243324619067177,6.640048194624781,22.989611430211163,368.46568261354696,17.84335331656497,0
2023-05-31 19:00:00,STATION-06,textile,7.293467978109845,21.1413247972692,6.013337063753364,27.44096444447811,520.5246463761563,6.766967981457363,0
2023-05-31 20:00:00,STATION-10,chemical,5.387701752460262,8.314140158867218,6.6316936655479335,21.220268408944712,299.2922180822596,13.050274620797659,0
2023-05-31 21:00:00,STATION-02,textile,7.720161038121989,24.507318049871998,6.620541150493037,26.92882491226112,503.45520194269307,9.760647049312658,0
2023-05-31 22:00:00,STATION-09,chemical,5.506713350232336,14.813987192675379,6.636573565909932,22.61483939207092,330.67317891689606,16.287698563684476,0
2023-05-31 23:00:00,STATION-08,textile,7.4133601640611,18.248353489102968,6.198141469490467,28.458111908258843,457.99377670237715,9.380550406877092,0
2023-06-01 00:00:00,STATION-02,food_processing,6.887128738769209,5.507367733661864,7.363255438128711,22.242181646022097,153.4449146816869,5.0854311342403165,0
2023-06-01 01:00:00,STATION-10,food_processing,6.711522144143581,1.0808871687505865,7.8560374159692605,23.779543079767965,122.0369554999863,5.5632867031040725,0
2023-06-01 02:00:00,STATION-04,chemical,5.256415710680743,14.49588308422032,6.178338571577068,25.861200366444294,189.54144087993237,14.277793001812219,0
2023-06-01 03:00:00,STATION-02,textile,7.662961515779533,19.177975947218147,6.598655426927629,31.885743457437368,530.8864755384196,9.368384861759402,0
2023-06-01 04:00:00,STATION-09,food_processing,6.007976242265034,3.219957884045874,7.046927271088107,21.9007414115439,235.41307956322882,23.447386705205165,1
2023-06-01 05:00:00,STATION-05,food_processing,6.512009116465606,0.0,7.362770179206493,22.40985898106572,149.40998257546497,3.204253924772833,0
2023-06-01 06:00:00,STATION-01,food_processing,6.796783224320887,4.361213134055837,7.3163875755104275,21.7363488923515,162.4365120358177,4.052068027210413,0
2023-06-01 07:00:00,STATION-09,textile,7.803815427590058,32.15644576995925,4.088683663993948,32.743180492287344,758.0502684291251,20.079311503608565,1
2023-06-01 08:00:00,STATION-08,chemical,5.055303329848805,7.36229372086021,5.538762407096424,27.252723043942574,384.87806235402445,15.6480878279618,0
2023-06-01 09:00:00,STATION-09,textile,7.146866745354398,30.322204229687323,5.04726742848564,32.09482247908988,711.5674584533266,16.41305926809087,1
2023-06-01 10:00:00,STATION-10,textile,6.49498265260999,21.65798564555934,5.91511612315126,33.629157018634736,832.8295382222566,30.675148200934377,1
2023-06-01 11:00:00,STATION-06,food_processing,6.573500162709696,10.532449915768275,7.48061605808186,22.68970515743552,152.52924634457125,3.0796067134303287,0
2023-06-01 12:00:00,STATION-06,textile,7.1992411656301725,16.40067586404837,6.646442059361261,33.18997020227306,417.4050818136002,8.839392156282932,0
2023-06-01 13:00:00,STATION-05,textile,7.321997533600424,22.93334113117733,5.889001080265122,30.952410728517695,479.47065455840186,9.310718528630243,0
2023-06-01 14:00:00,STATION-01,chemical,5.981981572538177,11.241135347709346,6.913227891677823,26.557096877119584,269.014299787793,14.113494865107047,0
2023-06-01 15:00:00,STATION-10,food_processing,6.854804161589338,4.5791510289235635,6.922218221765308,22.499154548237644,243.1847398603431,5.151386286583081,0
2023-06-01 16:00:00,STATION-05,food_processing,7.840589950532022,13.756652444650324,6.750799498682081,21.41136264745866,260.2890667685538,6.74909632691488,1
2023-06-01 17:00:00,STATION-10,food_processing,6.850662691455619,0.022952819271973013,6.856684726873956,22.81388397345531,224.98873843512175,3.8978366159731075,0
2023-06-01 18:00:00,STATION-01,textile,7.46873300099788,19.04041559954709,6.3945685067255145,33.047560698397604,501.7806459525994,9.769327483402986,0
2023-06-01 19:00:00,STATION-08,food_processing,6.544491167237941,2.957099448991452,7.188314423615155,23.051343824235197,175.6523768540484,5.713916895880837,0
2023-06-01 20:00:00,STATION-03,food_processing,7.033526047062936,6.495155005138246,7.97476201366049,22.64898384543813,208.34485994858227,3.5402183996416516,0
2023-06-01 21:00:00,STATION-01,food_processing,6.626412833340973,7.820723341602074,7.104632676121284,22.357859761521837,174.24022456148077,6.225823177113762,0
2023-06-01 22:00:00,STATION-05,food_processing,6.984699760982974,12.511238448811564,7.622849815647839,23.104664406306465,212.65167729252764,7.365106078399893,0
2023-06-01 23:00:00,STATION-10,food_processing,6.710709505020043,0.19089868153315592,7.715016286414642,23.024880944473693,172.48444629914596,2.171988999275937,0
2023-06-02 00:00:00,STATION-05,chemical,5.278003680577593,8.754281627964087,6.55347401210881,28.557385362131892,344.9266633306427,15.385903439262707,0
2023-06-02 01:00:00,STATION-02,textile,7.616031125483343,23.40358889374902,5.469855753118387,33.707842263771454,494.6982954075008,8.090883337385844,0
2023-06-02 02:00:00,STATION-09,chemical,3.774605244626323,26.150427383647806,5.158948269971766,27.350123292622737,513.6472684536391,38.137918857849854,1
2023-06-02 03:00:00,STATION-05,chemical,5.527553102879568,6.245774421209288,6.192488845626731,27.07278991692233,308.50270807899074,16.243592431520064,0
2023-06-02 04:00:00,STATION-03,textile,7.802684686079587,39.096094733696155,4.895013588617315,31.34537331480739,718.8636389265299,16.56018097379421,1
2023-06-02 05:00:00,STATION-05,food_processing,6.983641650320872,9.530518464961434,7.513378529819428,23.922117759481054,119.42161503512104,5.7790449092689204,0
2023-06-02 06:00:00,STATION-05,textile,7.283272983793418,16.580487114794522,6.1719801308174835,32.89416515305776,517.6910549564074,9.079948658270315,0
2023-06-02 07:00:00,STATION-02,chemical,4.371772334661206,15.292769568243294,4.389331845450528,26.345917856757712,641.4708191913079,26.97620278966279,1
2023-06-02 08:00:00,STATION-03,food_processing,6.630400381723383,0.18304147513043212,7.900663003538782,22.800531216926345,254.02397207601825,4.548622795305913,0
2023-06-02 09:00:00,STATION-03,food_processing,6.925224499600135,5.259568701980913,7.042736693525564,24.130534695160332,184.50278805137833,5.398378761719163,0
2023-06-02 10:00:00,STATION-08,food_processing,5.305107239279033,6.26029244114505,5.746436820322821,22.536990413718243,239.46366114465997,7.959433814921914,1
2023-06-02 11:00:00,STATION-03,textile,7.717723692132445,18.465506095680045,5.646701578109176,33.011853067660184,462.3066800910796,10.715738079216948,0
2023-06-02 12:00:00,STATION-04,textile,7.5399501880577695,16.45718424681894,5.97791155906494,33.06806229650933,475.0918965216066,6.833305561137925,0
2023-06-02 13:00:00,STATION-03,textile,7.620090449404073,16.68431425029393,5.950193836027686,33.11987887101522,467.6298395841657,7.1962575377907605,0
2023-06-02 14:00:00,STATION-01,food_processing,6.651013392569704,6.631953594034314,7.53253953404899,23.109027421343363,186.03638896580907,5.2884051838899895,0
2023-06-02 15:00:00,STATION-02,textile,7.678466181780721,16.999822821065397,5.936865905047336,32.413965047289885,499.1340484611707,8.703470390544219,0
2023-06-02 16:00:00,STATION-10,chemical,5.5572981507605785,5.6814776862016725,6.702788271001234,28.843573834488655,253.67106287622175,13.645675678327423,0
2023-06-02 17:00:00,STATION-08,chemical,5.611994394274498,13.364708307720395,5.302325652780002,27.427942804238395,239.83649830090852,15.37303075280822,0
2023-06-02 18:00:00,STATION-07,textile,7.252943594764376,20.502565361050927,6.242706209376322,34.500579911837995,507.36911885890436,7.2720532509366755,0
2023-06-02 19:00:00,STATION-08,chemical,5.424997972183175,8.355279395460409,5.540630786553157,25.148144951392695,329.2368266662393,14.661148453516256,0
2023-06-02 20:00:00,STATION-03,food_processing,6.762805678373941,3.538423200679201,7.746582942803386,22.20535543930552,175.86594759785663,4.254632687740987,0
2023-06-02 21:00:00,STATION-10,chemical,5.465638781355699,14.649855873486306,6.170930031745631,28.053929020022764,306.3299393296105,19.26315665416919,0
2023-06-02 22:00:00,STATION-06,food_processing,7.134738952513172,4.636164402906203,7.667441192516503,23.027257632826938,180.26560144496895,9.171956705552386,0
2023-06-02 23:00:00,STATION-05,chemical,6.031102609743872,6.489538183238393,6.34236939803876,26.017025662002453,259.5197497151813,14.52439216984837,0
2023-06-03 00:00:00,STATION-01,chemical,5.528328007612181,14.448501977528684,6.840303043809812,25.34760586236607,371.06372394991706,15.995953409029664,0
2023-06-03 01:00:00,STATION-08,chemical,5.05415460110778,11.16025384722878,6.738616271300549,27.394190256244144,221.29614142838383,14.829018061721147,0
2023-06-03 02:00:00,STATION-08,textile,6.282153742320693,36.68121786919836,4.0450894579113195,32.74923949914252,962.9949975398479,22.61387534575766,1
2023-06-03 03:00:00,STATION-08,textile,7.6546048496525785,16.964785647944566,5.9346985177472185,32.04899932541263,593.3869723182266,11.042505990199643,0
2023-06-03 04:00:00,STATION-09,food_processing,6.867096777256995,0.0,7.914312517156654,23.401865987117972,150.58081409342097,4.936575568147284,0
2023-06-03 05:00:00,STATION-07,chemical,5.512893846319385,7.0374075566694945,7.2790531136343395,27.231758105202818,281.22928286077473,15.558811548956056,0
2023-06-03 06:00:00,STATION-07,food_processing,6.849468439101345,6.2414602806599095,7.812992039313308,24.29229631725194,144.08301866281388,4.645324952305941,0
2023-06-03 07:00:00,STATION-05,textile,7.552361957810984,21.86538531485245,4.879475271162907,31.72944563033922,493.67037222314104,11.20040452623454,0
2023-06-03 08:00:00,STATION-09,chemical,5.421865219600676,6.3488684747421695,6.695321392032604,28.285771704336987,300.39703010273485,16.7620557788097,0
2023-06-03 09:00:00,STATION-01,textile,7.7227768539941595,20.851302773797443,5.95024686947581,34.177927687628156,489.32380601321194,13.041711612958714,0
2023-06-03 10:00:00,STATION-08,textile,7.500465241541677,19.53244856783642,5.23454623769029,30.229877381809224,492.50817070266095,10.340187305702413,0
2023-06-03 11:00:00,STATION-06,textile,7.4485299601063835,19.380467145289995,6.447699193243633,34.77375773949672,508.8039037007397,6.905943920220633,0
2023-06-03 12:00:00,STATION-01,food_processing,6.742630551051927,1.221301575641431,7.466201126174849,22.321751815158073,83.31328827336844,4.340504857996258,0
2023-06-03 13:00:00,STATION-09,chemical,5.299362512653328,8.730999594598748,6.4842411028429705,28.07110584889961,312.84238717160554,13.925034130367345,0
2023-06-03 14:00:00,STATION-06,food_processing,7.110773110567467,1.0925554567879132,6.695409282580134,23.439721861467547,231.78934374910315,5.090546098477284,0
2023-06-03 15:00:00,STATION-10,textile,7.589802289235242,21.29956670935284,5.813705790721439,33.2064523314643,552.7598294818727,10.240403387323076,0
2023-06-03 16:00:00,STATION-05,food_processing,6.461831072025321,8.802507684207992,7.271324928755776,22.096712881675582,81.0726062508109,4.643412936520868,0
2023-06-03 17:00:00,STATION-05,textile,7.809653419245427,16.187315615376402,5.913052632390554,32.348932203726044,462.23643282165693,11.611896648119878,0
2023-06-03 18:00:00,STATION-02,textile,7.663646552762469,18.451546245058708,4.896881741904455,32.94406550819019,466.7092340137077,9.877439068246064,0
2023-06-03 19:00:00,STATION-10,textile,7.7565124235845015,20.58115945993879,5.8004304222609635,31.658059068361432,441.1841629789156,9.124547707229887,0
2023-06-03 20:00:00,STATION-08,textile,7.333393767192358,23.908060319909577,6.003074374154489,32.40198729674819,555.3284693777538,6.435776090973847,0
2023-06-03 21:00:00,STATION-04,food_processing,6.687171036939438,7.28807862624161,7.565099371832859,24.10643241817526,126.68168085397849,2.9413165821484215,0
2023-06-03 22:00:00,STATION-10,food_processing,6.92778769482693,7.9328493859886615,7.497684662000901,23.30813059505779,204.2435085760432,3.466408353793578,0
2023-06-03 23:00:00,STATION-09,chemical,5.477774757771561,13.332356660886536,6.803366432691735,27.68629799255489,310.12986728785324,16.064353834682084,0
2023-06-04 00:00:00,STATION-03,textile,7.802797909967211,20.103208162434342,5.797021040704343,32.47429550457953,467.9554153336407,7.477258923396736,0
2023-06-04 01:00:00,STATION-09,textile,7.930386439703462,17.146195930243714,5.477158181185066,31.874524394215516,509.92490582131677,7.971841842518357,0
2023-06-04 02:00:00,STATION-01,chemical,5.794468858434797,11.97616438758086,6.348231682095591,27.52600690544118,311.4037060503286,13.759097931862142,0
2023-06-04 03:00:00,STATION-01,chemical,5.898201712700466,5.1801174783922646,6.153576242542782,25.307729681734642,305.1152616033029,14.7821340028226,0
2023-06-04 04:00:00,STATION-02,textile,7.519359812360544,21.953419856555556,5.465806319733324,30.95210704949248,613.076477576077,8.917375654702775,0
2023-06-04 05:00:00,STATION-02,food_processing,6.924624683305954,3.509125680533895,8.391510385357792,23.196794443427734,133.99336546773512,2.2677314962792163,0
2023-06-04 06:00:00,STATION-08,food_processing,7.0929016125258695,1.2444940962873225,8.789407561275743,22.533500517821146,81.24882800001191,4.633048550151195,0
2023-06-04 07:00:00,STATION-04,textile,7.359679783879984,18.38002351724278,6.492016626067085,32.15820569673508,404.9006888883073,8.410251330075031,0
2023-06-04 08:00:00,STATION-05,food_processing,6.901811848601631,5.829917575470607,8.211706215138403,24.088398066702975,62.710763276032694,5.189255716355422,0
2023-06-04 09:00:00,STATION-04,textile,7.665149504431208,22.120609884935785,5.225757332469501,32.25382804672385,415.3713289270373,9.079599482440305,0
2023-06-04 10:00:00,STATION-01,chemical,5.607256884234051,12.580581440527068,6.301511792196271,28.435530026257876,330.53744303179724,15.793671694082377,0
2023-06-04 11:00:00,STATION-02,food_processing,6.76203009870124,4.80184836480605,7.372720950384471,22.685985079046084,114.61675092456358,4.18170843564894,0
2023-06-04 12:00:00,STATION-10,chemical,5.280027142091333,8.51895964301897,6.599101887262075,27.155266087895324,266.73513799991684,15.62618461561972,0
2023-06-04 13:00:00,STATION-04,food_processing,7.010099080667069,1.851833683148735,7.762499584950728,24.625834921421262,222.31357787729087,6.434173565778582,0
2023-06-04 14:00:00,STATION-02,food_processing,6.947011890358861,2.667461172523653,6.9926673826727335,22.131045640641908,187.37421473954052,3.039232286961604,0
2023-06-04 15:00:00,STATION-02,food_processing,6.650335152256015,2.4218391243978115,6.796199972175346,22.715396595173257,77.66038196587462,6.7227702510633,0
2023-06-04 16:00:00,STATION-10,chemical,5.749710911490321,9.306363567726402,7.713649703819743,27.765865126497182,284.88416925055066,13.108540025081615,0
2023-06-04 17:00:00,STATION-07,chemical,5.605990154709784,8.156706332884367,6.207482355324572,26.978990279522932,285.17699709159757,15.769849831504066,0
2023-06-04 18:00:00,STATION-10,food_processing,7.161590303726695,3.949270481370032,7.340456698108689,21.76523692367496,145.97449998286874,4.389613078661458,0
2023-06-04 19:00:00,STATION-02,chemical,5.727870705876301,9.427304168127346,6.166882688251785,26.5348081963416,354.24632679969415,15.89672381885973,0
2023-06-04 20:00:00,STATION-03,food_processing,7.462280806595473,14.934886697546037,5.105662336326473,21.75724874964599,200.68069824967645,8.185769476389272,1
2023-06-04 21:00:00,STATION-05,textile,7.907855980831338,22.375980035390825,6.4023095704525,33.24333406506868,454.54220690149384,11.956884455133965,0
2023-06-04 22:00:00,STATION-02,textile,7.246082927523773,19.912626252200425,5.387495651343602,31.467418261691336,498.04149067064907,8.670199263013247,0
2023-06-04 23:00:00,STATION-08,food_processing,7.105117372906088,8.351974441296655,6.37286188906055,21.865771212868903,142.88833932132968,3.01321144753678,0
2023-06-05 00:00:00,STATION-07,textile,7.862030891107315,16.686353608794228,6.243817933681628,32.345545282405006,482.2126541983085,9.47954858190497,0
2023-06-05 01:00:00,STATION-06,food_processing,6.626956713587456,7.395299427385229,7.386585123817149,22.085545443661594,97.58698782212414,3.818478797280475,0
2023-06-05 02:00:00,STATION-03,textile,7.614720559608266,19.767285467479727,6.210839317061681,33.07947952066869,449.5323487587192,9.277298150310063,0
2023-06-05 03:00:00,STATION-05,chemical,5.2797974373808305,9.70180430218664,6.224887094797971,27.016443628205234,337.73033109795404,13.3373665412423,0
2023-06-05 04:00:00,STATION-07,chemical,5.330275776717099,13.946607836780753,6.425935853958955,27.30304656388211,272.3517918035916,14.965506035842413,0
2023-06-05 05:00:00,STATION-06,textile,7.327239009996283,24.227944304423602,5.318202785205491,32.647305337657784,497.5041156847976,9.971844205176719,0
2023-06-05 06:00:00,STATION-05,chemical,5.5525538727925445,8.665571359601694,6.645259729966721,26.589577789658577,306.5569045670717,12.629437379860576,0
2023-06-05 07:00:00,STATION-03,textile,7.372302453006834,42.400047327221344,4.341951710460318,32.02540336333359,771.2005338530878,16.82100261869475,1
2023-06-05 08:00:00,STATION-02,textile,7.219379801124466,21.992585780630307,6.111603497122815,32.61810558782387,487.18287654465195,7.6081790858132905,0
2023-06-05 09:00:00,STATION-04,textile,8.725881123126092,31.485117946180317,3.2871916905054706,33.180832705037616,609.5987191952228,22.53530385079,1
2023-06-05 10:00:00,STATION-07,food_processing,6.855446403461736,10.350199192763547,7.3488844754537075,23.987464634089754,172.37358501406717,6.979864543630585,0
2023-06-05 11:00:00,STATION-08,chemical,6.01041665551104,24.02083153585837,3.4931097847743473,26.13804071307153,529.515193229209,39.32633939491087,1
2023-06-05 12:00:00,STATION-03,chemical,5.544324431575537,11.594477140317371,6.424797392696927,25.27593608723216,356.77817967816907,16.01873715583034,0
2023-06-05 13:00:00,STATION-07,food_processing,6.827003528693208,3.8630097654752706,7.328203803312501,23.54008903232883,151.6126708116716,4.800370481825487,0
2023-06-05 14:00:00,STATION-10,chemical,4.072907814866278,16.056910468985564,6.073985595133603,27.733069911877315,729.2227096235747,47.35605956375021,1
2023-06-05 15:00:00,STATION-02,food_processing,6.7090820412502685,0.005808178508332595,7.82176393185783,24.18308417599072,177.6609410971967,4.408903308574796,0
2023-06-05 16:00:00,STATION-05,textile,7.65778930789035,21.830206288581298,6.382046658009071,34.0334362696027,407.9019143928072,11.246673924952153,0
2023-06-05 17:00:00,STATION-01,chemical,5.75403460219056,8.131413455973092,6.503328633294931,25.736805975370782,237.81602764395691,13.825560663911675,0
2023-06-05 18:00:00,STATION-02,chemical,5.264502064615199,6.275091301698644,7.149556551818516,24.86960979729069,302.31397193168215,15.29822428203058,0
2023-06-05 19:00:00,STATION-05,food_processing,6.797614046011531,7.787438744897575,7.720627329502646,23.357916650853095,254.23239512777886,3.5051567675685145,0
2023-06-05 20:00:00,STATION-01,textile,9.206791853183702,57.75934641668169,5.981098688572344,32.60259702371448,902.7193669723911,23.688429692725702,1
2023-06-05 21:00:00,STATION-03,textile,7.7460797747623955,15.454052683845234,5.496735726819293,33.960160054154926,398.25907162031,8.938910896550732,0
2023-06-05 22:00:00,STATION-01,food_processing,6.833340736548459,2.9310901174739032,7.784473969208712,22.494053023624584,116.4780157797741,5.203185876477623,0
2023-06-05 23:00:00,STATION-07,chemical,5.7177334624088765,12.03647504790218,5.891903306440119,25.89001775788688,308.7212085607542,15.031251938153787,0
2023-06-06 00:00:00,STATION-03,textile,7.73361940032067,20.63270064637049,6.893851459039973,30.956132687831307,547.745150616784,8.125863123833144,0
2023-06-06 01:00:00,STATION-06,food_processing,7.046685951346543,3.9203607736646506,7.306058806812767,22.821964897419395,178.5019462861227,3.774837476259984,0
2023-06-06 02:00:00,STATION-10,textile,7.3754401642187615,19.325386138727392,6.299883420403494,33.62611021755754,498.94799229206507,9.982994492927654,0
2023-06-06 03:00:00,STATION-09,chemical,5.34093546051108,10.958218765387329,6.584941673164198,27.989429062214416,342.4104526038623,17.047946649243165,0
2023-06-06 04:00:00,STATION-08,food_processing,6.804988293369304,11.221155714719961,7.117838592892593,21.62056172799482,152.01236739482167,4.090547244430694,0
2023-06-06 05:00:00,STATION-07,textile,7.3010877955910924,24.183304421509046,6.04025944207067,34.23127415961321,540.4871261316773,7.581901901547203,0
2023-06-06 06:00:00,STATION-02,textile,7.424427306330994,14.011228892157884,5.502549282096467,34.03000857576568,503.10755458841834,9.026597265445599,0
2023-06-06 07:00:00,STATION-04,food_processing,6.810084311910764,4.831952482502959,6.933590204570958,21.859099137818937,213.62123569568826,7.014413065042584,0
2023-06-06 08:00:00,STATION-07,chemical,5.447373280559315,14.68267922679643,5.8242512925212395,28.479371722898144,247.49473641143894,15.15469516137085,0
2023-06-06 09:00:00,STATION-08,food_processing,7.328413956090181,1.0872575160328966,7.032082550432518,22.860032096654777,161.6066523007006,3.6679080170069107,0
2023-06-06 10:00:00,STATION-10,chemical,5.504207228696026,10.105505445582388,6.6604950116263355,26.2929129086219,394.44941068118084,17.917803508573865,0
2023-06-06 11:00:00,STATION-06,food_processing,6.7060635799305,0.0,7.568997071498021,22.236591281422744,160.84706511256294,4.208134223587897,0
2023-06-06 12:00:00,STATION-05,textile,7.55162176800999,20.86591984135019,6.279256039365868,33.247470842834005,420.144926764971,8.02577204585756,0
2023-06-06 13:00:00,STATION-01,textile,7.272352376382218,21.604096372349904,6.388835652297866,31.764203697095144,528.0496167604241,10.30293296779074,0
2023-06-06 14:00:00,STATION-02,food_processing,7.810812286301425,8.299565124175416,6.508725697595226,23.108561293486016,233.2689303794992,11.422705607710133,1
2023-06-06 15:00:00,STATION-09,textile,7.294914964126939,17.20542399806539,5.601405999781365,32.063177883638616,585.0317108178227,8.967666746878525,0
2023-06-06 16:00:00,STATION-02,textile,7.54514772312404,17.35788442079685,5.9159858087771475,35.03601031787347,495.9159914430867,10.868898580125746,0
2023-06-06 17:00:00,STATION-05,textile,7.4535119379770665,36.90231672900375,3.5482369351055842,32.95051641924781,812.8631451043298,21.1375215811757,1
2023-06-06 18:00:00,STATION-04,food_processing,5.731182262154196,6.733150335957898,5.0953758553117625,23.302969845596756,285.1489356524352,15.174194225936919,1
2023-06-06 19:00:00,STATION-09,chemical,5.702606391279306,13.887203873554187,6.382429165769768,26.685673131467265,266.6837891762359,14.943824594122225,0
2023-06-06 20:00:00,STATION-07,chemical,5.341365385207432,7.386362374720064,6.154988315265904,26.966184512450916,329.0541554511858,17.106732511579445,0
2023-06-06 21:00:00,STATION-04,food_processing,5.648492150478585,6.7394331622430235,7.331326193089191,23.731045373159102,456.72363273241854,11.053387937357533,1
2023-06-06 22:00:00,STATION-07,textile,7.487282067886474,21.107905723786168,6.377789819145322,33.72033917832861,518.726572288601,12.263136700346225,0
2023-06-06 23:00:00,STATION-06,chemical,6.510064933202825,20.164722707064183,4.363734799827649,27.612669166901462,728.5577534760074,33.63110923893694,1
2023-06-07 00:00:00,STATION-02,textile,7.444635183271924,16.60911995428109,5.823338611205773,34.02910608322203,505.213867693577,11.891652568977147,0
2023-06-07 01:00:00,STATION-08,food_processing,6.69233654161774,0.0,7.935665592005475,24.143626765206115,82.94674837645847,6.4901277626129135,0
2023-06-07 02:00:00,STATION-04,food_processing,6.977446067881747,3.6583027639516077,7.858466560618038,24.129186528245622,184.41474570661825,2.541233134176281,0
2023-06-07 03:00:00,STATION-01,chemical,5.7396097722107875,10.491219552383003,6.614288968375662,24.798392747764108,325.15301901596456,17.06439058474213,0
2023-06-07 04:00:00,STATION-01,chemical,5.461765070937531,9.966670366069264,6.500124737847994,27.25055418363659,211.70703144583968,15.57228017022432,0
2023-06-07 05:00:00,STATION-10,food_processing,7.004074552753873,4.840993066305426,7.5728380965880016,24.171455048772604,209.57013485907862,6.4264872039482155,0
2023-06-07 06:00:00,STATION-08,chemical,5.365456710883779,9.002295025386447,6.028483672430132,28.48635625327223,233.927244597436,13.981566058873282,0
2023-06-07 07:00:00,STATION-02,textile,7.549245178446957,15.608864913662481,5.759973757414231,33.40055039446058,485.32657780567325,10.53061786447575,0
2023-06-07 08:00:00,STATION-05,food_processing,5.714839691368456,13.262356503804925,5.737262111061033,21.540236982063,416.83906095630385,7.479203982733595,1
2023-06-07 09:00:00,STATION-09,textile,8.421982933635405,32.77327201363411,4.520380318986616,32.40208282536292,1067.8205604557495,27.210636803818172,1
2023-06-07 10:00:00,STATION-01,textile,7.337486434840949,27.120467866258934,6.058730649726184,33.69190636642511,494.22408097295073,10.018602917228268,0
2023-06-07 11:00:00,STATION-06,chemical,6.186605126882927,13.714508139495655,3.9938919886693576,27.669014472837983,459.13520989817494,20.33352259965242,1
2023-06-07 12:00:00,STATION-06,chemical,5.172389927194882,9.530803181200145,5.37198662802467,27.465498983892672,220.01868938312253,17.495947047166457,0
2023-06-07 13:00:00,STATION-01,food_processing,7.069844909457073,7.141682464994415,7.371596792196207,21.416600442075907,176.1682427961148,5.1215713832910525,0
2023-06-07 14:00:00,STATION-02,textile,7.286912253553671,14.548927707353918,6.465750660847841,32.9614698561993,509.8497519023289,10.537792563564366,0
2023-06-07 15:00:00,STATION-09,chemical,6.120839161314371,23.913755172048226,3.982455913620674,24.383093426604837,768.1121194699268,28.55226521860385,1
2023-06-07 16:00:00,STATION-09,textile,7.603228885640904,21.46001596696306,5.466296464951764,33.51324061135071,535.4321791980012,11.915129634375608,0
2023-06-07 17:00:00,STATION-10,chemical,5.4908563770642775,4.6264505478480125,6.016197726831802,26.521961317695766,298.8745673593471,14.779229689741344,0
2023-06-07 18:00:00,STATION-02,chemical,5.759497153289233,10.179264241240032,7.291358742250776,28.126257848376014,293.28910473918313,13.31942102579396,0
2023-06-07 19:00:00,STATION-03,chemical,5.672044192056044,13.812610549478624,6.202626735798728,26.854605789696947,276.2706032929005,14.58869730267153,0
2023-06-07 20:00:00,STATION-01,textile,7.521681211423913,18.939760017330567,6.432018728078359,33.10054372348198,460.81450089329894,7.136002783618761,0
2023-06-07 21:00:00,STATION-10,textile,7.460056978497088,18.980467922760273,5.864926482728389,33.26798982198243,489.4431807825289,12.036631994403507,0
2023-06-07 22:00:00,STATION-04,chemical,5.2054889611387924,10.204294203111488,6.777017289900668,27.766957568714776,419.5925208296429,16.30206790240694,0
2023-06-07 23:00:00,STATION-03,food_processing,5.3925939086835974,15.877896813567432,4.892694669922037,21.77532942874449,141.797420786016,10.086905899691176,1
2023-06-08 00:00:00,STATION-03,chemical,5.161483336856365,7.82219244009125,6.611433361814431,29.06513416639684,272.33820634117126,15.503101990774553,0
2023-06-08 01:00:00,STATION-01,food_processing,6.777379792762048,7.280326011155782,8.196279481769324,24.029190394305584,147.84313935060166,7.158667920780445,0
2023-06-08 02:00:00,STATION-02,textile,7.326068193111623,16.742384334849298,5.781947183654803,32.23173691301402,405.09965855422627,13.269738460246863,0
2023-06-08 03:00:00,STATION-10,textile,7.365941858794266,21.623106146803796,5.4965952373670985,32.00576443586093,460.5166726352127,10.449825669090417,0
2023-06-08 04:00:00,STATION-10,chemical,5.751183371716076,13.568221427170048,7.426844428257168,28.70529306877649,215.20253562956742,12.530503320878758,0
2023-06-08 05:00:00,STATION-02,chemical,5.434572458080434,11.329781708811757,7.078792526166922,27.225216615069545,355.3007264727293,15.159274271623794,0
2023-06-08 06:00:00,STATION-08,chemical,5.518713104181643,1.8175254342157867,6.194582296888102,26.35132774782532,223.60546632064472,17.358328105386704,0
2023-06-08 07:00:00,STATION-10,food_processing,6.693622881411409,4.524682849301675,8.517929744230347,23.985735095442752,59.66544015880987,1.4994530379673012,0
2023-06-08 08:00:00,STATION-02,chemical,7.1720092716072505,18.72542986136603,5.929693386173266,28.56770381181375,738.4969596829131,29.459640835827816,1
2023-06-08 09:00:00,STATION-07,chemical,4.777208539722193,25.68871665841895,5.395858973389412,27.07921745195372,483.123948721485,37.36022408393132,1
2023-06-08 10:00:00,STATION-07,textile,5.781013420248659,31.819578351985367,4.323667191106734,32.490455465210964,1146.6829993076026,20.74874085362297,1
2023-06-08 11:00:00,STATION-02,textile,7.172147482045125,22.773927586083783,6.178912843411846,32.147138732163015,538.5880601409957,8.766986016748808,0
2023-06-08 12:00:00,STATION-10,food_processing,6.955308968388225,4.647550058198961,7.529420094289313,22.081168014601523,189.62329283422613,5.87860949798257,0
2023-06-08 13:00:00,STATION-03,food_processing,6.913018792929675,9.593709213683391,6.852834215841494,24.087882964982075,126.99076138158014,5.003386845058398,0
2023-06-08 14:00:00,STATION-04,textile,7.7364826130201685,29.91649420171298,5.668621851655772,33.358091046407665,518.0341736370808,8.525467091459603,0
2023-06-08 15:00:00,STATION-10,chemical,5.3415177031159935,7.438236236060584,5.615535457967333,27.04615651354968,243.90012838862754,16.60131971178845,0
2023-06-08 16:00:00,STATION-06,chemical,3.5174663018710133,9.967012990466094,5.859061067134046,28.250470187809942,524.7494752555173,44.32429565450851,1
2023-06-08 17:00:00,STATION-02,chemical,5.689706686969998,10.313004985681696,7.1310568800825695,25.96951540110347,234.99289072518354,15.55089744570637,0
2023-06-08 18:00:00,STATION-03,textile,7.795574774115871,22.893504082095504,5.6491766181119845,31.82084338097204,609.1049112635609,10.816711259160353,0
2023-06-08 19:00:00,STATION-03,textile,7.73505234261887,16.19455630322167,6.397895258782223,33.43037902050701,454.03449560000183,9.547169811913205,0
2023-06-08 20:00:00,STATION-06,food_processing,6.8470445301075635,7.967865450648865,7.637282011548166,24.04785813838687,129.776913635039,5.268943824055045,0
2023-06-08 21:00:00,STATION-03,food_processing,6.8732878000749045,4.71226653050394,7.65101802654202,23.95889972941726,166.27517785895319,9.133490115408275,0
2023-06-08 22:00:00,STATION-04,textile,5.633875168648258,46.887084131119934,3.7711227335437405,34.49390144991904,1138.922808232993,23.985515438789683,1
2023-06-08 23:00:00,STATION-01,food_processing,6.374852789695759,5.597091977148429,8.010380671404324,22.17444481891239,93.03447718720057,4.839977559241143,0
2023-06-09 00:00:00,STATION-02,chemical,5.385070559324039,14.793154025058856,5.56879286170859,28.128091332050424,313.6327160515708,15.804332638920487,0
2023-06-09 01:00:00,STATION-10,food_processing,7.077351994244257,10.30807149533857,7.79123241244261,22.64928715948275,242.6269351153308,5.95133267719338,0
2023-06-09 02:00:00,STATION-03,textile,7.373799923955945,22.99606891191399,5.844699275144112,31.632204365961833,590.2150407529707,11.527545197736268,0
2023-06-09 03:00:00,STATION-08,chemical,5.5868566500277375,9.668524231403111,7.690164788033372,27.461976991863622,253.88665552906846,13.004294710206725,0
2023-06-09 04:00:00,STATION-01,chemical,5.313462164972256,12.823212921489866,6.064306195685452,25.84561743737219,363.37470728325496,12.878568394341254,0
2023-06-09 05:00:00,STATION-03,chemical,5.582276165393778,10.610947750780221,6.674948892093443,27.127999260952574,357.0008493652634,12.574685515597853,0
2023-06-09 06:00:00,STATION-10,chemical,5.631909592489992,8.2224924820176,5.882398172073541,26.182978152533522,284.1635933757568,17.11858796282463,0
2023-06-09 07:00:00,STATION-07,textile,7.284033044677925,20.63785007994426,6.502049970804693,33.39778109935311,378.8345690751102,11.459357066504916,0
2023-06-09 08:00:00,STATION-08,food_processing,6.656095803790958,4.39190478034236,7.621172873565361,24.292672624480716,142.0992740288056,2.800425872165148,0
2023-06-09 09:00:00,STATION-03,food_processing,6.856030268685864,4.957459020162578,7.478209873737685,23.332500186049984,190.14057447341452,7.022556482266774,0
2023-06-09 10:00:00,STATION-03,chemical,5.664769895608288,15.304852199088714,4.735832704559685,26.097141757401207,500.75951173319686,39.71653499657339,1
2023-06-09 11:00:00,STATION-05,food_processing,6.883734007676479,6.619517968271261,6.776861967942783,23.91253055728609,202.71833028749757,8.264503088086077,0
2023-06-09 12:00:00,STATION-08,food_processing,6.92782578155648,4.361515459858607,6.289022669231388,21.227787730591228,135.20210547557866,6.29047227212155,0
2023-06-09 13:00:00,STATION-04,textile,5.778180912597624,26.308071288191595,4.767254931267989,34.52977586306356,744.2689125057678,16.371846502878586,1
2023-06-09 14:00:00,STATION-10,chemical,5.462129599114302,28.2544177003645,4.078386937451608,27.199739126177224,742.7079073456604,27.239370649501613,1
2023-06-09 15:00:00,STATION-01,food_processing,6.686653108764801,0.0,7.278543745133637,21.60550567694006,180.53951764834358,5.383126957226429,0
2023-06-09 16:00:00,STATION-03,food_processing,6.498780163768067,5.086056607300669,7.418134997376354,23.07520552905547,157.64008969587374,4.849931614799703,0
2023-06-09 17:00:00,STATION-08,food_processing,5.066700026291196,2.135120891823313,6.567935802833982,22.543962564107957,428.1762037270878,10.995921404613226,1
2023-06-09 18:00:00,STATION-02,food_processing,6.877942989562974,8.65901559513369,7.42077141356087,23.57487564433046,159.59257426660824,6.18308373995532,0
2023-06-09 19:00:00,STATION-05,food_processing,6.7172302179608545,3.7564182832201696,7.281127317968697,25.256197775035467,138.14990425178942,5.977538790518109,0
2023-06-09 20:00:00,STATION-07,textile,7.731938013921936,17.252435425354108,6.225955227757808,30.519787353167086,541.1966998494488,10.818553835500557,0
2023-06-09 21:00:00,STATION-09,chemical,5.70136065711741,11.60023355089123,6.682193584607525,27.41184795661957,394.02253347836324,12.842471500024883,0
2023-06-09 22:00:00,STATION-04,chemical,5.44096220212958,8.935448474746089,6.793073067426842,26.58911905056675,288.0809724434296,18.035090523807852,0
2023-06-09 23:00:00,STATION-09,chemical,5.495466446132946,8.708175835239583,5.636369909379461,28.130670062883542,305.0279466229488,14.389858225637745,0
2023-06-10 00:00:00,STATION-10,chemical,5.133037774599046,10.997869023141138,6.697322620006089,26.183868053836267,250.50307699064402,15.309428243969753,0
2023-06-10 01:00:00,STATION-09,textile,7.672897580659225,23.450609636273995,6.754993191061593,32.82141748925717,505.8039350258456,8.53776853466398,0
2023-06-10 02:00:00,STATION-04,food_processing,6.594859589541105,5.552673566459781,8.51344725818296,23.783892572549096,90.19468516923726,4.270602975813272,0
2023-06-10 03:00:00,STATION-04,textile,6.291035254448628,42.92788092415711,5.393859789345484,32.8067736174005,929.0522928438445,26.77635186514483,1
2023-06-10 04:00:00,STATION-01,textile,7.9109422071162,17.960946769636923,6.580017949698153,34.727102706228045,563.2111819879306,9.795243377011497,0
2023-06-10 05:00:00,STATION-02,chemical,5.609830538974231,6.344285225907761,6.474549050552727,27.705561062148668,289.95422773936764,13.516864965505995,0
2023-06-10 06:00:00,STATION-08,chemical,3.616644848449532,28.36663905798803,4.751884502114843,26.868775172653958,584.347030424053,21.216150142905406,1
2023-06-10 07:00:00,STATION-03,textile,7.563312829201453,20.04292755985865,6.681907694244567,33.7690849056508,541.1708201487918,11.203065214114515,0
2023-06-10 08:00:00,STATION-01,chemical,6.464410639754452,35.17847017346076,4.11181734576599,26.06148232821913,586.8414604013504,32.88368889824896,1
2023-06-10 09:00:00,STATION-06,chemical,5.0432658975512,6.0063503571379435,6.674306709458844,25.333767047887477,292.75264870196116,13.4606200800772,0
2023-06-10 10:00:00,STATION-04,textile,7.530406478948065,19.735100272874156,6.415123581480444,32.051078091518065,481.72836090056234,7.869390278739577,0
2023-06-10 11:00:00,STATION-05,textile,7.088583040617405,23.14105712978606,5.880883013251937,31.023135221429456,607.2604211129783,10.490888103394624,0
2023-06-10 12:00:00,STATION-10,textile,8.546049596966943,29.46237789393514,3.5281694459025577,32.32001619156124,820.0644269555198,26.021249306479046,1
2023-06-10 13:00:00,STATION-01,textile,7.315451303603994,20.096212919012586,5.064363246920478,32.178942246501286,547.2372350767168,9.211446520549957,0
2023-06-10 14:00:00,STATION-01,chemical,5.823319034427072,5.994553513238358,7.285860456926731,25.9349104287458,367.7434081559519,15.062688493442861,0
2023-06-10 15:00:00,STATION-03,food_processing,6.708482616747338,5.974062517682189,7.922572702707673,22.67701988190418,182.8444406552439,2.165796885346003,0
2023-06-10 16:00:00,STATION-01,chemical,5.272930831730005,7.68375368010495,6.169496175413287,27.942159060287608,271.2392118795992,17.727422387869524,0
2023-06-10 17:00:00,STATION-09,textile,7.453711036588886,17.54390858197628,6.083302178010083,32.80727594352771,445.47863530561165,10.194459976953873,0
2023-06-10 18:00:00,STATION-02,chemical,5.4988426179121275,10.933399937953027,6.056176418702997,27.720070082703714,301.72701156682314,14.025454317970933,0
2023-06-10 19:00:00,STATION-08,chemical,5.254589496803047,8.087258670682774,5.642234190428205,29.629908433664262,263.6652569525533,10.999035064908407,0
2023-06-10 20:00:00,STATION-10,food_processing,6.5870180681978505,4.854411567964833,8.037726401570946,22.09549933746573,152.0240742085198,6.444427224645935,0
2023-06-10 21:00:00,STATION-07,textile,7.818910406108465,17.66053663710037,6.3095748009543335,32.697854896562724,501.35491979542525,10.706452268174097,0
2023-06-10 22:00:00,STATION-06,chemical,5.650249946823065,8.94717865681824,6.841335357298782,27.09602128384812,312.41136325115264,11.823731124503354,0
2023-06-10 23:00:00,STATION-02,chemical,5.840185333359164,14.542148526247122,6.897481374911357,24.63223762949112,260.319322172157,14.719376925935558,0
2023-06-11 00:00:00,STATION-04,textile,7.492551526699557,16.667364180062375,6.089003291526344,32.53785057580555,508.8820953789911,10.675990032366403,0
2023-06-11 01:00:00,STATION-04,chemical,5.5885518792569115,12.626760019352833,6.090044786491056,26.69319298640235,146.4572005955701,15.432655423715147,0
2023-06-11 02:00:00,STATION-07,food_processing,6.568496227223575,3.2758971345247234,7.44256138104421,22.769033790883235,154.77139436589263,2.7379089355432806,0
2023-06-11 03:00:00,STATION-07,chemical,5.725911104119448,9.992699094779429,5.833371685167299,25.246460018194796,299.77981661669895,14.715587784706203,0
2023-06-11 04:00:00,STATION-02,chemical,5.827978990683425,22.38655203110402,5.458519718182071,26.381467848887038,695.0911420897671,37.08649518735326,1
2023-06-11 05:00:00,STATION-10,textile,7.506565807367315,50.28544283321554,4.672018754070589,32.60588998357228,711.0128424109366,14.162258044815436,1
2023-06-11 06:00:00,STATION-01,textile,7.641438480576267,21.829839208015855,6.405291244405817,33.10492838852221,509.67634153316027,13.474174692595746,0
2023-06-11 07:00:00,STATION-03,textile,7.152519638706367,21.980426554570908,4.712692199244027,31.53400651662579,499.8282186073787,10.229549094478886,0
2023-06-11 08:00:00,STATION-10,chemical,5.585747108264106,6.759828275332777,6.096605163981504,27.74415818850999,336.9472567967694,12.287667217699493,0
2023-06-11 09:00:00,STATION-03,textile,7.528909447193659,26.14891610184206,6.28717870032852,32.379275317978404,539.308848822138,8.412990140850095,0
2023-06-11 10:00:00,STATION-06,textile,7.50630526226431,23.864853245535986,6.013267641143494,34.01624319321807,462.5491107744827,9.722552552147691,0
2023-06-11 11:00:00,STATION-08,chemical,5.153058984989328,7.806260828071965,6.71754834208167,26.064072115513685,390.8605418094419,16.489164538405223,0
2023-06-11 12:00:00,STATION-04,food_processing,7.096681844606372,4.460537379662062,8.694689771828802,22.959084626308737,145.23412788323202,6.022829635097121,0
2023-06-11 13:00:00,STATION-06,food_processing,6.996172714277321,2.30138150955121,8.114087391093806,24.649354495910146,158.47960454869852,6.982579400333715,0
2023-06-11 14:00:00,STATION-04,textile,7.53804925763138,21.143887116884606,5.609597602807943,33.22194424343963,449.4286194066402,12.802132753784809,0
2023-06-11 15:00:00,STATION-03,textile,7.356928815702879,18.734343938256874,6.363453801184963,31.65363426924043,463.1086191297223,9.633712973003371,0
2023-06-11 16:00:00,STATION-10,chemical,4.239703831095934,9.620415967582291,7.030380897784129,25.31422709066847,692.2056713951814,26.194697772254095,1
2023-06-11 17:00:00,STATION-05,chemical,7.053921287636142,19.62739802504037,6.982368129274598,25.022666216927988,630.5091137770581,31.39022076196998,1
2023-06-11 18:00:00,STATION-02,chemical,5.810016377979062,2.7786642460940767,5.567725258303852,28.96144143672556,353.208165324762,16.183765492360457,0
2023-06-11 19:00:00,STATION-08,textile,7.438883936989948,22.260781315636734,6.568722640366681,33.55373462402278,407.17154463692196,12.028451514093987,0
2023-06-11 20:00:00,STATION-03,textile,7.605489686093273,20.109118731515988,6.053037561146579,34.77457114713336,570.1263771186909,11.422367097433987,0
2023-06-11 21:00:00,STATION-04,textile,6.846029857039945,21.396988525278598,5.4897677013112745,32.23236088174021,697.2776650493763,17.40557275541278,1
2023-06-11 22:00:00,STATION-10,textile,7.754285651748183,21.79292354293797,6.8284709370831465,33.86520329933685,538.0578492823389,10.784389851765123,0
2023-06-11 23:00:00,STATION-10,chemical,5.475255742032098,10.320641282270875,6.984433933827937,28.26664190190759,387.4426453828118,15.049924512904171,0
2023-06-12 00:00:00,STATION-10,chemical,5.532917662554116,10.59529921460236,6.253788171771314,28.731262110112485,396.10495338833766,17.103251915584462,0
2023-06-12 01:00:00,STATION-04,food_processing,6.548791940891135,9.510341898299973,7.686564920676713,22.345190921831186,100.80634319809819,6.900901278803541,0
2023-06-12 02:00:00,STATION-07,chemical,5.2939062805832,11.517206953891108,6.197415586408238,26.697380648991896,314.5866941575545,14.266662655220866,0
2023-06-12 03:00:00,STATION-08,food_processing,6.721717684294571,5.5660550643099285,7.701249058776751,24.679181057796832,93.40078032616168,6.305373325961018,0
2023-06-12 04:00:00,STATION-10,chemical,5.505069485208155,11.299764519614106,6.0498298139421465,26.262146585958178,304.36669876307013,16.989233370756544,0
2023-06-12 05:00:00,STATION-08,textile,7.496916694836059,17.84022074455269,5.827054498166996,32.649134899101256,549.1060401446407,11.14556788200937,0
2023-06-12 06:00:00,STATION-01,textile,7.787169943519328,20.864893362831204,5.746021686224073,34.279111813615515,440.06404659906616,7.959188319716926,0
2023-06-12 07:00:00,STATION-07,food_processing,6.741095862965958,4.959075814644586,8.723323098944654,22.69923165077717,63.739070249337274,4.089666967653457,0
2023-06-12 08:00:00,STATION-04,food_processing,6.712424230568551,7.288289937722556,6.77951625133701,22.981625686655413,191.39469522106353,1.972684885865676,0
2023-06-12 09:00:00,STATION-06,chemical,5.73367211699148,3.717386104476134,5.8975915725262285,25.71719623640681,308.91133213192705,15.038159047120702,0
2023-06-12 10:00:00,STATION-10,textile,7.506341018730728,22.995726558257918,5.793582016367113,31.419308744400997,521.9234389278288,11.235333940522183,0
2023-06-12 11:00:00,STATION-10,chemical,4.210417657252793,21.41300567593134,5.504007207514535,27.85245597921867,511.7141146358073,26.33225559366051,1
2023-06-12 12:00:00,STATION-10,chemical,5.515550422760976,9.564889805452504,6.340301221894986,28.488986157295876,325.99667316847206,13.923021225255562,0
2023-06-12 13:00:00,STATION-07,chemical,5.824532403705004,6.841201612727776,6.330107691478642,26.824570278875697,188.35083612321182,15.269778196402008,0
2023-06-12 14:00:00,STATION-01,chemical,5.2626794065223175,8.040219949748508,6.9606581701647565,28.647681360940265,385.2318792098432,12.815929693328924,0
2023-06-12 15:00:00,STATION-09,textile,7.4955550254746575,19.067297894344566,6.070236252587718,31.71409027888938,512.027980199953,12.684138223135594,0
2023-06-12 16:00:00,STATION-07,chemical,5.670752349899292,6.008045144893305,6.015149937432209,27.997946712620227,337.4174623129437,12.009689403220605,0
2023-06-12 17:00:00,STATION-07,food_processing,6.763645000933191,6.487806288745963,7.636167060700523,23.4013510992556,149.05140622164174,5.106757629474711,0
2023-06-12 18:00:00,STATION-02,textile,7.458066605741041,25.64132845408589,5.778647554068694,33.21697207718839,568.3497497180186,9.353146892340582,0
2023-06-12 19:00:00,STATION-08,textile,6.969721615142885,31.219520315906042,4.365638510399625,33.810174514974634,833.7943912452965,19.347247917353748,1
2023-06-12 20:00:00,STATION-02,chemical,5.669287159898724,15.783591277147998,6.673136010119283,27.830511167580553,285.5872877228378,17.118734065361775,0
2023-06-12 21:00:00,STATION-01,food_processing,6.841712353666579,0.24463473592563822,7.53291394747577,22.062148581651947,188.83796095378065,3.2285872301462666,0
2023-06-12 22:00:00,STATION-07,food_processing,6.923316592784814,11.520315375186776,8.807013320334548,23.89678760272695,186.5835558252188,6.723849969647989,0
2023-06-12 23:00:00,STATION-03,chemical,6.13180698669683,24.704304135238562,4.319240413463708,27.061835886521568,543.5882501129489,27.42047356438418,1
2023-06-13 00:00:00,STATION-05,textile,7.286354568723775,22.03721596338226,6.094043958260254,32.427126618734825,507.54766977959895,10.38045557287161,0
2023-06-13 01:00:00,STATION-02,chemical,5.405918642918219,13.820907068291014,6.287160988452911,27.094914547492127,283.5948505856648,13.300545685125533,0
2023-06-13 02:00:00,STATION-08,chemical,4.002526904042635,17.42566853341064,5.383804530485244,29.05414779477731,537.4178765142119,29.712275999734306,1
2023-06-13 03:00:00,STATION-05,food_processing,6.804310003925266,5.100681928447837,8.23332475658917,24.277875004106537,165.30388658936943,4.810348599355645,0
2023-06-13 04:00:00,STATION-08,chemical,5.51663899854902,20.34176213201047,6.010840141460934,26.552832445002643,573.7067868920037,38.40683496604798,1
2023-06-13 05:00:00,STATION-10,food_processing,6.6685586860768895,4.16716731844317,8.097921142173227,24.540209541129443,95.68964144374576,2.7578522454634644,0
2023-06-13 06:00:00,STATION-08,chemical,5.647188856838329,11.647090978050954,6.3359567081799115,25.279491012122115,261.47009081760626,12.828592912078598,0
2023-06-13 07:00:00,STATION-03,textile,7.349168437150495,21.204219160319646,6.3063306170821205,33.20629084067694,546.716020590317,9.992540785459001,0
2023-06-13 08:00:00,STATION-07,food_processing,6.893145466984055,4.4553223083137645,7.356048435792733,21.9499099476904,273.7588692682012,5.984305463402905,0
2023-06-13 09:00:00,STATION-06,chemical,5.70920628927663,9.494449744297519,6.299266684635413,27.493674371942888,300.01111564320405,14.488102138165692,0
2023-06-13 10:00:00,STATION-08,food_processing,7.422118427812608,9.132545496996975,7.771962431186361,22.801792046098235,155.42365605716876,4.320893611185782,0
2023-06-13 11:00:00,STATION-01,food_processing,6.885035691693317,3.6920361946844764,7.258498853981997,21.399923754343202,101.8087853438796,3.925430092507767,0
2023-06-13 12:00:00,STATION-02,food_processing,6.786826023317451,7.277524064239294,7.725967410975264,23.388784235525364,136.65817727106958,4.549113029049715,0
2023-06-13 13:00:00,STATION-06,textile,7.988960141621848,20.74909736309056,5.380865368914668,34.01798871587391,483.47608426172707,9.37756761368998,0
2023-06-13 14:00:00,STATION-01,food_processing,6.6615045404588455,0.6389890794128199,7.766861683879433,25.995505246656837,104.9887294954915,4.648949274787366,0
2023-06-13 15:00:00,STATION-07,textile,7.475675341980261,18.5284611297448,5.856393574658105,31.211675392452175,470.04842678382386,7.231300149369225,0
2023-06-13 16:00:00,STATION-10,textile,7.9348908637085485,17.419869226948972,6.0320387196563585,33.97116826935735,482.2865416962385,10.508960802339331,0
2023-06-13 17:00:00,STATION-10,food_processing,6.484441010377611,7.900521618652704,8.247514351783936,23.28786122683976,124.17795495845908,6.646903231586585,0
2023-06-13 18:00:00,STATION-02,chemical,5.489751038392701,8.091832685914422,6.671169990716099,25.815223324873582,308.40000470659163,15.595478006398569,0
2023-06-13 19:00:00,STATION-06,food_processing,6.75311144617981,0.5992902523036108,7.759595536018902,24.397471406071233,126.15531457952369,5.199273087017034,0
2023-06-13 20:00:00,STATION-01,food_processing,6.886139390198544,6.847604295141995,7.412598679614144,21.688853764467137,169.9676754573744,1.7269157122819498,0
2023-06-13 21:00:00,STATION-06,food_processing,6.71309937706206,6.729711996982498,7.651921813389924,22.050700901277633,103.16196007486556,5.288017988352818,0
2023-06-13 22:00:00,STATION-02,chemical,5.37552709828508,10.767961837015514,6.412333381931036,27.3328140729195,285.36056752342745,15.636330307749725,0
2023-06-13 23:00:00,STATION-06,textile,7.092799246568773,20.05978857021985,6.118345271913812,34.72784763146279,567.5821165041749,11.845803363974577,0
2023-06-14 00:00:00,STATION-10,textile,7.7564994123468844,15.818140900839246,6.819964408090164,33.814789409254374,412.18041320991614,8.967074889024776,0
2023-06-14 01:00:00,STATION-06,chemical,5.5793198010499205,9.20494118627599,6.7313603459412095,28.023108346391396,264.5765702073176,15.84694888499018,0
2023-06-14 02:00:00,STATION-03,textile,7.19203122696979,12.557784877610922,6.18140773268664,33.03554576417197,522.8435975436815,10.86556016989278,0
2023-06-14 03:00:00,STATION-09,food_processing,6.3534161724666784,10.706605417531856,5.362793472617029,21.766033861009063,264.11447420000576,9.359780125997435,1
2023-06-14 04:00:00,STATION-02,food_processing,7.128536513540781,2.4742727871631187,7.080629077268552,23.41147991490744,158.8013588471198,5.251686693558174,0
2023-06-14 05:00:00,STATION-04,food_processing,6.892834730325977,0.3679587581982302,7.549538809484388,22.689017127270283,146.58819432906617,6.756717504152098,0
2023-06-14 06:00:00,STATION-06,chemical,5.493666600578165,13.731990149286345,7.571644594285211,27.14156550558617,299.4713900284388,17.08831342579809,0
2023-06-14 07:00:00,STATION-09,chemical,5.396112355069678,12.605575265381733,6.837757372317374,26.032237991810376,266.77661588937576,16.07185669913244,0
2023-06-14 08:00:00,STATION-08,chemical,5.333601403111584,11.213728144675773,6.133700530448096,28.956464044110533,240.77572199620832,17.124786999937253,0
2023-06-14 09:00:00,STATION-10,food_processing,6.61807440119184,4.376418594197668,7.850223229205138,23.417631614034814,180.985554581906,7.331615542570049,0
2023-06-14 10:00:00,STATION-04,food_processing,6.821216453455752,5.309444655169503,8.070005781539631,22.562029651185778,160.9735846006781,2.897908259714004,0
2023-06-14 11:00:00,STATION-04,food_processing,6.691917519329735,0.6098155920128123,7.100509529654815,23.51970991537095,89.1495397357071,5.683647122009257,0
2023-06-14 12:00:00,STATION-06,textile,7.741021930053932,16.992440639770507,6.779658857843996,32.93947682165032,352.7679600813132,9.851397267672262,0
2023-06-14 13:00:00,STATION-09,textile,7.497942492366179,20.332070653642095,6.249829984980497,33.21760749149654,469.8890352113497,10.75013782058527,0
2023-06-14 14:00:00,STATION-07,food_processing,6.5946950647982465,8.484443723060474,8.278998897757381,22.953646714830636,207.13530536151967,3.9072127374186287,0
2023-06-14 15:00:00,STATION-01,textile,7.7030887947748194,25.842471344373617,5.5409494160340405,33.059951149194504,533.6304184596949,10.533428426857435,0
2023-06-14 16:00:00,STATION-06,chemical,4.776448336301072,12.704828916139194,5.840860064287071,27.678348760132774,488.1290101221455,24.675807194672778,1
2023-06-14 17:00:00,STATION-08,textile,7.289465296882156,21.252209366237004,5.097461332370338,34.099616872241846,565.5869164899309,6.328790091448427,0
2023-06-14 18:00:00,STATION-09,textile,8.040104015725287,19.36968241914235,6.373987697155015,31.96176319724368,540.7732061347106,9.972324978073184,0
2023-06-14 19:00:00,STATION-02,food_processing,6.907221356347346,2.2369145673363198,7.52405642400106,21.66702649995733,59.43788981040926,4.560220933388721,0
2023-06-14 20:00:00,STATION-09,textile,7.404499808799395,19.49744972616893,6.570340915651646,32.70932407146143,445.2143388601361,9.793482003459875,0
2023-06-14 21:00:00,STATION-09,food_processing,6.586968195257017,2.828380116632184,6.7978589978246236,22.78344333001233,176.3113703283469,5.238970169952906,0
2023-06-14 22:00:00,STATION-08,textile,7.479342899915348,18.45214737182579,6.58504871064294,33.04842075734078,504.70248791743853,9.813286658941841,0
2023-06-14 23:00:00,STATION-06,food_processing,6.990766983207169,0.0,7.4985258386563975,24.19895395461994,194.67139911019018,5.902401485968162,0
2023-06-15 00:00:00,STATION-02,food_processing,6.979102536811076,8.610873154304379,7.580878390807721,23.205151350908803,154.1092038175383,5.208962441790868,0
2023-06-15 01:00:00,STATION-08,chemical,5.778635674074096,21.099338420793536,6.516758487559976,26.601413068703106,530.8464529202272,37.94155864018201,1
2023-06-15 02:00:00,STATION-02,chemical,5.199227317522249,11.13350737138688,6.753232521417037,29.84968068493783,251.667848479704,15.23525341143645,0
2023-06-15 03:00:00,STATION-03,textile,7.214483307835082,21.993844428144552,5.516718772020631,32.46549344168705,472.81012614292246,11.427935962494782,0
2023-06-15 04:00:00,STATION-02,textile,7.652485947529324,19.002171305089025,5.985937219201403,31.356415361027732,505.734898561158,11.199877612417806,0
2023-06-15 05:00:00,STATION-03,chemical,5.59768891984468,12.044125640343694,5.967559914849093,25.65247080056309,234.99456256673497,13.2367391084274,0
2023-06-15 06:00:00,STATION-02,textile,8.155331892234312,47.72751964971893,4.276322406533121,32.9494947757828,788.2801413193195,22.7824146889954,1
2023-06-15 07:00:00,STATION-03,food_processing,6.958639774103805,5.7657907942044195,7.412890659734054,23.766557607252924,185.91337677810577,3.6646693331807567,0
2023-06-15 08:00:00,STATION-03,textile,7.706426939632641,18.405932058078307,5.748268581310779,30.733787356699786,501.58737020877425,10.378295444682834,0
2023-06-15 09:00:00,STATION-09,chemical,5.358440469380729,14.039705339679646,6.527952407635225,26.06299636528191,412.64215459750034,13.439757074520477,0
2023-06-15 10:00:00,STATION-01,food_processing,6.587678946608474,5.218073921752568,7.181375680442267,23.588908254107945,126.75994867269257,4.6726865955966215,0
2023-06-15 11:00:00,STATION-07,textile,8.560518446255498,40.767399211838715,3.425889160274694,33.43975979825889,939.1585356930551,17.335940233123008,1
2023-06-15 12:00:00,STATION-09,food_processing,8.287437202926691,16.451448185320448,5.013931509903961,23.544422447768287,175.15927296396464,11.799416131297326,1
2023-06-15 13:00:00,STATION-08,chemical,5.5211793674738825,9.9017299096944,6.099687220596035,28.04667821447767,250.28039646020738,14.463811208114368,0
2023-06-15 14:00:00,STATION-07,textile,7.14169772393764,22.576800414472054,5.394157434025503,34.63770960899406,476.4122427779048,10.873194241798103,0
2023-06-15 15:00:00,STATION-01,textile,7.830490043276527,15.622255666867884,6.38648848088297,34.900946760415316,527.197376006534,8.618234780545912,0
2023-06-15 16:00:00,STATION-04,textile,7.6447082040964585,21.869490491020084,5.981440333163548,31.940925428153438,595.0309001484437,8.902361168042475,0
2023-06-15 17:00:00,STATION-01,chemical,5.527586681472198,6.53669098799398,7.462446077161989,26.686005686597518,379.93598613019634,14.849222314662878,0
2023-06-15 18:00:00,STATION-09,chemical,5.910285868328391,9.077825776758358,6.456021390150771,27.699880731948156,214.12327763797072,16.855344479077097,0
2023-06-15 19:00:00,STATION-06,food_processing,7.049941233238008,6.057039839481778,7.001093874668602,24.242845234072604,165.98547712114242,6.051560402293063,0
2023-06-15 20:00:00,STATION-10,textile,7.347226761428749,23.969370239755435,6.188575828701442,33.52517942748721,516.4229370162822,10.778224043439876,0
2023-06-15 21:00:00,STATION-06,textile,7.478543179151253,24.533697737055803,6.334644428199681,34.770334653823916,399.88113594156107,10.781533013074304,0
2023-06-15 22:00:00,STATION-10,textile,7.419965468873697,25.5737720409216,5.704877416958071,33.751042100450434,448.3748664791636,12.16053201453723,0
2023-06-15 23:00:00,STATION-09,food_processing,7.107217657575675,7.227290615824551,8.193918970173595,22.581082748131887,190.9610214974752,3.4469983725786997,0
2023-06-16 00:00:00,STATION-08,food_processing,7.1697953263723235,7.844852952417563,7.4206323994699765,22.837788812286753,57.914845846552055,4.632116512442955,0
2023-06-16 01:00:00,STATION-05,textile,7.471320970084756,21.877311055640927,6.368544741171524,32.84371617035777,484.7090545242503,9.009534876976312,0
2023-06-16 02:00:00,STATION-03,food_processing,6.850872466907382,9.135851396749565,7.200425439134164,21.949311737379112,249.559588351355,7.066879092796723,0
2023-06-16 03:00:00,STATION-03,textile,7.227630737876403,21.00124944936703,5.871267937616174,31.984060301530306,468.399606353437,8.385598340223472,0
2023-06-16 04:00:00,STATION-04,textile,7.322026239074728,25.410009546419623,6.932580134909696,31.91388254324593,534.3543464097185,11.523090507779711,0
2023-06-16 05:00:00,STATION-06,textile,8.079853520106402,44.112809425136014,6.477096185421566,32.332186513051205,691.7336673406136,21.433298432255793,1
2023-06-16 06:00:00,STATION-01,textile,9.440223642402524,27.39224699718542,5.544825749943393,34.53080999451787,1042.1584576060632,28.502535684180327,1
2023-06-16 07:00:00,STATION-06,chemical,5.397735523113737,15.514972776454618,6.9353897597445595,25.72929107806575,199.949830004041,12.617318262234647,0
2023-06-16 08:00:00,STATION-08,textile,7.3488122111604985,23.040160527421207,6.134725804840849,32.71654092784983,467.9173779240106,11.554415975554596,0
2023-06-16 09:00:00,STATION-10,chemical,7.0633928354929445,15.180186756405291,4.130506033039228,27.0439267507019,373.92602980945986,25.590822400239414,1
2023-06-16 10:00:00,STATION-09,chemical,5.586750630278919,5.9339839527856615,6.096904729954436,28.07722377384933,313.72856683177224,16.918200366574904,0
2023-06-16 11:00:00,STATION-03,textile,7.138450672863083,19.766234032505793,6.118919306210201,35.400338450005044,586.6630310644255,9.950387121454277,0
2023-06-16 12:00:00,STATION-03,chemical,5.270754638522078,14.914371944081736,3.6151778412800275,25.395985678467635,508.8574011038997,39.23015710418331,1
2023-06-16 13:00:00,STATION-04,chemical,5.729702442724054,12.889254274341864,6.57256113756623,27.43052743266314,323.99742716091083,15.68292190650948,0
2023-06-16 14:00:00,STATION-01,chemical,5.249529430422953,8.683050889055085,6.684994151981951,27.72213726597257,252.36016396965064,16.08152409897088,0
2023-06-16 15:00:00,STATION-10,textile,7.650866326650203,16.5497790084803,5.249433590155961,33.36797091938044,451.2346834046765,11.64068676573845,0
2023-06-16 16:00:00,STATION-08,chemical,7.4216624680091865,33.30109193463527,4.904396721940939,28.5668289286789,405.40514897372793,29.24896121844944,1
2023-06-16 17:00:00,STATION-06,textile,7.552030975165031,13.940566111310073,5.359433991083619,31.572761065864377,551.1206569959795,10.933333729225199,0
2023-06-16 18:00:00,STATION-04,chemical,3.5396655514719964,5.195485572534325,4.033482095148933,26.985300834196096,456.4145740306133,41.98073353612635,1
2023-06-16 19:00:00,STATION-01,food_processing,6.716410148712325,1.7885491284644708,6.647806291371583,22.91712403529008,123.73403134207503,6.500521421701867,0
2023-06-16 20:00:00,STATION-06,food_processing,6.769767596811068,2.0523800523647058,7.25582690954978,22.89327174325353,121.64013369984727,3.3104532304766674,0
2023-06-16 21:00:00,STATION-03,textile,7.393487301483133,21.3388357656945,5.321228198402411,33.2639158534833,337.9163591060812,11.642519586454362,0
2023-06-16 22:00:00,STATION-08,textile,7.678297010916423,21.97593264731164,6.310369922080156,33.59493461839512,569.7520882759738,7.509654077957949,0
2023-06-16 23:00:00,STATION-03,food_processing,6.897673182322281,3.988146238217065,7.910128181692002,24.35188246800241,83.3796639724658,5.682382834700612,0
2023-06-17 00:00:00,STATION-05,food_processing,7.081642972252511,7.899743157010948,7.401410701151255,23.539883538324673,199.35294681702823,4.283092733768616,0
2023-06-17 01:00:00,STATION-01,chemical,5.4809324458054,9.540107158674438,7.160855610510039,27.72597157134311,249.0397540175384,13.222348220908414,0
2023-06-17 02:00:00,STATION-08,textile,7.164440379544322,24.614481094693414,6.519140163858227,33.39874252326543,499.4384005638285,12.345032441346461,0
2023-06-17 03:00:00,STATION-08,chemical,5.393456230712239,7.264979495427371,6.401483533601147,28.34544747265382,210.32680179561618,17.15825404051374,0
2023-06-17 04:00:00,STATION-03,textile,7.409560011616498,18.261364253283958,6.020837071135776,32.7054915033982,564.1784545783063,9.751518766561837,0
2023-06-17 05:00:00,STATION-09,chemical,5.543048442750821,9.907873412035986,6.141299946490666,27.862527412837373,322.24318487077517,15.56118964991799,0
2023-06-17 06:00:00,STATION-06,food_processing,6.532297090257499,7.264162531866067,8.002545025071264,22.199530656787037,210.16616116635095,5.1279619402636065,0
2023-06-17 07:00:00,STATION-05,food_processing,6.799569101706625,2.952063648687956,7.473377182072625,22.736787320171448,136.66805430340034,3.1352348375065606,0
2023-06-17 08:00:00,STATION-05,textile,7.269706139655214,17.499965979473956,5.661908989314774,31.625162758336,504.7517863316698,11.163390539001215,0
2023-06-17 09:00:00,STATION-03,food_processing,6.548633974695203,2.7542449100151356,7.578093747735685,24.10632992758076,125.12678181379893,5.00228598362783,0
2023-06-17 10:00:00,STATION-08,food_processing,6.662510710450392,4.0522973268320674,8.237009690391837,24.221280915805853,145.51286586037963,3.9563444261195784,0
2023-06-17 11:00:00,STATION-02,textile,7.737927404657419,21.663699329622798,5.282115925755418,32.82308857741833,420.7926254791197,10.611087332992552,0
2023-06-17 12:00:00,STATION-08,food_processing,7.284291047586786,6.457398256520374,6.988089514157488,24.057771414015306,112.96994365841479,2.771070482785693,0
2023-06-17 13:00:00,STATION-03,chemical,5.36719478538194,12.496102712488709,7.063986658353688,27.382355040921432,334.6294659723318,15.050484288105611,0
2023-06-17 14:00:00,STATION-09,food_processing,6.686213621410984,1.8472728309275697,7.559564361222402,22.858366320663034,96.21613506106026,5.808517296498497,0
2023-06-17 15:00:00,STATION-05,chemical,5.419887292360014,7.61032591187962,6.45632149096113,25.94628974350821,178.80992487269663,13.986070479020789,0
2023-06-17 16:00:00,STATION-07,chemical,6.819442438838228,25.26710294957258,3.733694554668151,27.803712638991616,472.18613481177096,28.144289462547455,1
2023-06-17 17:00:00,STATION-04,food_processing,6.8909973723085125,11.616256100963714,7.232404212468532,22.405991531744643,197.15915234552455,4.993837273943066,0
2023-06-17 18:00:00,STATION-06,textile,7.564880688388191,14.08049481268217,6.174591800888291,33.14282090116395,521.4214189873848,9.564699401084829,0
2023-06-17 19:00:00,STATION-06,chemical,5.694080215685127,14.40516282492048,6.0060424620499395,27.063096329766903,294.60804023405115,13.701015002305176,0
2023-06-17 20:00:00,STATION-10,chemical,4.651796726494403,22.281549926250356,3.9277860200486283,26.485046905218187,387.30112577371244,33.34754182504219,1
2023-06-17 21:00:00,STATION-04,food_processing,6.996436760035014,0.0,6.858425482872808,24.018575658528366,148.38988096624692,4.522413324743986,0
2023-06-17 22:00:00,STATION-09,food_processing,7.084260557353939,5.137003791894732,6.979613690398709,22.63221181621743,159.08688296438595,5.514249712228652,0
2023-06-17 23:00:00,STATION-05,chemical,5.645419565550328,10.386671834365979,6.755961464485934,27.238636728649745,274.40096703834297,16.347185487581573,0
2023-06-18 00:00:00,STATION-01,chemical,7.174633230065763,13.526266237904325,4.40826783945587,26.112876231159422,561.8022033267874,41.86140254845584,1
2023-06-18 01:00:00,STATION-09,chemical,5.2095524816256455,30.972240300195637,5.112453784664341,27.960483251719392,449.4796314195504,34.877281056886396,1
2023-06-18 02:00:00,STATION-02,textile,7.374855968880034,18.90802241128875,6.571879254284657,32.30905502234567,506.551329076842,11.883461276816162,0
2023-06-18 03:00:00,STATION-07,food_processing,6.562416088078033,4.376679944173058,7.927590920548282,23.190768066335583,221.67729249997734,5.910718449190478,0
2023-06-18 04:00:00,STATION-08,chemical,6.904885331333312,17.96696036214225,3.8769267345329377,26.538854429149232,749.0885185362955,35.048175125057725,1
2023-06-18 05:00:00,STATION-10,textile,7.5106162051235055,20.999836821414487,5.718417073369982,32.514952243648196,488.57874548513075,11.985869078002274,0
2023-06-18 06:00:00,STATION-09,food_processing,6.579078277832436,4.061664987748009,6.687886584479538,24.680066886884536,58.88826427696445,6.671164312651971,0
2023-06-18 07:00:00,STATION-06,chemical,5.386183496539902,4.652923136611763,6.88102047285839,28.45335734170595,298.58097582481867,14.681783026528349,0
2023-06-18 08:00:00,STATION-03,textile,7.222112848787525,16.751581180847094,6.168534584198927,33.20474075775145,467.34837631064454,10.836245020108576,0
2023-06-18 09:00:00,STATION-07,food_processing,7.010186877822022,5.823275136206844,7.719088975740054,23.99616130593497,173.524472606662,4.21732494988037,0
2023-06-18 10:00:00,STATION-07,textile,8.2670583627165,39.753068362606406,3.3814281071261245,33.41679814012023,810.7440368123653,26.86470396618809,1
2023-06-18 11:00:00,STATION-01,textile,7.433783222758984,24.501400994768304,5.545751285279953,35.66150961813303,513.3182643898475,11.624040682123539,0
2023-06-18 12:00:00,STATION-06,textile,7.9731037381182555,25.391291232567603,6.008336994153422,33.459524736474584,483.62599664960055,9.044662574784118,0
2023-06-18 13:00:00,STATION-05,textile,7.483086246326087,14.576797870080625,5.600671907288765,32.888541537245246,536.1321530246659,10.727788928691533,0
2023-06-18 14:00:00,STATION-09,textile,7.555174110037136,22.873395257554385,5.286885998070245,33.35722770839999,474.5263004976584,10.6035131842025,0
2023-06-18 15:00:00,STATION-04,chemical,4.278611965485172,22.52710069512777,5.079817835274111,27.19578969570162,480.7901330336036,22.522287546812155,1
2023-06-18 16:00:00,STATION-08,food_processing,7.047452186557387,6.187110795924983,7.336665311221754,24.42059627472295,180.95320633752328,3.566780783595575,0
2023-06-18 17:00:00,STATION-07,food_processing,7.038990297153446,5.203100440153928,8.10798250235861,23.871842202451823,99.93187009216211,3.578985891886462,0
2023-06-18 18:00:00,STATION-05,textile,7.4678621739881175,19.039341177723514,6.873220234321436,33.66173800636251,603.1444169883914,7.637087844742144,0
2023-06-18 19:00:00,STATION-07,chemical,5.408397608626566,12.526281107402934,7.232042566295845,26.086698269417024,349.9340878449094,17.70285063185063,0
2023-06-18 20:00:00,STATION-07,food_processing,6.660765371102739,2.9650790211512,7.219017565080298,22.05115217037808,182.02451650134887,4.217037963597484,0
2023-06-18 21:00:00,STATION-10,chemical,5.550367663031387,10.565385854454409,5.744344768431918,28.219778078170418,184.40813964309052,13.985585315833735,0
2023-06-18 22:00:00,STATION-02,food_processing,6.814425884211968,0.974389381895671,8.083462515052325,24.01831005879417,174.62650656624845,4.413041585185229,0
2023-06-18 23:00:00,STATION-04,chemical,5.370469656911588,23.66374430579382,3.8031105314647204,26.995176216104742,499.088263349662,24.466419269476432,1
2023-06-19 00:00:00,STATION-08,textile,7.4721560598908985,21.300894881878726,5.851966736433583,31.998548251919487,476.2143719807259,7.863351403091553,0
2023-06-19 01:00:00,STATION-06,food_processing,6.773057993000499,4.939057350189273,7.671588035814343,22.923343152213363,160.8985148494348,4.663719963575412,0
2023-06-19 02:00:00,STATION-10,chemical,4.227991613902035,21.184465193214123,5.632790927146829,26.45331042647626,431.5564693276811,40.978071250474024,1
2023-06-19 03:00:00,STATION-02,textile,6.795636395034951,48.29577362023396,4.372955211347669,32.00065704351444,977.4895712639831,18.044898731865302,1
2023-06-19 04:00:00,STATION-07,chemical,5.512125117466289,12.598250191343132,6.822509722067042,27.50306175173826,223.20655263488248,14.451579251186073,0
2023-06-19 05:00:00,STATION-05,food_processing,6.827904321006442,5.591432223864947,7.855991910420571,22.041763653117933,144.46042868318708,0.2722307891313651,0
2023-06-19 06:00:00,STATION-03,textile,7.731192106529363,19.216928553591888,5.009484583826717,34.95637032085496,523.6700331844672,9.203407921594252,0
2023-06-19 07:00:00,STATION-08,food_processing,7.00518838473514,1.8066386994085284,8.124508367195888,23.66636543601203,150.10847283667798,4.8946044395837145,0
2023-06-19 08:00:00,STATION-10,food_processing,6.838610787670369,1.0145365871685552,8.169996142476286,22.068466196447112,237.9562552658312,4.695631141219393,0
2023-06-19 09:00:00,STATION-04,chemical,5.853020832118106,6.821489762907012,6.292802924672364,27.868833186023558,314.8927183679639,13.428753376466418,0
2023-06-19 10:00:00,STATION-07,chemical,5.501131267642167,12.523971687604613,6.522270103918021,25.98000769040526,204.7719427533267,14.858430379933383,0
2023-06-19 11:00:00,STATION-09,textile,7.505785458823218,18.484629024810697,6.282874530190188,34.58178540036213,462.7705390373415,11.480437936720783,0
2023-06-19 12:00:00,STATION-01,textile,7.595338019264895,15.60534564633198,6.235056090314131,32.76137238450489,521.6262703771412,8.763764782461633,0
2023-06-19 13:00:00,STATION-10,textile,7.459472306128331,18.950243768565926,5.870694182353406,33.932888358145135,517.0108210544396,10.422024156783685,0
2023-06-19 14:00:00,STATION-08,textile,8.077693318361527,19.863472067055454,4.08692072287162,33.742297605245746,805.822881896826,20.088146647691264,1
2023-06-19 15:00:00,STATION-08,food_processing,7.187013214093898,2.9947626186922385,7.125152417970997,24.50166778854664,99.07219341908709,3.72500843214094,0
2023-06-19 16:00:00,STATION-01,chemical,5.674895505241403,13.159240659290793,7.183733925313699,26.484505123719078,314.2548245446939,13.923247127255975,0
2023-06-19 17:00:00,STATION-03,chemical,4.0595264486563085,19.77830693067149,4.821637090071457,25.63873970467081,441.964002594089,26.241452986470723,1
2023-06-19 18:00:00,STATION-05,textile,7.295953618252095,23.816406014441238,5.743702675450232,34.44754446527913,512.9946550855883,11.222776828537297,0
2023-06-19 19:00:00,STATION-08,food_processing,6.816428644258389,6.9873697749021755,7.312771054829586,23.411004626172375,151.43254668793224,3.9817611261684673,0
2023-06-19 20:00:00,STATION-05,chemical,5.885588241159576,10.157724162771215,5.757791508673529,27.855989225441153,374.07209619452766,13.893322319296137,0
2023-06-19 21:00:00,STATION-03,textile,7.510445211948942,17.804481612023842,6.5939851102275275,32.70032247022369,532.2369864452613,10.15414526799227,0
2023-06-19 22:00:00,STATION-04,textile,7.353177254197112,22.39987366938223,6.250847901236414,32.31999037469851,461.11576795338675,9.829673926593744,0
2023-06-19 23:00:00,STATION-02,chemical,5.367676183033585,6.4855803451742595,6.018235736091584,26.027879076173363,377.6060773616248,15.23658503645055,0
2023-06-20 00:00:00,STATION-08,textile,7.59011458082548,19.535127094213838,5.824778750822539,35.28971588128329,543.5957757222443,10.967146534388458,0
2023-06-20 01:00:00,STATION-10,chemical,5.332037235486716,7.6895482372833355,6.337750072246212,27.786653496438543,381.8113323666405,15.587436033206695,0
2023-06-20 02:00:00,STATION-06,food_processing,5.208040051792589,11.73778792583465,5.599397208671262,25.16869659543564,228.3178375182678,7.081209195098044,1
2023-06-20 03:00:00,STATION-08,food_processing,7.134264920183894,6.78757115725513,7.5056304837394405,21.717946208099853,175.31410669931702,5.608436005642877,0
2023-06-20 04:00:00,STATION-07,food_processing,7.128066005305171,6.796737675925897,7.852006566424245,23.407819416948307,103.39774257371009,4.944221892635799,0
2023-06-20 05:00:00,STATION-08,textile,7.474025074137458,18.983154622711474,5.796243048130301,31.158578694264236,525.598712667194,9.581323646469157,0
2023-06-20 06:00:00,STATION-02,food_processing,6.913496232768941,6.941648346647454,7.997426484696554,24.859990286189817,168.4558746197173,3.7955516407127936,0
2023-06-20 07:00:00,STATION-09,textile,7.6278948831035445,20.627345267368163,5.889841249253087,35.237287001862065,500.3213624389243,8.128630653782535,0
2023-06-20 08:00:00,STATION-10,food_processing,6.633749447646688,6.162331961894662,7.261683681666896,23.054326499719753,135.47891098346267,4.475690829196285,0
2023-06-20 09:00:00,STATION-05,chemical,5.370315818044011,7.531409725712009,6.564562114740079,26.111402867203296,331.9731934252963,13.118115774788814,0
2023-06-20 10:00:00,STATION-10,chemical,5.521043058437075,10.523681102607094,7.0971786136812485,27.609812280578122,205.39324266012045,12.926095987377785,0
2023-06-20 11:00:00,STATION-03,chemical,5.170178876414631,12.493261104327651,6.359783285509581,26.389481754185542,315.5799634298524,15.20763535196479,0
2023-06-20 12:00:00,STATION-08,textile,6.592334823083979,34.77171272732104,4.614747323540313,33.20565389931805,673.2582248361516,22.151746076623585,1
2023-06-20 13:00:00,STATION-03,food_processing,6.83419821538501,7.77118579665351,7.153014907686856,21.582911082011318,199.10583751655687,6.540608997388693,0
2023-06-20 14:00:00,STATION-03,textile,7.316101623034263,17.66801445748561,6.268288550679901,33.38867714890011,489.72838541408385,3.6144860676280084,0
2023-06-20 15:00:00,STATION-05,chemical,5.433895868210385,3.4394305232713247,5.7261631655476055,28.10614964811529,233.0035213438798,14.356576631713533,0
2023-06-20 16:00:00,STATION-07,textile,7.393153097093618,17.663057018602274,6.461730482219064,32.67946954294767,504.6673298536657,9.026881429911267,0
2023-06-20 17:00:00,STATION-06,food_processing,6.906546697243863,4.155581326560219,8.176413101204796,20.80661381235904,130.507507880462,4.274310666371853,0
2023-06-20 18:00:00,STATION-05,chemical,4.804897154431453,20.75455008216869,4.30770297452353,25.98205456617996,656.141722475864,34.77893239920562,1
2023-06-20 19:00:00,STATION-09,textile,7.490207596872586,21.656358268302817,6.421096998578437,31.957287738289565,477.522400129688,9.777848881902402,0
2023-06-20 20:00:00,STATION-02,food_processing,5.19113771988988,12.056843287277289,6.117903430085175,23.403219310532258,302.71772818459505,10.288946782511106,1
2023-06-20 21:00:00,STATION-04,food_processing,6.819390249235793,3.915746947766031,8.326505209462688,22.95458103783443,197.03305701713293,4.896797344771586,0
2023-06-20 22:00:00,STATION-03,food_processing,7.075268883081917,2.103205413391067,7.6134486236527925,23.093027939914702,170.69528492337406,4.123168477233572,0
2023-06-20 23:00:00,STATION-10,chemical,5.3534845300915235,8.24629792588913,6.790920631335915,27.82777734511809,253.90516597653445,12.887325475993192,0
2023-06-21 00:00:00,STATION-09,chemical,5.386583203514774,10.223354002469769,6.306863644411864,27.14426944786343,383.79913607366984,12.409365913735016,0
2023-06-21 01:00:00,STATION-06,textile,7.496554041993661,18.53715935637035,6.540479360854894,33.58608461489703,537.3894475058855,9.103704925341365,0
2023-06-21 02:00:00,STATION-05,food_processing,6.561384821490824,0.0,7.893243954589182,21.751393810398355,169.9178684802118,6.590149616409508,0
2023-06-21 03:00:00,STATION-06,textile,7.737723389011119,15.667373567408765,5.394338714187385,32.52700586978825,417.76211137035074,10.170202194938579,0
2023-06-21 04:00:00,STATION-09,chemical,5.71725530268918,5.720863833119727,5.972994343736363,28.424255057632077,250.55633991279666,14.785300160926468,0
2023-06-21 05:00:00,STATION-06,food_processing,7.076703595314564,0.0,6.91650470621182,24.3874427316296,209.4300450285167,4.267495748131199,0
2023-06-21 06:00:00,STATION-01,chemical,5.414926878330092,6.388679950300485,7.536031706981868,26.64435378771768,385.92416215488885,13.873723540324981,0
2023-06-21 07:00:00,STATION-09,chemical,4.730790322089712,17.461453887784792,5.090363355169471,25.246128324063147,362.66403689455603,33.48355513943935,1
2023-06-21 08:00:00,STATION-06,textile,7.333616099762088,23.734108876339207,5.598425012075125,33.73833344333178,451.9993680717718,10.11019644904717,0
2023-06-21 09:00:00,STATION-07,textile,7.289967475971782,20.474511544279927,6.231494236192278,32.56492958106915,459.02146960780857,10.159407725394447,0
2023-06-21 10:00:00,STATION-03,textile,7.450990899755417,17.87831113177222,6.165019967220667,32.88140326034016,452.87601481640843,9.661241537921894,0
2023-06-21 11:00:00,STATION-04,chemical,6.832940483475718,14.678747988943531,2.9033396157196165,26.693631571563433,509.7013600015379,30.384557614339386,1
2023-06-21 12:00:00,STATION-09,chemical,5.415471920689859,10.567196592001965,6.481737311391058,27.420817402761497,301.9464047592943,16.221481416637896,0
2023-06-21 13:00:00,STATION-04,chemical,5.294078159257134,11.467121972489094,6.427645072673508,27.167330945244423,297.3948517853332,15.50428638213724,0
2023-06-21 14:00:00,STATION-10,food_processing,6.55710373067144,2.9920316747639246,7.991453106684446,23.09707564643553,227.4971600425857,4.623836682855495,0
2023-06-21 15:00:00,STATION-09,food_processing,6.737928126441563,5.288724978099724,7.306312278074226,22.995379581326674,154.6875261133976,5.696657617754774,0
2023-06-21 16:00:00,STATION-09,food_processing,6.6412709274725845,6.528900416063859,7.719238609633346,24.589134601822103,135.10552358169906,5.3862300598356985,0
2023-06-21 17:00:00,STATION-02,food_processing,7.073654786878084,1.7181911863279176,7.831784970929579,23.611420460178095,105.9946196178724,1.866674511867866,0
2023-06-21 18:00:00,STATION-08,textile,7.342871334808421,22.713214352886077,6.044157665222197,32.53280441573999,552.7313185513506,10.955633515865916,0
2023-06-21 19:00:00,STATION-02,chemical,5.769590697169156,14.308882240549718,6.204977167697274,27.075887707611923,345.859491220943,16.465283705363582,0
2023-06-21 20:00:00,STATION-01,chemical,5.762175364396415,4.432709258156516,7.423782674270862,27.595152903874148,324.40636094361724,13.808898569113602,0
2023-06-21 21:00:00,STATION-06,textile,7.080761624612934,18.408304214852087,6.026237424528644,32.83799275484956,501.5146445317478,10.313096803440574,0
2023-06-21 22:00:00,STATION-06,textile,5.964249456250143,26.849196705750757,5.5693610858140765,33.489965057254814,853.7865851338329,28.6930539189291,1
2023-06-21 23:00:00,STATION-08,chemical,6.637781271512631,22.103659758236226,5.093959240667729,28.692956430752847,647.1966428227006,35.566594638434246,1
2023-06-22 00:00:00,STATION-09,food_processing,6.871502705099604,5.965275037476343,7.030137731659628,24.87397219999096,267.2749400221145,4.3076485274683645,0
2023-06-22 01:00:00,STATION-03,textile,7.001803681840934,24.005879901747416,2.6296832351137827,33.30452635109201,750.7238774349225,19.937224727919624,1
2023-06-22 02:00:00,STATION-05,food_processing,6.718683949328498,8.066680474483576,8.014547120510484,23.868899710023314,156.45764081637742,5.7763682810885815,0
2023-06-22 03:00:00,STATION-02,chemical,5.199764767917666,9.162229815934243,5.833602961182944,27.89191223202379,286.41416179807106,13.57263141757949,0
2023-06-22 04:00:00,STATION-03,chemical,5.4886233141786045,11.719014083479335,6.464484362281168,27.087106586561173,283.3368822407733,16.604022794111152,0
2023-06-22 05:00:00,STATION-03,food_processing,7.303751258177037,2.2211748707050334,6.963537032652503,22.970138957091358,163.4635841913465,2.813709180873213,0
2023-06-22 06:00:00,STATION-04,food_processing,6.9792235334241886,7.814300944015714,8.101727176455459,22.426928206506012,43.447755702968905,5.554485296669376,0
2023-06-22 07:00:00,STATION-03,textile,7.549882524926926,19.909358745865866,5.3976893331588816,31.70993952760309,551.5243268193383,9.890655992308904,0
2023-06-22 08:00:00,STATION-03,chemical,5.213621922265756,15.413173814716483,7.680815274153045,27.750533611372596,219.06405710153587,14.97321592573892,0
2023-06-22 09:00:00,STATION-07,chemical,5.951010716704187,13.223992258672414,6.649853567082911,26.47733869375603,240.03937484999398,14.89751005172318,0
2023-06-22 10:00:00,STATION-02,food_processing,7.263374644354018,8.163121879207205,6.790878719153441,22.3869082504803,133.73890422102937,5.386419890073996,0
2023-06-22 11:00:00,STATION-01,chemical,5.487206521733435,12.479303151761712,6.69925827289695,25.908833041513002,334.16927093672336,13.680350824607974,0
2023-06-22 12:00:00,STATION-07,textile,7.700646344383452,21.877160304307907,5.014523359951933,32.772325196794434,462.68219053553946,9.115227774713407,0
2023-06-22 13:00:00,STATION-04,chemical,5.024915093783049,10.774714154037605,5.570741498184699,27.61098793673049,640.6694982990634,34.277303330732195,1
2023-06-22 14:00:00,STATION-01,chemical,5.648677616177428,6.063650815757001,5.452559576085025,25.078650089866194,344.69333984197175,15.108018995782688,0
2023-06-22 15:00:00,STATION-09,food_processing,6.747247994745286,3.223247828652153,7.461744987814661,23.400260683507447,178.85366181962704,4.948641540339049,0
2023-06-22 16:00:00,STATION-01,food_processing,6.921507578295332,1.5875293583659444,7.485545579074465,22.667176439227994,123.81185950832776,6.011269848196067,0
2023-06-22 17:00:00,STATION-02,textile,7.571793461402615,20.658783589205367,5.916770745576386,34.43396688820295,499.0158766969762,13.246367363434631,0
2023-06-22 18:00:00,STATION-01,textile,7.301606529120102,17.82681166929293,6.5148110252385,33.32285142795425,403.7165687591744,9.650259712798135,0
2023-06-22 19:00:00,STATION-05,chemical,5.5864476010451805,4.549616301204866,6.971115278123001,25.481830212537538,174.18064036184518,14.401642643782758,0
2023-06-22 20:00:00,STATION-01,food_processing,6.174040661982284,6.934588190371868,6.1343387394007385,23.691190509530237,369.5430913501119,4.702603733023302,1
2023-06-22 21:00:00,STATION-02,chemical,5.4819994173294795,8.437514426933873,5.765920940986869,25.024886244994146,321.94285673790904,12.008453267041219,0
2023-06-22 22:00:00,STATION-04,food_processing,6.973131732639872,3.703693662699016,7.011121368206606,21.21479196614304,207.45380934913902,4.094372717355969,0
2023-06-22 23:00:00,STATION-04,food_processing,6.417192889629725,10.938102249764965,8.221551007251406,22.386911535513146,114.8414153233088,8.765951303445688,0
2023-06-23 00:00:00,STATION-06,chemical,5.321229273460507,14.375675684872572,6.472429819862895,27.400665399157507,244.00655064307432,13.515901176734404,0
2023-06-23 01:00:00,STATION-02,chemical,5.10412908911936,8.450519708953557,6.60997969648276,26.426101681011485,308.58688093023846,13.297781252420199,0
2023-06-23 02:00:00,STATION-05,chemical,5.406869385477802,12.936101150207957,6.393271185930144,26.762967118126106,314.60147904905733,16.867569960723994,0
2023-06-23 03:00:00,STATION-06,food_processing,7.2394472271803245,5.884978140878073,6.742326275512177,21.837838137974792,186.8225807289861,4.187167394918895,0
2023-06-23 04:00:00,STATION-03,textile,7.859482012077245,20.34464463622194,5.906292439914241,34.67795858145465,497.62279970953506,10.848458583714917,0
2023-06-23 05:00:00,STATION-10,food_processing,6.996340963462921,9.58424720323018,7.288670619445555,23.08974507114942,112.70605151433067,3.6225528113926266,0
2023-06-23 06:00:00,STATION-09,chemical,6.446137500488666,5.349806594826313,4.147936073202414,27.426552496759733,433.8025252050656,31.593876885183228,1
2023-06-23 07:00:00,STATION-02,food_processing,7.088157099890504,5.343645897720951,4.062567058118654,24.01925673759169,362.65058049685126,4.300457231500723,1
2023-06-23 08:00:00,STATION-10,chemical,5.299039707177023,18.207596513774586,6.837709113900664,28.29298153911131,359.20068591414287,16.48668415055863,0
2023-06-23 09:00:00,STATION-09,chemical,5.558038111974942,13.869784422286802,5.957436521879087,26.442901672755923,335.0494246640774,13.565346524207103,0
2023-06-23 10:00:00,STATION-04,chemical,5.355800885868232,7.322705235327758,6.57819879726433,26.50835762359149,254.15149287817042,14.74546058446286,0
2023-06-23 11:00:00,STATION-03,textile,7.62351163390728,15.060728695650626,6.585430311716993,33.546902897658356,477.5799316958699,9.559728508513953,0
2023-06-23 12:00:00,STATION-01,food_processing,6.827155477479095,5.730227507252473,9.238283677526553,22.867603128208774,132.55155044319534,4.352372854018207,0
2023-06-23 13:00:00,STATION-02,food_processing,7.034758662290538,10.834664218564848,7.670512723094657,23.09063371759055,136.61223809336468,2.102169736977622,0
2023-06-23 14:00:00,STATION-09,chemical,5.270424738110817,15.478176170722012,6.388575187761354,27.143910102763098,269.3535352315712,11.36508033655835,0
2023-06-23 15:00:00,STATION-08,food_processing,6.409833874033184,5.936744425151801,6.062231924380336,24.464469538758912,402.0906684299112,13.854250810854682,1
2023-06-23 16:00:00,STATION-10,textile,5.634538447797153,23.260334908991418,3.18580132797202,32.67612970476534,843.0486538255957,16.29475760184317,1
2023-06-23 17:00:00,STATION-08,chemical,5.564735199651857,13.956343975480475,6.78609851786172,27.474891838753578,324.03048709698595,15.59072449490658,0
2023-06-23 18:00:00,STATION-02,food_processing,6.740428980915467,1.1812954074832618,8.544936762624408,24.053496876561496,26.28921441522705,5.1188165907711385,0
2023-06-23 19:00:00,STATION-06,chemical,5.1189412416539755,11.54129645959327,5.320841765328638,27.42516056657833,278.8771677792584,18.054596066621105,0
2023-06-23 20:00:00,STATION-07,textile,7.4181503704201575,24.3770618545357,6.249101079349787,34.71323784784697,388.3723036665117,6.029633775904557,0
2023-06-23 21:00:00,STATION-09,chemical,5.435056737319442,8.170806021009476,6.33732310150487,27.44856647520178,317.73602080180376,13.759075859698486,0
2023-06-23 22:00:00,STATION-07,chemical,5.551194363764431,10.507424142190974,6.297572140176197,24.852168517912997,370.990519510525,15.731919720585516,0
2023-06-23 23:00:00,STATION-06,chemical,5.483384402246974,13.847883984247987,6.092238245052487,26.633787399728664,247.6900450335713,16.15776036643842,0
2023-06-24 00:00:00,STATION-08,chemical,5.11100050132346,11.251490851372747,7.276805151647248,25.876420686506215,264.56176684267183,13.769436089742692,0
2023-06-24 01:00:00,STATION-09,chemical,6.4035736574949595,22.96767032690472,3.7775454439236493,27.155545054267737,466.56581926423564,27.28783220448668,1
2023-06-24 02:00:00,STATION-08,chemical,7.086953661857031,22.508973275128824,5.175489872174417,27.788626661193504,615.3537643378127,29.27685914142617,1
2023-06-24 03:00:00,STATION-05,textile,6.084808478017118,47.76382167564243,5.153175522827837,31.55042906292564,916.3324204265144,19.622536349253682,1
2023-06-24 04:00:00,STATION-01,food_processing,6.378714318213965,2.8760929840329466,7.621923450106644,22.30259524901014,145.5232503688078,5.513192319247375,0
2023-06-24 05:00:00,STATION-06,chemical,5.454689547326331,3.3455734844472484,5.837256140879414,26.900377192739068,258.7452538545203,16.721880641799718,0
2023-06-24 06:00:00,STATION-02,textile,7.38438403355136,19.735184001384766,5.89349435274943,32.52061317241014,481.0080736638551,11.462050257683021,0
2023-06-24 07:00:00,STATION-05,textile,7.742015394603467,24.8601675605199,5.664508709268327,33.890793894675774,462.37416904037934,8.181750999004514,0
2023-06-24 08:00:00,STATION-10,textile,7.485747174964339,23.517058648889307,5.6883503635714865,33.56204414003444,496.56154680018034,9.480572885022688,0
2023-06-24 09:00:00,STATION-05,food_processing,6.708270094585223,6.584000124575043,7.947008794952818,21.662916733039474,83.85578438643286,6.5377028927383005,0
2023-06-24 10:00:00,STATION-08,food_processing,7.2544833939336755,4.933044164989869,7.642949248293315,22.71479330901112,152.71438771320936,6.214066709127532,0
2023-06-24 11:00:00,STATION-09,chemical,7.053430560735583,16.194310313942324,4.438879137637056,26.143699425772645,526.6895987795375,30.74495594889312,1
2023-06-24 12:00:00,STATION-05,textile,7.4147660200067875,23.685674333017985,6.0053240542225,33.161785718590856,544.6827492711479,11.120683806679706,0
2023-06-24 13:00:00,STATION-04,textile,7.786997113126,17.064869966354358,6.149231193928686,32.07789693772987,496.3952433609835,9.944591315573971,0
2023-06-24 14:00:00,STATION-08,chemical,6.06443453388293,25.988266217995328,4.4384014769520395,25.898950501692365,424.7388227868263,31.384358589725583,1
2023-06-24 15:00:00,STATION-06,food_processing,5.793844049369394,6.337730263226362,6.278243281731857,22.822718869323516,151.03093892901032,10.878347229413496,1
2023-06-24 16:00:00,STATION-01,chemical,5.4929123284044765,8.590750790605739,6.2484469610202185,26.46274423082244,271.8343325417139,15.518655278362983,0
2023-06-24 17:00:00,STATION-08,food_processing,7.013735121759025,10.10532511234863,7.310716267302315,22.728909280819735,152.64884536012107,3.6958965773245422,0
2023-06-24 18:00:00,STATION-02,food_processing,7.0666439655869535,8.524412666237057,6.831356195281357,24.11660097971316,181.60335897536123,3.2190926040686714,0
2023-06-24 19:00:00,STATION-08,textile,6.323011479854792,32.85254462375428,5.428014878437733,34.33625387638148,870.5839154103385,22.61039855633028,1
2023-06-24 20:00:00,STATION-02,food_processing,6.966084896181833,6.259275292244595,6.5011430787599505,23.389003178472592,205.3479690414116,5.735793222844135,0
2023-06-24 21:00:00,STATION-03,chemical,5.519913318541681,10.475202624270231,7.021875965004457,28.01598822068503,300.80740263479424,16.253196415036285,0
2023-06-24 22:00:00,STATION-07,textile,7.875728455847634,16.04944147142688,5.718010113692873,33.40476009717296,529.9002005821538,10.900412615005349,0
2023-06-24 23:00:00,STATION-10,food_processing,7.247975523266008,6.261702207729688,6.87296325296993,22.277823903707777,205.77382909014744,5.2634057073475295,0
2023-06-25 00:00:00,STATION-03,chemical,5.436561416157331,11.39722817109857,6.055457381812956,26.254117168625275,273.4810514226485,17.074166267467906,0
2023-06-25 01:00:00,STATION-06,chemical,5.612082511821461,0.0,7.132195474041552,26.763618984787854,257.38242562291356,16.207723553498262,0
2023-06-25 02:00:00,STATION-06,chemical,5.789384939250306,12.185316844344342,6.9889808613883355,28.539319311948574,371.50539722282355,15.73916985531232,0
2023-06-25 03:00:00,STATION-10,chemical,5.352532988383252,10.381600197239521,6.473466314209627,27.10770223162013,249.38890372274793,14.617270928394543,0
2023-06-25 04:00:00,STATION-02,textile,7.5873588348102246,20.256162426548624,6.074750086250047,32.24620814093181,505.76203676014745,7.648318490855566,0
2023-06-25 05:00:00,STATION-07,chemical,5.944535667897782,10.837999493353763,6.607618386451297,27.71860605977914,308.40931823454116,14.223432324268579,0
2023-06-25 06:00:00,STATION-08,food_processing,6.801293293994929,3.9973839348780063,7.176230199753524,21.81652409069453,135.10112801706904,2.636159122831699,0
2023-06-25 07:00:00,STATION-10,textile,7.673959830111983,18.659741813837222,6.2327728279943475,31.921664386924206,486.2925749938713,9.143068463861791,0
2023-06-25 08:00:00,STATION-05,food_processing,6.444673265645324,0.0,7.944009791501726,22.6297226956161,180.76309755526324,5.571776779700493,0
2023-06-25 09:00:00,STATION-07,food_processing,6.98715419193184,11.517867156186265,6.903033370077776,25.182077113722173,54.864818357897605,4.058892449942227,0
2023-06-25 10:00:00,STATION-08,textile,7.124836488677372,21.653855093302596,5.565017580734664,33.60155818327404,463.69255520489133,7.966961197082538,0
2023-06-25 11:00:00,STATION-10,food_processing,6.8293524807716866,7.707365535989896,7.219196689179275,25.148194115230368,38.47374163115684,4.774259768360918,0
2023-06-25 12:00:00,STATION-08,textile,7.6763757181732055,22.429882305363954,6.454916792336832,32.92640166262462,569.3020333853942,10.023999931880025,0
2023-06-25 13:00:00,STATION-05,food_processing,6.792640094944837,0.28391011658669907,8.085992044930425,23.275875312972328,130.8119881088481,4.612395689526197,0
2023-06-25 14:00:00,STATION-08,chemical,5.231922433813724,11.549275005875291,6.147356243319404,26.458382055734006,351.8800553368441,14.871685190936589,0
2023-06-25 15:00:00,STATION-02,chemical,5.774739675148934,12.589849636913073,6.943429827005153,25.46734581851638,252.69450954242052,15.297694012893622,0
2023-06-25 16:00:00,STATION-08,textile,7.867043503044105,18.11843036764493,6.8411680740719865,34.03428607525686,468.66865646850476,10.094929748019442,0
2023-06-25 17:00:00,STATION-04,textile,7.553814554552055,18.876017066006234,5.686351381519099,32.572217134013606,533.1119096143761,8.581821829081255,0
2023-06-25 18:00:00,STATION-03,food_processing,6.634848009279474,6.875094643656027,7.92935007515861,23.88020075115215,77.71079222123237,4.687323520178902,0
2023-06-25 19:00:00,STATION-02,chemical,5.681860192294143,2.1642455631474826,6.172025923720107,26.18674980799559,313.1885372799591,17.790757478336257,0
2023-06-25 20:00:00,STATION-01,food_processing,6.815812883756805,1.939006258371287,6.905732913449594,23.93965091816767,112.86250999212481,4.205388495252258,0
2023-06-25 21:00:00,STATION-08,chemical,5.468654615154852,6.972051091371231,6.148685814535185,27.383752384541115,271.7983593070891,14.023658993848597,0
2023-06-25 22:00:00,STATION-01,food_processing,7.073608876768368,8.357761756286004,7.846618369064435,23.67311278377386,158.99343120585047,3.2359060547320957,0
2023-06-25 23:00:00,STATION-07,chemical,6.903001193763792,19.7177541129314,4.827009630696898,26.82973177265165,546.1529462947739,40.89826674302075,1
2023-06-26 00:00:00,STATION-06,food_processing,6.930492174110487,3.6757351003994088,8.154591268110515,22.53779518577616,186.8055589242653,5.398169394447826,0
2023-06-26 01:00:00,STATION-05,chemical,6.568955175609511,10.868043300360025,4.365542599597259,26.918861410652184,346.4039071213458,29.221724761353116,1
2023-06-26 02:00:00,STATION-10,food_processing,6.447965098298984,6.516097783763191,6.79121106103636,23.36205592754096,169.6568469941021,4.504077971103271,0
2023-06-26 03:00:00,STATION-02,chemical,5.333039044298436,8.959153141928542,6.341612990415136,26.397496766014164,325.48043751308995,13.927137317852846,0
2023-06-26 04:00:00,STATION-09,food_processing,7.1189748548416425,3.966097684864309,7.233359350676098,24.60212614446298,165.83793069406244,5.3543019301761,0
2023-06-26 05:00:00,STATION-08,textile,7.421374097860651,20.207124488898213,5.713938759735795,32.7989956326084,505.65197613138633,10.5291149516502,0
2023-06-26 06:00:00,STATION-05,chemical,5.4990045576455024,7.801004131849924,7.022857010801166,26.24834134072742,280.38973645194005,14.137995968241812,0
2023-06-26 07:00:00,STATION-08,food_processing,6.635859322031841,2.850141500089814,8.486673754626995,23.62663896219566,161.3096534756696,6.739639415743924,0
2023-06-26 08:00:00,STATION-09,textile,7.553176516919792,17.222574920925304,6.169837541860367,33.030952806781244,551.2399682926285,9.656335485256575,0
2023-06-26 09:00:00,STATION-09,textile,7.620227438237334,18.635667091643942,6.93208121882407,34.54047382367585,546.9362350841826,9.344637730246259,0
2023-06-26 10:00:00,STATION-09,textile,8.553687180341631,40.16608856136387,4.782962188891572,34.21978352253522,744.9794250486261,23.24382553318642,1
2023-06-26 11:00:00,STATION-01,food_processing,7.131231584582604,10.37789288742454,7.663807662578566,24.643592931401713,104.54705511448671,5.600581222323094,0
2023-06-26 12:00:00,STATION-07,chemical,5.50091136498912,8.263433140634666,6.44654668729463,25.67831174664541,342.89856732646274,14.300631522983492,0
2023-06-26 13:00:00,STATION-07,chemical,6.409811527130775,16.44036698894637,4.72852710625741,26.28460654427613,692.1338421855174,26.643348693375195,1
2023-06-26 14:00:00,STATION-06,textile,7.512399058372259,18.824459416990926,6.100358531924036,33.36851554456578,530.2616163215777,11.338372380167755,0
2023-06-26 15:00:00,STATION-08,textile,7.812754358522335,22.181357811015097,5.784336733301718,31.744374501054768,536.3269351058046,11.899108534969121,0
2023-06-26 16:00:00,STATION-01,textile,7.855673766020666,20.68103921445548,6.177855431252068,32.793781131608355,495.3086064798303,10.806972586761491,0
2023-06-26 17:00:00,STATION-03,chemical,5.623447669932757,9.67724277814207,5.886278439023054,25.73561285140316,264.0676195975443,13.619182274262391,0
2023-06-26 18:00:00,STATION-05,food_processing,7.024865473928736,5.920109715767275,6.787285643913778,23.923860636581963,152.82052996586125,3.8980441492668554,0
2023-06-26 19:00:00,STATION-03,food_processing,7.063137448192764,5.723973645083954,7.375147609675513,22.93295260690178,123.28351050705515,6.255378953791267,0
2023-06-26 20:00:00,STATION-07,textile,7.4158622970740105,24.238190751729743,4.8058051573358345,31.70484269019419,647.4702651137127,22.84128905896849,1
2023-06-26 21:00:00,STATION-05,chemical,5.525606841527596,11.265476745976091,6.330072600347021,25.895594451876825,315.71292425466277,14.878699211343287,0
2023-06-26 22:00:00,STATION-07,food_processing,6.661349189269679,3.345844615203365,7.459163752562709,21.681815860388205,126.48037503091578,6.258892942815367,0
2023-06-26 23:00:00,STATION-02,textile,7.248262392729935,23.186909571033464,5.911754676617915,32.50706496908762,547.4731464980072,10.688795429743681,0
2023-06-27 00:00:00,STATION-08,food_processing,7.742391165965434,9.800549178778352,7.317222269412814,22.44988416663384,161.7539270659839,11.002887686911427,1
2023-06-27 01:00:00,STATION-09,food_processing,6.748242721688013,7.398310217497434,7.236864254114621,21.294801916732343,101.59921149539635,5.953993596440723,0
2023-06-27 02:00:00,STATION-09,food_processing,6.42057209562324,5.143630161768863,7.4510578394162215,22.456331267828393,133.48647026449464,4.209281289187709,0
2023-06-27 03:00:00,STATION-08,food_processing,6.6889750661809595,4.997213194071506,9.083420338338286,22.42719283321401,133.38315736265844,6.058220247281016,0
2023-06-27 04:00:00,STATION-09,textile,7.433132986025051,22.992645125344964,5.122655094537491,32.68996621589886,448.87370057795795,12.34355735180197,0
2023-06-27 05:00:00,STATION-09,chemical,5.198334576907548,4.365624586620983,6.5633763806920005,26.482887243147683,336.49883316762345,15.173707476468467,0
2023-06-27 06:00:00,STATION-07,chemical,5.802163150532752,12.537475884980307,6.131868134934592,26.855685930544478,376.08173984181417,15.497439069665576,0
2023-06-27 07:00:00,STATION-08,textile,7.771630657457206,21.217060793303876,5.910031868535411,34.57677107683773,459.0408566113963,10.386457012757377,0
2023-06-27 08:00:00,STATION-07,food_processing,6.476265488666061,7.6040430842258315,8.232868547183726,23.5440421202277,186.26582530922295,4.875831352160644,0
2023-06-27 09:00:00,STATION-06,food_processing,6.730800581019985,3.178771059435297,8.029299959363229,21.945555522649407,118.84337011971601,7.098217901525244,0
2023-06-27 10:00:00,STATION-06,textile,7.461237321593836,24.32929857284437,5.652573836538929,32.059971514847,422.64267667863055,8.302582718011752,0
2023-06-27 11:00:00,STATION-01,chemical,5.408386370377796,9.294650721062382,7.082983105484283,26.91456719166751,280.72919059270333,15.973085560747885,0
2023-06-27 12:00:00,STATION-01,food_processing,6.107938074291465,2.329560438455423,5.297573375536374,22.04744299105359,239.77725899955965,7.576495806166651,1
2023-06-27 13:00:00,STATION-06,chemical,5.121574882232481,4.9328110981433495,5.899945583690681,26.423179991542614,243.62093986680884,15.981870150087083,0
2023-06-27 14:00:00,STATION-10,textile,7.662379610296018,22.89731120390905,6.189662199935119,32.840730763609315,452.72603465563924,9.843145764284092,0
2023-06-27 15:00:00,STATION-06,chemical,5.74548613708367,12.866467623243109,6.732562755190672,28.510583385039062,316.75533372020436,16.236117931822484,0
2023-06-27 16:00:00,STATION-02,textile,7.4070683100539165,14.875188717924082,5.28464143010009,34.69884923311886,590.7581117650451,10.360450038040906,0
2023-06-27 17:00:00,STATION-06,textile,7.515664917430406,18.715640010037358,5.270931610546964,32.787301489508344,485.23472771122744,7.962816804964177,0
2023-06-27 18:00:00,STATION-07,textile,7.817823884042083,12.564552715183533,6.975333509086674,33.453301033087904,457.96533183752894,10.442100078937436,0
2023-06-27 19:00:00,STATION-01,textile,7.548179743231515,20.197028959311762,5.339181409321978,33.101828213251785,629.349137592718,10.072088210419682,0
2023-06-27 20:00:00,STATION-04,food_processing,7.168373381960094,7.605168909932572,7.222417033652244,23.051880729295032,170.11664261617491,3.3921130956662173,0
2023-06-27 21:00:00,STATION-04,chemical,5.213667141981071,9.243504078907147,7.50079008970137,24.663518224576165,365.5062721334544,17.37965881011946,0
2023-06-27 22:00:00,STATION-05,food_processing,7.129683283210237,4.140195335878045,8.269082478912107,22.69148566674132,201.5009282092925,8.154529901361762,0
2023-06-27 23:00:00,STATION-02,food_processing,6.665516413685807,1.0872008319405229,8.455444440275722,23.101145927612567,150.54723868834776,3.4184381155230357,0
2023-06-28 00:00:00,STATION-02,food_processing,6.704225559640313,11.204030109766586,6.834648564456621,24.002427426056997,161.75236914848333,4.023536741452103,0
2023-06-28 01:00:00,STATION-02,textile,7.207229035042813,17.378297008041503,6.295688954561672,32.24949570500558,497.6496548663229,10.089375299137048,0
2023-06-28 02:00:00,STATION-03,textile,7.7861411923688175,17.95597233850226,5.320397477480658,32.13145550931294,405.60054072865904,11.103520605561874,0
2023-06-28 03:00:00,STATION-09,chemical,5.709314059240282,12.418036078147978,7.013597031615417,27.90917293503094,296.5102305363423,14.819567627391095,0
2023-06-28 04:00:00,STATION-01,textile,7.585229776505902,18.780395770523256,5.855629182718748,32.02371632062851,489.13525005734454,10.83882075056973,0
2023-06-28 05:00:00,STATION-07,textile,7.278949303537565,19.554404256006165,6.157638600582786,31.625674322446475,446.55621278497694,8.371382078307306,0
2023-06-28 06:00:00,STATION-09,food_processing,5.7116122141504055,4.395667395149199,4.695332187013994,24.4626494521694,317.674924946847,18.67440439425821,1
2023-06-28 07:00:00,STATION-05,textile,7.468814196911698,18.25151657861072,6.084323928047245,34.67990845624203,527.8918015109193,11.528585151985217,0
2023-06-28 08:00:00,STATION-08,chemical,5.5405125288663415,5.755479854375581,5.412830078089157,26.56027290013943,250.208133728105,15.887782890926385,0
2023-06-28 09:00:00,STATION-01,food_processing,6.615402902962568,9.604237925819303,7.217286640576167,24.716406907720106,131.4104628002152,3.174913243578695,0
2023-06-28 10:00:00,STATION-07,textile,7.686813102672147,16.224634288823175,6.560254044009611,34.294700769830236,515.8945094729524,7.432793317945446,0
2023-06-28 11:00:00,STATION-07,food_processing,7.0221970864197605,4.982080137918033,7.156540996848307,22.655441109171,136.22534726765304,7.291415320684475,0
2023-06-28 12:00:00,STATION-10,textile,7.538850946080063,23.24829453245138,6.811472271837227,34.32353337240273,427.3246507426077,9.205765674202414,0
2023-06-28 13:00:00,STATION-08,chemical,5.514734463081421,10.555564328035898,6.685352150984686,28.15595900461921,243.6581325503381,14.26712044213846,0
2023-06-28 14:00:00,STATION-04,chemical,5.4018309482226385,8.386337230226882,6.014543693131213,27.36733351636195,342.5310275746665,13.830767716078517,0
2023-06-28 15:00:00,STATION-08,textile,7.425160206497463,24.11398287412645,5.934608260687085,33.189043299536145,466.5300286616699,8.940723468907777,0
2023-06-28 16:00:00,STATION-06,food_processing,6.965317572108315,4.4970312274434985,7.386134485646749,23.339064728752497,156.54771771866226,6.906132244764255,0
2023-06-28 17:00:00,STATION-10,chemical,7.143936934389084,23.449476018850955,5.282103775769351,26.227943318656127,466.3901356100311,34.295420025662466,1
2023-06-28 18:00:00,STATION-06,textile,7.400532763955748,19.048050619321568,5.876158789644575,30.782220409209977,531.1215674928906,9.882371338641368,0
2023-06-28 19:00:00,STATION-04,textile,7.477948227106585,25.022314319623003,6.373904942654585,33.27265171612899,460.68001049076616,8.676544728239554,0
2023-06-28 20:00:00,STATION-02,textile,7.3673041645133885,21.05454462580379,6.135598658164613,31.610537768838398,549.3484040363569,11.991354691311525,0
2023-06-28 21:00:00,STATION-04,food_processing,6.987280928889471,2.9975759873998804,7.451524518546827,22.733948447424073,177.3864503631982,2.4665666429923228,0
2023-06-28 22:00:00,STATION-05,textile,6.213866482034231,40.26557798676678,4.1371157131049205,31.215939349373567,922.2911807396649,20.157791200058035,1
2023-06-28 23:00:00,STATION-05,chemical,6.2951612067413505,21.630643755454933,5.4855691445155355,26.626008328307055,526.1952654570704,45.547403197513404,1
2023-06-29 00:00:00,STATION-07,food_processing,6.8471992187772175,9.717224452034902,7.151795055659879,22.808046220924577,71.23684737968719,5.175188349738275,0
2023-06-29 01:00:00,STATION-10,chemical,5.716401434316731,6.508593413927419,6.706953105714066,26.366377013527476,342.46530460954676,13.054136129666261,0
2023-06-29 02:00:00,STATION-02,food_processing,6.6426926800997625,5.4296801387246605,7.125013066193783,21.22794527205532,186.97151791017822,5.98604319920552,0
2023-06-29 03:00:00,STATION-10,food_processing,6.477130214460731,10.870782681040925,7.331853437222095,22.8924044650441,102.16031923232623,3.8442221951454685,0
2023-06-29 04:00:00,STATION-10,chemical,5.676668778400682,7.970211975341457,7.135788416866798,27.119084579745184,340.7344180375056,15.93162756013323,0
2023-06-29 05:00:00,STATION-05,textile,7.620133816632438,15.44399649470074,6.03522495571595,32.87180174502754,498.4437680757378,11.612055237470804,0
2023-06-29 06:00:00,STATION-10,chemical,5.710875281982039,16.31990375050104,6.215103595212501,26.424198813917442,306.8567237110751,15.802017170348158,0
2023-06-29 07:00:00,STATION-08,food_processing,6.586418604050397,3.375198393248118,5.083188965028011,23.896084072029605,246.5937828244456,14.17788656177351,1
2023-06-29 08:00:00,STATION-04,textile,7.455735637157934,24.104881464764766,5.46851167235324,34.1365374531011,436.80077310625285,9.553282028940808,0
2023-06-29 09:00:00,STATION-02,textile,9.062804069445061,44.54786986216279,4.018507438168177,33.2333223056483,911.2772455227398,15.137530480106726,1
2023-06-29 10:00:00,STATION-05,food_processing,6.950686824512063,5.3821480002087245,8.00679438277162,22.5516053417343,56.71598482609403,5.6923811980198415,0
2023-06-29 11:00:00,STATION-05,food_processing,6.85034687772422,4.9960766677078885,6.842520067551701,22.481712996368795,170.33858937959786,5.829215298267295,0
2023-06-29 12:00:00,STATION-09,textile,7.440919622385496,24.95962647025252,5.455464563115087,31.531286290038263,539.5060219644166,10.561036823812502,0
2023-06-29 13:00:00,STATION-04,textile,7.25768175029309,20.389679366336242,5.842655351358155,31.72939151053717,522.8915992480715,10.90752090887743,0
2023-06-29 14:00:00,STATION-07,textile,7.439294763088023,25.07392134860276,6.700215808305861,33.11051892966675,579.5079351765751,8.45867940840964,0
2023-06-29 15:00:00,STATION-10,textile,7.417111007556457,19.999423785896404,5.728404150675945,32.31807228744881,518.1930839039413,11.611160416029247,0
2023-06-29 16:00:00,STATION-08,food_processing,5.4165466340128745,7.324384158041703,4.04115533785992,21.644609453327845,193.0898592890771,8.217084827556459,1
2023-06-29 17:00:00,STATION-09,food_processing,6.375430287943639,0.47565088848549963,6.270217774588016,22.108283924625383,200.89442536603096,9.913032810114744,1
2023-06-29 18:00:00,STATION-01,chemical,6.120096127185257,14.431938548070011,5.082961376344876,27.462208447828644,543.2285571385999,32.30248837053595,1
2023-06-29 19:00:00,STATION-09,food_processing,6.696503068736374,0.0,8.573722583543962,24.03192148016479,199.56110940247288,9.717692172893614,0
2023-06-29 20:00:00,STATION-10,chemical,5.314317918011511,6.110222332389776,6.426774047405567,29.319448387769604,297.3651360121957,14.528503724455925,0
2023-06-29 21:00:00,STATION-04,textile,7.397407872307344,21.94549443459982,5.724844640333725,35.43831370218934,590.9226701778161,5.871054371676675,0
2023-06-29 22:00:00,STATION-08,food_processing,6.59740627682755,4.174290010916976,8.233853626565127,22.240909224327165,139.47052505390985,5.934330079496431,0
2023-06-29 23:00:00,STATION-09,textile,7.152276065632528,18.606723213430627,5.868224568978164,31.619865793919033,449.3903015349002,11.243781430609022,0
2023-06-30 00:00:00,STATION-07,food_processing,6.796230541038821,7.371631638445217,8.087456736199599,23.63566710587689,144.55839414634048,3.4096982759019925,0
2023-06-30 01:00:00,STATION-01,food_processing,6.915441779953534,2.625316725064702,8.526529290660134,21.99819510898802,161.63874958782947,5.242625316804123,0
2023-06-30 02:00:00,STATION-04,food_processing,6.626061122734292,3.6517411833118256,7.309143784856223,23.019624049343058,109.79130948967156,3.2646824072963687,0
2023-06-30 03:00:00,STATION-08,textile,7.313554191731024,16.154050829751867,6.513725842269083,32.234223428149235,512.90835842468,8.221419640881852,0
2023-06-30 04:00:00,STATION-04,chemical,5.433340047979891,8.119329465220275,5.952136987100975,28.018405081128293,318.6808330025949,17.208359642813104,0
2023-06-30 05:00:00,STATION-05,chemical,5.703064268337169,10.93915542704305,7.179801289262357,27.142959755535703,313.33404876948276,15.15931644675338,0
2023-06-30 06:00:00,STATION-07,textile,8.24383029613414,18.38201194515658,5.715216358598867,31.58228564971961,605.4007759449574,7.613736547704832,0
2023-06-30 07:00:00,STATION-02,textile,7.387446841697732,21.71106605895682,5.640516823439111,33.4418794378825,510.3794951396218,8.439854408845251,0
2023-06-30 08:00:00,STATION-04,food_processing,6.547565007685986,4.665591807287033,7.50046404718763,24.90675489775809,278.44006614579496,4.770777205209818,0
2023-06-30 09:00:00,STATION-05,textile,7.460313827615246,19.2768751112195,5.6406779010752,30.47941040245525,433.93491819263164,9.822434180795264,0
2023-06-30 10:00:00,STATION-03,textile,7.461551944846832,17.394026945499817,6.301204205095839,33.31829347193789,437.5469307455811,13.191438949901217,0
2023-06-30 11:00:00,STATION-10,textile,6.037334405113554,40.66233065799673,4.290265325211664,31.865504707382307,1096.4348761032652,33.46620483644079,1
2023-06-30 12:00:00,STATION-07,chemical,6.9609444720613345,13.283256923878435,5.6168550935235375,25.881489459353975,684.4414938677884,32.10114061955823,1
2023-06-30 13:00:00,STATION-02,chemical,5.360821101635073,7.926573705074963,6.772238885124198,27.955956871624107,316.6584455729312,14.62705468935201,0
2023-06-30 14:00:00,STATION-04,chemical,5.490054330145409,14.6356119175971,6.653265635869433,26.45045696443155,249.83251724033343,15.625548445098104,0
2023-06-30 15:00:00,STATION-04,chemical,5.1002532077573,9.800531147431073,6.508899466384819,26.835002233975075,285.2625129883045,12.232264784926134,0
2023-06-30 16:00:00,STATION-08,textile,7.222760975453621,18.17067181260128,5.970923377573634,32.064854230828956,460.117993860011,8.761461556416965,0
2023-06-30 17:00:00,STATION-09,textile,7.524631831749808,13.983936015883925,6.3124706503395265,30.43069461973287,577.2590517574275,8.306467694918432,0
2023-06-30 18:00:00,STATION-07,textile,9.32000017552668,40.770223461435435,4.996812645506307,33.268440131418366,931.1202744553468,10.755517981456698,1
2023-06-30 19:00:00,STATION-01,food_processing,6.589320016116434,3.9563369686287215,8.671776971731346,23.271562416725807,177.43148551114217,4.992140268940218,0
2023-06-30 20:00:00,STATION-03,chemical,5.573634197511968,6.691722449697299,6.830258038179535,26.99844457438138,251.9306294871932,14.289059546839011,0
2023-06-30 21:00:00,STATION-03,textile,7.393219737949536,21.46752234294702,6.0157105801481805,31.954122872250025,498.50480749195157,11.434225121086266,0
2023-06-30 22:00:00,STATION-05,chemical,4.594037198513072,31.427864361572873,5.246330631650817,26.208458295138804,536.4805613617209,38.14786226266215,1
2023-06-30 23:00:00,STATION-09,textile,7.24220461322222,17.232445493347356,5.45214790977631,31.885278149354054,561.0047875538875,10.222231075857868,0
2023-07-01 00:00:00,STATION-01,chemical,5.913763099685133,26.410718874649596,5.186290227156463,26.98893286679802,532.2582048545163,38.13417641136034,1
2023-07-01 01:00:00,STATION-08,food_processing,6.587916559674354,1.3347256254971676,6.881985290219235,21.672282108824604,128.9706464136063,4.784581127303315,0
2023-07-01 02:00:00,STATION-01,chemical,4.5417240822798925,31.272919581959506,4.978813062658979,27.97315098114067,410.4312666904724,37.1461483815401,1
2023-07-01 03:00:00,STATION-06,chemical,5.300552666395705,12.682616108972335,5.602681242572535,28.246637164531695,274.15710371465514,16.745869069256837,0
2023-07-01 04:00:00,STATION-05,food_processing,6.943099263728,2.094981660196486,7.783327239649002,24.637327624520626,128.69894792792374,4.405162867912351,0
2023-07-01 05:00:00,STATION-07,chemical,5.676351424072677,13.080637999530447,6.5047757130268,26.775843047515387,255.04029456120924,17.709667615636814,0
2023-07-01 06:00:00,STATION-02,textile,7.700707663957897,18.532959243249273,6.172586146933975,34.66544284854603,557.7288299453834,10.311596578825204,0
2023-07-01 07:00:00,STATION-03,textile,7.362551071992926,17.327205852877334,5.5083213138696046,32.8965672240518,508.2048715904214,13.88413990990582,0
2023-07-01 08:00:00,STATION-02,chemical,5.711422422442288,7.7333078199692675,6.062294110325502,28.023295960449516,339.22636726917483,13.178555595434911,0
2023-07-01 09:00:00,STATION-09,food_processing,6.843279886498493,2.7723416597782533,6.849989767365401,22.628507804495126,157.2744823416776,3.310608065382458,0
2023-07-01 10:00:00,STATION-09,chemical,5.584241823158015,6.908549687627666,6.336839633501316,26.015632500266097,325.6810587937232,16.5856729484271,0
2023-07-01 11:00:00,STATION-10,food_processing,6.711842261734093,4.488747107942179,7.436082727047151,21.627962420256946,228.3003346919765,4.289030899074826,0
2023-07-01 12:00:00,STATION-05,food_processing,6.818226235345243,4.498652589949011,7.280956512972695,21.281917659732457,134.7438048559366,7.62162662687796,0
2023-07-01 13:00:00,STATION-02,textile,7.196878054961485,19.805926775406405,6.2678122892043495,32.69062471899324,470.8652695039699,8.992334592348717,0
2023-07-01 14:00:00,STATION-10,chemical,5.344515341540057,11.401635349926941,5.906751730032786,27.044925647839214,315.3227785490909,14.862379883436102,0
2023-07-01 15:00:00,STATION-06,chemical,5.367440803504171,4.8544621186454915,6.268025989309739,25.929709124830396,298.67746850428847,17.048127511106504,0
2023-07-01 16:00:00,STATION-10,textile,7.4155949892833455,19.716346908669404,5.9495142945477575,34.94794205789298,513.6634771076228,10.809039605840788,0
2023-07-01 17:00:00,STATION-07,food_processing,6.890151677854844,6.372224371265994,6.635772557448245,22.952116185302444,154.67832632990803,3.710351685736069,0
2023-07-01 18:00:00,STATION-04,food_processing,6.604364639315074,6.1715731835162515,7.964008204957114,22.781409904550163,147.19527939797217,2.8622935235174314,0
2023-07-01 19:00:00,STATION-04,textile,7.524805872350337,18.104699269226703,6.808207968350942,31.069092479194587,409.91956553102654,8.966099894661278,0
2023-07-01 20:00:00,STATION-02,chemical,5.422937800542772,10.817953746833627,6.627954524425727,27.231325728897875,251.31813439288834,14.221798994466896,0
2023-07-01 21:00:00,STATION-04,chemical,5.533415138503244,8.250508251015107,6.6735246012121685,27.049557816156554,347.51738702137806,15.72488053221713,0
2023-07-01 22:00:00,STATION-08,textile,7.452891330874405,17.186062305749523,5.85093083953012,32.89717154565131,522.5399461049366,9.07391890565109,0
2023-07-01 23:00:00,STATION-05,textile,7.46171267748798,22.16833415738524,6.353282149169429,32.92459950273918,546.0022411421455,12.666708716672192,0
2023-07-02 00:00:00,STATION-01,food_processing,6.831834405288616,1.3558117020877885,7.299193095715544,24.376758703867694,61.70305531992027,4.933002100929564,0
2023-07-02 01:00:00,STATION-09,textile,7.4203297310747605,22.110810471058535,6.296266316340542,32.42369917519145,584.4889539621911,7.921066571138596,0
2023-07-02 02:00:00,STATION-02,textile,7.704680553405188,18.717940979796193,5.860940010751001,33.15620569456403,531.9460266943233,10.391958741462679,0
2023-07-02 03:00:00,STATION-09,textile,7.516121998637121,20.739221943474934,6.241895779194784,32.375653804819905,523.743422133105,11.750310752238107,0
2023-07-02 04:00:00,STATION-08,textile,7.468907313475804,21.444985267495188,6.307668570688064,33.75647002173839,492.70973726143455,8.482732456196427,0
2023-07-02 05:00:00,STATION-04,food_processing,6.789637983902512,2.8720516893119603,7.373107267063289,23.960889685306483,226.74459521224534,4.329493913787694,0
2023-07-02 06:00:00,STATION-03,textile,7.435104325250463,17.362093444990652,6.050136964453521,33.359450089554606,474.14568332153027,9.38465352125909,0
2023-07-02 07:00:00,STATION-08,textile,7.491093858494533,21.113192431728567,6.745454881935999,32.89249775600101,448.01119665243345,9.729727655094498,0
2023-07-02 08:00:00,STATION-06,food_processing,7.044641648673499,0.5152620006170245,6.862113430342554,21.43121967832882,190.6945028546241,4.837793478610172,0
2023-07-02 09:00:00,STATION-01,textile,6.106116392348693,34.592190647985234,4.58992532932727,33.27828867384121,693.9555150144356,24.527578419466973,1
2023-07-02 10:00:00,STATION-10,food_processing,6.6092644700565275,2.559834382155588,7.750392487398737,22.45927915073068,151.55464298275857,6.4334789524410505,0
2023-07-02 11:00:00,STATION-01,chemical,5.773575627715747,10.387869063028536,7.310740324063998,27.429467160293004,216.28663687630296,15.938267851751345,0
2023-07-02 12:00:00,STATION-04,food_processing,7.083864673848099,0.0,7.281812441979643,22.53554968304746,83.80866977387828,6.4142566175997064,0
2023-07-02 13:00:00,STATION-09,textile,7.695130759630453,18.724938983708718,5.952300164797037,33.90183237103627,534.1640000550852,10.40201327843553,0
2023-07-02 14:00:00,STATION-05,textile,7.81776986342992,22.460759752394182,6.092582977717007,31.814900485024292,570.2096846820815,10.366084213451153,0
2023-07-02 15:00:00,STATION-06,food_processing,6.890022823127984,5.000642365247023,6.4629596246920755,22.35123825235589,144.25330981231826,6.690162556588633,0
2023-07-02 16:00:00,STATION-02,food_processing,6.700904448924269,0.0,7.546988653213709,22.955071938802654,155.39908618987022,6.9845252961362645,0
2023-07-02 17:00:00,STATION-04,food_processing,6.889125780740095,5.283284671598451,8.38147948341084,22.985564521652883,94.4173230725361,5.1875187701631456,0
2023-07-02 18:00:00,STATION-07,textile,7.551368073283257,19.78832681416647,6.456962314449969,33.754171500638,524.2544845396611,9.575156887057728,0
2023-07-02 19:00:00,STATION-07,chemical,5.490039495101796,9.036766276067755,5.895846040539402,27.23777634632686,333.6185509835483,15.705632556664481,0
2023-07-02 20:00:00,STATION-05,textile,7.2367542090756505,19.30879942013828,5.801892253315939,34.41529900971846,422.9490051798678,9.894426694306372,0
2023-07-02 21:00:00,STATION-04,chemical,5.400050112040343,14.29118757267447,7.686860549550013,27.270521298929477,297.17849937241516,13.760385432281627,0
2023-07-02 22:00:00,STATION-04,textile,7.082925891758673,21.24094677745691,5.308132898975289,33.396404412516965,485.1983072854456,7.974747672154335,0
2023-07-02 23:00:00,STATION-08,chemical,5.724648098351843,9.941750744702562,6.0920770205935675,27.05625951453546,262.71053334634325,14.08072696863651,0
2023-07-03 00:00:00,STATION-06,food_processing,6.517299609726778,6.229450629391312,7.954899191531348,23.785930133097736,172.03036878107537,4.50221889444062,0
2023-07-03 01:00:00,STATION-07,food_processing,6.985063269365388,2.4433897792328234,8.176249565112185,22.4311110418597,168.01308701687168,3.6991635107354357,0
2023-07-03 02:00:00,STATION-05,chemical,5.481029008189795,10.753499757980357,6.490882861444442,27.598549243162402,257.04637073347044,12.843460391809048,0
2023-07-03 03:00:00,STATION-08,chemical,5.228440061652612,9.207880599169835,6.440425132964507,26.953462824620967,320.13279521045683,14.784888004958178,0
2023-07-03 04:00:00,STATION-07,textile,7.673958302708406,25.25990415647165,5.70728954385476,32.288503005395995,419.4334980006801,9.670943922891384,0
2023-07-03 05:00:00,STATION-07,textile,7.740332299810983,27.020026725396214,5.905555995747855,33.42562091378058,552.3150932852809,10.464465712286014,0
2023-07-03 06:00:00,STATION-03,chemical,5.6356044880792115,12.328979729929461,4.881632502268395,27.491776526334004,296.5661372125699,16.248844184362454,0
2023-07-03 07:00:00,STATION-05,food_processing,6.74331804504596,5.607737638904122,7.246238368704968,22.622114766193523,76.58676098291723,6.466210999942217,0
2023-07-03 08:00:00,STATION-02,food_processing,6.773858710718155,3.139677266941241,7.362160386162377,22.35268200221403,161.60896419128497,8.20830332705899,0
2023-07-03 09:00:00,STATION-07,textile,7.403677359612336,20.40267864592236,5.51100283384784,31.278201099426347,521.6990216216831,9.329495331254043,0
2023-07-03 10:00:00,STATION-09,food_processing,6.8720352614353635,4.511670530855818,7.169830704467055,22.929708600011995,140.40647979116596,5.492666360782743,0
2023-07-03 11:00:00,STATION-06,food_processing,6.995622147535753,0.0,7.435924502982321,22.40053256430058,101.11291384014959,6.705866998847617,0
2023-07-03 12:00:00,STATION-01,textile,7.5946645837866775,16.74350923464418,6.1052321314870746,33.79203083799449,434.47684060331244,10.395189109716638,0
2023-07-03 13:00:00,STATION-03,chemical,5.7101581637664935,10.693726481238553,6.616684011977889,26.338449160920472,296.21001939731156,14.455282513757014,0
2023-07-03 14:00:00,STATION-08,food_processing,6.691962376573689,16.807695721537325,6.531297157615323,23.30378024003452,244.4342597091035,9.029258868986846,1
2023-07-03 15:00:00,STATION-03,food_processing,7.187097507527036,7.3585128218943545,8.228934093859007,24.380066017198814,102.11864654625876,3.9441037989191967,0
2023-07-03 16:00:00,STATION-07,chemical,5.497935075156196,10.142018210395953,6.3154604127365195,28.516799336040172,447.9728859046542,14.220763961528355,0
2023-07-03 17:00:00,STATION-05,chemical,5.758449176630962,13.287963546735986,6.287162120633749,27.327325412308465,292.39506787810694,16.931140794506458,0
2023-07-03 18:00:00,STATION-10,textile,7.506561342186381,25.386462088930475,6.355654821999836,32.925504563630774,553.5322577207795,11.112584805418692,0
2023-07-03 19:00:00,STATION-02,chemical,5.502226465762523,12.413498829065544,6.69636286849811,28.284297563623774,222.96354899321472,16.710909298405415,0
2023-07-03 20:00:00,STATION-04,chemical,6.75865268454212,20.321586819164256,5.074073294841309,27.37813563217994,581.1007131560496,39.898090840181155,1
2023-07-03 21:00:00,STATION-03,food_processing,6.724399814030312,5.805196578865583,6.5397608657029895,22.43129068226482,168.52443935477987,5.532210397763249,0
2023-07-03 22:00:00,STATION-07,food_processing,6.574569018075517,3.4309471820873036,8.136761397152421,22.585692058944048,62.52843991757882,4.931913047759914,0
2023-07-03 23:00:00,STATION-08,textile,7.551731548361307,21.50936535952754,5.452676440338415,31.96836802938088,478.53844816708096,11.759691946717142,0
2023-07-04 00:00:00,STATION-03,textile,7.410085951957195,21.754119558182666,6.631629266783897,33.50773132390074,491.06637761498195,7.880802977132694,0
2023-07-04 01:00:00,STATION-03,textile,7.088152469899429,19.865834601616815,5.84602900187459,31.493698791090196,527.3116303889884,7.226374500143287,0
2023-07-04 02:00:00,STATION-10,food_processing,6.974453319607047,1.9896833781281322,6.541919324796326,23.987761836739782,221.67845265798033,4.516310112697983,0
2023-07-04 03:00:00,STATION-05,textile,8.355807882197789,35.09868830010261,4.773116016062197,31.503566066222533,751.7058745538599,15.76847182210012,1
2023-07-04 04:00:00,STATION-02,chemical,6.067161531046746,32.538829828601074,6.1935151224913705,28.99427484926177,407.2632017066467,28.856960053086297,1
2023-07-04 05:00:00,STATION-06,textile,7.374693053253464,18.228509605622186,6.9010344041335925,34.600046201862156,457.2257025511743,11.975338874484006,0
2023-07-04 06:00:00,STATION-07,chemical,5.810446550173299,6.754451494430599,6.5412046189856925,28.508255774867145,300.06243262784903,16.22763999015282,0
2023-07-04 07:00:00,STATION-10,textile,7.029124695609393,37.21272657881388,6.154614428342771,33.696837165452244,695.1746026426785,15.634496501158461,1
2023-07-04 08:00:00,STATION-01,chemical,5.631727050088812,14.633001431171465,6.165606132403362,26.978433184511587,249.57095275015155,13.986607194588702,0
2023-07-04 09:00:00,STATION-09,chemical,4.633711876709224,12.044678250651017,5.642037353353311,26.226108752413207,535.0974698293021,36.10302481325814,1
2023-07-04 10:00:00,STATION-10,food_processing,6.74913345599166,8.246711016035011,7.533692521094462,24.97837907591916,178.47485278328628,2.9378070839914274,0
2023-07-04 11:00:00,STATION-04,food_processing,6.989760682799126,8.705001101197748,6.841622461501708,22.673725129796193,144.37098667421293,4.03945685270829,0
2023-07-04 12:00:00,STATION-08,chemical,5.554295433687621,10.274211537108757,6.374975992554971,25.849140987685704,256.1840809726174,15.877649646770683,0
2023-07-04 13:00:00,STATION-05,chemical,4.405510326129906,15.23444777391583,4.798693291624716,26.89734317398917,506.7461170995696,27.173813919955563,1
2023-07-04 14:00:00,STATION-03,food_processing,6.617356064913844,0.0,6.883608935823924,21.555714420068682,67.62480854411189,5.331920143255721,0
2023-07-04 15:00:00,STATION-07,chemical,3.8475530972820526,17.09937524037849,4.927765884513375,29.162179278269843,799.7843740320878,41.30084727368361,1
2023-07-04 16:00:00,STATION-07,food_processing,7.132668126729905,5.382159653341732,7.455773922051315,23.676118417715013,201.20310024394345,4.215900062224405,0
2023-07-04 17:00:00,STATION-05,food_processing,6.959648782111778,8.80226808487592,8.70722363953902,24.05856445029162,65.73073757917408,6.361811610203893,0
2023-07-04 18:00:00,STATION-02,chemical,5.690270700603292,8.359519087437713,5.16498467174446,24.418790355239455,299.2802614549821,15.826556931527943,0
2023-07-04 19:00:00,STATION-03,textile,9.012528409844169,41.33228994996987,4.617360968806542,32.93689215744843,909.5718621709319,21.64145001234542,1
2023-07-04 20:00:00,STATION-02,food_processing,7.0851652922626105,5.084500820749923,7.877034049594255,22.10130911105024,222.93477302191627,2.9209517363222037,0
2023-07-04 21:00:00,STATION-09,chemical,5.472677078364491,10.673212026716508,6.145282558099203,28.274723798013486,294.218738368177,15.869507838254053,0
2023-07-04 22:00:00,STATION-08,textile,8.32437474102844,41.402674181047516,4.925809942560002,33.64616159027263,724.4442511045165,16.564810609176774,1
2023-07-04 23:00:00,STATION-08,food_processing,6.432007738727777,6.313820702930515,7.067147685033128,23.296155063309527,195.9153925552228,4.58474556384985,0
2023-07-05 00:00:00,STATION-04,chemical,5.50348802699497,9.98782149186841,5.857256259632677,27.134486676883597,278.494654296088,15.289329561515034,0
2023-07-05 01:00:00,STATION-04,food_processing,5.410987482975978,1.1159891561120385,5.6725715535777095,24.418602829452933,541.570709392852,18.190795324258332,1
2023-07-05 02:00:00,STATION-05,chemical,6.204729030069552,18.841280356622626,4.737623326047917,27.392034050275694,711.796835396697,29.177605439417036,1
2023-07-05 03:00:00,STATION-08,textile,7.55666388780231,15.791062828498863,5.902268766240488,32.949366460879745,438.1865578553637,13.3472591415868,0
2023-07-05 04:00:00,STATION-03,textile,7.265412482417119,20.030987349147704,5.374184095747061,32.44699633844842,440.4818501546294,11.098416182976882,0
2023-07-05 05:00:00,STATION-04,textile,7.545496853674389,22.001180884760792,5.6883374510137,31.32922616848871,513.717013579379,12.009335276056433,0
2023-07-05 06:00:00,STATION-04,food_processing,7.562540019142628,15.477133489883494,5.346328713414765,23.13628385403552,118.14950538187168,7.136361674753147,1
2023-07-05 07:00:00,STATION-04,textile,7.774364989991691,22.314674114863035,5.745902917558064,32.98824306240754,525.1495159148208,7.276467258107983,0
2023-07-05 08:00:00,STATION-03,textile,7.816729499621884,23.016334104826193,5.9680725648856265,33.73324494197945,476.9572020011747,7.94344683837012,0
2023-07-05 09:00:00,STATION-03,textile,7.640382247890143,22.87193697933889,5.9769707624839565,33.80155817425715,478.3557574704512,9.374193158107166,0
2023-07-05 10:00:00,STATION-05,chemical,6.189882659690523,27.85024636942596,4.982554900663107,27.30456317579029,781.1017029668783,42.56713761790428,1
2023-07-05 11:00:00,STATION-04,textile,7.553032859103336,20.334299188898573,5.801300026913433,31.238662998053403,472.8271708074083,9.83219701060258,0
2023-07-05 12:00:00,STATION-08,food_processing,8.462875955740627,5.676228104253591,4.656251680718514,23.09738328025693,185.55881215396187,8.098180422287122,1
2023-07-05 13:00:00,STATION-06,chemical,5.753403289884283,12.134015367502858,6.3909667187064265,25.82116205437311,322.9374268517531,14.341569232037282,0
2023-07-05 14:00:00,STATION-08,food_processing,6.99930001304581,2.6419408366303445,7.427206394347481,22.878585892202846,139.5947788079802,5.411955711106369,0
2023-07-05 15:00:00,STATION-01,chemical,5.631594256883533,14.28936955354637,6.976962712804894,27.45903826676709,269.84867356147043,16.218586238813373,0
2023-07-05 16:00:00,STATION-03,textile,8.441003477430277,33.579497640926014,4.651726591226614,33.83875799305412,799.5741290620609,15.84250136360227,1
2023-07-05 17:00:00,STATION-07,textile,7.166081363672674,17.945599676768758,5.987320496484315,31.98693420244834,526.9016288831903,9.58540352542418,0
2023-07-05 18:00:00,STATION-04,food_processing,7.011631740264972,4.4558017885618115,7.817624314152395,23.04625184075919,72.71928319060227,6.006049417264618,0
2023-07-05 19:00:00,STATION-07,food_processing,6.5598641005603735,8.11262117859783,7.116170354675272,23.0221900217966,170.5298985673095,4.375042406668805,0
2023-07-05 20:00:00,STATION-07,food_processing,6.627081372200376,0.7718225299195876,7.255672215444417,23.024438051171657,94.63853696762315,4.904145295920578,0
2023-07-05 21:00:00,STATION-10,food_processing,6.816683823514972,8.586994612686922,6.877278535362697,21.73068728391046,116.69513198041591,6.699305175607819,0
2023-07-05 22:00:00,STATION-02,textile,7.376959740717024,20.246794265803675,5.083353724729944,33.704043608786186,526.2665283882652,9.270295628998692,0
2023-07-05 23:00:00,STATION-09,chemical,5.2161561974429596,10.658287645872807,6.85447981030252,26.610888284421016,233.94336940116284,17.118920434499177,0
2023-07-06 00:00:00,STATION-01,chemical,5.7055129817072805,9.694593332642956,5.706388574036682,27.41412120764062,264.9219588519052,13.306142629178241,0
2023-07-06 01:00:00,STATION-04,textile,7.078844868349405,19.48835278142704,6.647193708554192,33.48880523932546,534.9348682345632,11.980597787793748,0
2023-07-06 02:00:00,STATION-06,textile,7.015290046186362,27.331016628834313,3.850274406803291,35.02029627916875,953.1739438092437,23.095168363057947,1
2023-07-06 03:00:00,STATION-10,food_processing,6.897125930446975,3.9883439983162363,8.004486871258989,23.67173270031767,150.71743707330126,6.251303487245311,0
2023-07-06 04:00:00,STATION-01,food_processing,6.382012944428963,5.646386732069956,7.046240044222065,21.901197411922713,67.73682864866993,2.6541084232081564,0
2023-07-06 05:00:00,STATION-05,chemical,5.5830138869097174,9.817416337222214,6.230795236751859,27.279780036647466,331.69528854194226,14.95669474280072,0
2023-07-06 06:00:00,STATION-10,food_processing,7.007569051163246,4.445404265965079,7.336471720586086,22.92366768730457,133.25809525370897,6.187850143571631,0
2023-07-06 07:00:00,STATION-05,textile,7.056745724355473,35.37963806629439,6.290918156164751,34.09689637471241,795.9482785538502,27.497242879631674,1
2023-07-06 08:00:00,STATION-06,textile,7.33206816180113,21.58989938367337,5.91901996814708,31.81056718280728,516.0004275882933,10.893539275869186,0
2023-07-06 09:00:00,STATION-09,chemical,5.560167495422648,12.626099877798756,7.120093048847427,29.42666125180168,261.28905438095984,14.114516843985298,0
2023-07-06 10:00:00,STATION-10,chemical,5.366008788578343,5.112609768159374,6.2908765443329715,25.77954611520962,289.6031281324832,14.918597007800205,0
2023-07-06 11:00:00,STATION-05,chemical,5.580308696598611,13.282370136105932,6.610981018990708,27.61178227541177,251.47561802097135,17.688259934243643,0
2023-07-06 12:00:00,STATION-09,chemical,5.5306689610362145,12.678738413634516,6.633659147443475,25.571334468882252,352.6994395925954,15.49704325211447,0
2023-07-06 13:00:00,STATION-06,textile,7.396387334596668,17.881775959151483,5.878338346026617,31.97190397094568,515.0629289617368,9.983442308079438,0
2023-07-06 14:00:00,STATION-03,textile,7.311472229215817,21.29978507668119,5.618749819263015,33.00030931516962,435.3386294723827,10.759663156063196,0
2023-07-06 15:00:00,STATION-06,chemical,5.5469419226624055,13.138834038153114,6.735175018356567,28.748175382348123,289.46464416435776,14.457472591604825,0
2023-07-06 16:00:00,STATION-09,food_processing,6.661838990015546,5.342724238780282,7.818639511241136,22.190366832233284,209.6665460647588,5.545447635144201,0
2023-07-06 17:00:00,STATION-03,textile,9.435805134877109,33.94127384279552,2.4280846146227373,33.03895177893839,771.7064985442893,22.200086395336672,1
2023-07-06 18:00:00,STATION-02,textile,7.515461505016131,14.384277516377091,6.340653230656133,31.9051954999525,507.00179315369905,8.778152878647841,0
2023-07-06 19:00:00,STATION-01,textile,7.625308396312807,25.261966723271698,6.40692758997135,32.46554537636552,519.2394823666436,11.533192252479038,0
2023-07-06 20:00:00,STATION-08,chemical,4.944873249893593,32.0760050968137,3.611344601401365,26.89347477076125,312.3797835190432,30.847644948247282,1
2023-07-06 21:00:00,STATION-06,textile,7.466146803631157,17.8422947068585,6.120985103929076,31.677979765021686,500.7823847101992,10.436956574244219,0
2023-07-06 22:00:00,STATION-05,textile,8.035042192598171,19.668817405881835,6.220459411464738,34.84219523795844,488.3878877554603,10.694993673117148,0
2023-07-06 23:00:00,STATION-10,textile,6.599498191894542,37.52174463949729,4.421252055363244,32.9534095267917,909.2356818789732,14.297349612967187,1
2023-07-07 00:00:00,STATION-09,textile,8.048595510614785,18.631567588254306,6.591790963422022,32.535262756316676,512.8346028957104,11.124512806635678,0
2023-07-07 01:00:00,STATION-07,textile,7.449993266219984,14.979014161590559,6.185369902947958,32.817984482938975,490.39588679527446,8.170043978113972,0
2023-07-07 02:00:00,STATION-06,chemical,5.280411290906875,9.11398467252751,6.927866902676061,26.110097787112874,301.67306901705257,16.164268544042912,0
2023-07-07 03:00:00,STATION-08,food_processing,8.195290128146572,10.230494716678672,5.233623053378755,23.75574123749287,352.7163280823844,14.99995763978864,1
2023-07-07 04:00:00,STATION-09,chemical,5.54203258917814,13.499201093347121,6.401662942956795,27.746853705296395,354.719644086506,17.060277982320777,0
2023-07-07 05:00:00,STATION-08,food_processing,6.559123331118687,4.099924361960754,6.2892478844068425,22.51514243203248,177.10330148134813,6.967945897358209,0
2023-07-07 06:00:00,STATION-04,chemical,5.453196698624894,18.18330367859018,7.33135285985636,26.701386086894097,334.9586042967564,14.495171310975612,0
2023-07-07 07:00:00,STATION-01,chemical,5.548732000412673,11.674665695335712,6.5641724792327185,28.128761223968645,347.0156215495182,16.223799569262344,0
2023-07-07 08:00:00,STATION-03,chemical,5.304112531411423,2.4125478829481057,6.728283860330296,27.05845330448287,336.5759959348713,13.704041652782829,0
2023-07-07 09:00:00,STATION-08,chemical,5.587981784561686,12.21274482946093,6.174289790550336,25.897573436764088,283.1852592786417,14.998933688487188,0
2023-07-07 10:00:00,STATION-03,textile,7.500619645654622,14.942351496739096,5.744274600764028,32.283079854944134,508.01577841215703,10.261188664144218,0
2023-07-07 11:00:00,STATION-08,food_processing,6.898012803349541,3.662670761330853,7.061214381656061,22.154987372244292,97.78300300374116,4.157652347912936,0
2023-07-07 12:00:00,STATION-02,textile,7.349006022953601,20.627383332419388,6.002606673486759,34.048011129352794,496.58779091976743,8.633894145825208,0
2023-07-07 13:00:00,STATION-01,textile,7.320219558316892,19.56220849656806,6.298220647754929,31.990422324446058,561.2020798974801,11.479375868927674,0
2023-07-07 14:00:00,STATION-06,textile,7.476700239556025,21.568236695141366,6.091970621694747,31.630212151448024,418.0224924992949,11.561247219768665,0
2023-07-07 15:00:00,STATION-09,food_processing,6.514820196251434,4.647182844929663,6.5101742762385015,23.069327229046515,121.66944612397076,6.19045355439073,0
2023-07-07 16:00:00,STATION-08,textile,8.554183678083646,22.568637847505265,4.421939396997456,32.87012629592563,1006.6075996277551,24.838863102065904,1
2023-07-07 17:00:00,STATION-02,textile,7.281842693595448,20.432324478798865,5.252415498194938,33.42562869892359,457.4270273796943,7.168157756785005,0
2023-07-07 18:00:00,STATION-03,food_processing,7.056124240879991,3.3833524597923734,6.4657665350013795,23.218751332419263,172.91867748330301,5.0191151874596835,0
2023-07-07 19:00:00,STATION-06,chemical,5.416238954532318,16.609495583597372,5.756733623963854,26.450313086240236,394.3239835393398,30.09272128769951,1
2023-07-07 20:00:00,STATION-04,chemical,5.461938779156951,11.529049864589084,6.569277929022986,27.45527765571365,315.4297583804925,15.07084085252527,0
2023-07-07 21:00:00,STATION-03,textile,7.2786654230429715,18.542477954096675,6.541173021888019,34.34970561122066,544.1870422494932,10.658796597676155,0
2023-07-07 22:00:00,STATION-09,chemical,5.462520156072243,7.821307481327006,6.702486903798779,28.55472039461673,253.3769837856273,16.322537833979965,0
2023-07-07 23:00:00,STATION-10,textile,8.329171176579413,69.88058261212754,3.997957366131119,32.94858784626019,937.0186672347822,14.235650374169284,1
2023-07-08 00:00:00,STATION-10,food_processing,6.770395839121625,2.5992055288798754,6.799456710501282,22.364892462468983,183.6033343092355,4.004999498844908,0
2023-07-08 01:00:00,STATION-10,chemical,6.37802103759581,13.334354789198372,4.757936633268708,26.202849857396775,544.2031750355129,25.989806589513925,1
2023-07-08 02:00:00,STATION-09,chemical,5.536041217138989,16.156990468321133,7.068433218321868,27.574787686533362,317.4382006796397,15.507053840573292,0
2023-07-08 03:00:00,STATION-03,food_processing,6.439348724496324,6.985515111425803,7.816814449136255,22.449458716209335,180.80729978486397,4.447576394712038,0
2023-07-08 04:00:00,STATION-02,textile,7.664836807957683,20.913267395754353,7.040525381571812,33.55104358238232,485.42677366504864,6.659569391265055,0
2023-07-08 05:00:00,STATION-08,chemical,5.137092141772708,6.327802056544237,6.965427723710427,26.187341148025688,338.92574024683756,14.04846019780993,0
2023-07-08 06:00:00,STATION-02,food_processing,6.686924066467345,11.583235467485075,7.792640617949802,24.22623138662878,179.13980369585047,5.110325814867986,0
2023-07-08 07:00:00,STATION-01,textile,7.299408680209453,15.325368055710046,6.457069485964406,32.583425777464456,529.0560584256478,12.521368919928284,0
2023-07-08 08:00:00,STATION-02,textile,7.448260210319705,21.09344704285463,5.588758184755642,34.14240731257861,489.7532183637619,8.018668780510065,0
2023-07-08 09:00:00,STATION-06,textile,7.262319373949454,20.97462836290963,6.130331029936662,32.12087906995528,481.7886398778272,11.195251864931022,0
2023-07-08 10:00:00,STATION-02,food_processing,6.652789252374528,10.130717599448776,7.9422711883326915,24.334289457841226,121.9273817735999,3.870047079996317,0
2023-07-08 11:00:00,STATION-03,textile,7.373164869849829,20.35510450417629,6.074159785458884,31.298913832708408,516.7111023632565,10.161556529488823,0
2023-07-08 12:00:00,STATION-02,chemical,5.460522723862665,8.03138842155136,6.655744649195993,28.50775150794567,403.84863338759965,15.442264095796588,0
2023-07-08 13:00:00,STATION-08,textile,7.3270929369793425,18.435796920667187,5.479669629575378,31.884405770429304,497.5168842813362,9.500268263490046,0
2023-07-08 14:00:00,STATION-05,textile,7.4807121916607695,21.94299432239447,6.686613986966449,32.8501811911704,512.0020693804462,10.5144142603757,0
2023-07-08 15:00:00,STATION-01,food_processing,6.9479922587534535,2.3735025823994036,7.596567104409853,22.008467426959296,227.07625243047363,3.7332253909359876,0
2023-07-08 16:00:00,STATION-01,textile,7.3036820558488245,19.830260542916697,5.854896897450587,32.96246706342606,527.75834730266,12.28316990659788,0
2023-07-08 17:00:00,STATION-10,food_processing,6.6685812179225055,1.617898786205791,6.880538714304436,22.246996184210165,198.60149060686635,4.010356094125698,0
2023-07-08 18:00:00,STATION-06,textile,7.677680471735613,19.028619073369747,5.387084669339345,32.177202140315956,517.0723548712334,10.463969159378998,0
2023-07-08 19:00:00,STATION-10,food_processing,6.999730595319141,7.765504802937615,7.424894207581129,23.014571539634666,29.733607361514245,4.682423210455848,0
2023-07-08 20:00:00,STATION-04,chemical,5.716524883891356,10.089446060759824,6.206365687692773,27.13226077600629,378.0463256362232,14.769750515049486,0
2023-07-08 21:00:00,STATION-05,chemical,5.196717867849154,11.81022557926179,6.5676104625172025,26.323755675458944,260.9102729925806,12.289202876973208,0
2023-07-08 22:00:00,STATION-01,textile,7.6589846418415,16.755622789366114,5.816492650268781,31.76967512300712,479.9262314903495,9.426535179551522,0
2023-07-08 23:00:00,STATION-02,food_processing,7.0228267882825515,4.438428042895099,7.215678216137042,24.165997579102932,61.599005376654134,5.239447276507785,0
2023-07-09 00:00:00,STATION-10,food_processing,7.043667745238835,7.241257980582729,7.258743544957534,22.148988537189087,116.22587676088811,4.698918803561125,0
2023-07-09 01:00:00,STATION-02,textile,7.564441452739636,22.36817026369376,6.322386434533373,33.27763396965101,391.1589929333736,9.859331116977609,0
2023-07-09 02:00:00,STATION-05,textile,6.830189541147728,46.515286093726786,5.30417350856079,34.01474077606761,833.6346270638211,13.414638996861305,1
2023-07-09 03:00:00,STATION-04,chemical,5.364028843327116,13.444275817892738,5.8358017585584445,26.85590206654514,221.02192147401445,14.28629177032738,0
2023-07-09 04:00:00,STATION-02,textile,7.707643791484443,16.17426359789567,6.417048652475313,34.27052752638247,637.733778993952,9.559167890707338,0
2023-07-09 05:00:00,STATION-04,chemical,4.605634563576397,13.39749055298547,4.315059226078137,25.797096106869184,373.9032680268496,25.9684340311736,1
2023-07-09 06:00:00,STATION-07,chemical,5.489309337341723,7.563921229807576,6.754489940014558,27.522221079984842,204.91307367336248,14.028293448170706,0
2023-07-09 07:00:00,STATION-05,textile,7.432521017962235,18.217106663004287,5.910975926975912,33.131821727813076,443.4138550472628,10.399127218341116,0
2023-07-09 08:00:00,STATION-03,food_processing,6.8374937934410145,2.5873748369466982,7.435558124800305,22.92154416888881,67.4292218827962,7.224709769620806,0
2023-07-09 09:00:00,STATION-05,chemical,5.503469278167438,8.265430470916844,7.748013973645888,26.982515358504983,301.91082958333203,14.763958283268725,0
2023-07-09 10:00:00,STATION-07,textile,7.677021359562297,21.337440353379737,6.4511669647425185,31.86057925088729,494.80460728909304,9.814801819356354,0
2023-07-09 11:00:00,STATION-05,food_processing,6.722563948794362,1.5708401522066167,8.22654296665223,20.67226322409433,199.13832364341624,3.9763896071313036,0
2023-07-09 12:00:00,STATION-10,food_processing,6.63655124794398,2.6010591954796367,7.230501549009973,23.15371046811196,198.15196956891472,5.550190917269132,0
2023-07-09 13:00:00,STATION-06,chemical,5.456590399764591,12.763881138792144,6.963543659502989,28.509480198314606,331.413521823432,12.816507153529797,0
2023-07-09 14:00:00,STATION-02,food_processing,6.907192854085512,4.07608019917124,8.953255034969255,21.92919772274198,256.4474320550298,3.670770525062803,0
2023-07-09 15:00:00,STATION-09,textile,7.355535053847628,24.49097149107416,5.744182357728136,32.33773304852296,477.15996058615053,11.073685884326085,0
2023-07-09 16:00:00,STATION-08,chemical,5.228321953110135,11.638174469182722,6.635997352106828,25.61103390109364,356.8475037362768,13.235990287371186,0
2023-07-09 17:00:00,STATION-07,textile,7.591144303539961,17.601706650924953,6.506375735581356,31.483087208124235,472.3526273477123,8.691955256488031,0
2023-07-09 18:00:00,STATION-05,textile,7.46211590724233,16.369986808220887,5.905942003412847,32.74990945967012,558.1185974604492,11.027403640330618,0
2023-07-09 19:00:00,STATION-10,food_processing,6.866201249626345,4.703617553290677,7.1052091202240035,21.6433613116163,187.7902218607569,4.714832574211122,0
2023-07-09 20:00:00,STATION-02,textile,7.235784137503666,26.16419405902518,5.974054009988953,35.52287556959717,477.16010522657825,7.378135275381963,0
2023-07-09 21:00:00,STATION-06,textile,7.575172043177648,23.221336338098517,6.428506529206992,31.605147561331467,547.0166467853295,9.879607045199787,0
2023-07-09 22:00:00,STATION-03,food_processing,6.915250614315402,2.572326681804393,7.151734285596872,24.604346320701584,179.44150354932967,4.200318961951468,0
2023-07-09 23:00:00,STATION-07,textile,7.333425232695501,16.725006441874736,5.988104224133839,33.15510595928459,538.188743093627,8.120318658378615,0
2023-07-10 00:00:00,STATION-01,chemical,6.130866789722246,12.796837680529691,7.313939305459937,24.924022884232464,304.6184923298504,16.676695116384703,0
2023-07-10 01:00:00,STATION-06,food_processing,7.069808529991001,7.6474935819662955,6.880613884818319,24.355791407955195,137.12651957120391,5.922780158920368,0
2023-07-10 02:00:00,STATION-04,textile,7.207595830224761,24.622870194080313,6.2276085751993415,33.804344251746784,509.0944658800473,9.20334589746576,0
2023-07-10 03:00:00,STATION-03,food_processing,6.69515141932567,8.030973717253254,7.6187726965116775,22.916438606851713,185.35265499910417,3.749616832945974,0
2023-07-10 04:00:00,STATION-09,textile,7.590928502426069,20.5018491184888,5.526278070715042,34.40871646528031,488.71915047240105,11.23541440409482,0
2023-07-10 05:00:00,STATION-09,food_processing,7.0902055926470275,5.677994696252387,7.435422539695915,23.67767273446395,231.21562709593667,4.310119414227624,0
2023-07-10 06:00:00,STATION-05,chemical,5.492868053792399,5.653990796999435,5.869398948058475,27.39559421302164,308.94222309419575,14.662396875163834,0
2023-07-10 07:00:00,STATION-07,textile,7.688277850570951,18.955065781955625,5.895011891377464,33.18442342112453,512.1953402712388,10.13940866265586,0
2023-07-10 08:00:00,STATION-08,chemical,5.497745209421516,7.550299204405252,7.0324379814366464,28.06439355061518,371.9482837437103,15.377493474143055,0
2023-07-10 09:00:00,STATION-03,textile,7.478417786062213,21.35628096178192,4.8825221008415,33.400889081082674,537.9743393900361,10.42605375318854,0
2023-07-10 10:00:00,STATION-05,chemical,5.311075571908606,8.383252542283298,5.542377124757349,28.2248049386753,268.97313920030194,14.953540871332185,0
2023-07-10 11:00:00,STATION-09,chemical,5.173710418925136,8.441607589409397,6.885080112341001,27.33452633278795,438.8887472670227,13.530677247813953,0
2023-07-10 12:00:00,STATION-05,textile,7.364180039474095,15.9619865686474,6.548359650653431,31.967889193846577,513.670482731355,10.987087121135119,0
2023-07-10 13:00:00,STATION-01,food_processing,6.984077424408638,5.46107669096683,7.4214198720184426,21.31511382689226,70.81000027683127,3.857563264180622,0
2023-07-10 14:00:00,STATION-02,food_processing,6.669596132687263,7.107379942496039,7.490876570257262,21.789716024141814,105.80284872777311,5.649169173024639,0
2023-07-10 15:00:00,STATION-09,chemical,5.07258711518239,5.001774349127572,6.53809785453774,26.335227359111556,227.02823683310967,15.109890267530487,0
2023-07-10 16:00:00,STATION-09,chemical,5.504913878637227,8.323606932003928,6.630974270945904,27.66861563060802,269.0354688659957,12.172736468087324,0
2023-07-10 17:00:00,STATION-07,textile,6.654239558899746,47.982196236153825,3.577566516264258,33.24407245352397,945.8284925935359,18.64198906380951,1
2023-07-10 18:00:00,STATION-08,chemical,6.203030720306311,26.32823828395029,4.956403541570058,27.46794574293885,407.93184051595557,30.74419491652071,1
2023-07-10 19:00:00,STATION-10,food_processing,6.711269113940764,5.758975765993638,8.145930253727114,24.676674527468553,107.80999359413799,3.2777700834902053,0
2023-07-10 20:00:00,STATION-06,textile,7.654287379826187,22.932104863571585,5.316601433702745,33.03770444873504,536.2414880923982,5.553150422774548,0
2023-07-10 21:00:00,STATION-10,textile,7.623743683377447,19.972576118388442,7.19767221705281,31.525148130590598,448.8702049031382,11.823654281729425,0
2023-07-10 22:00:00,STATION-09,chemical,5.4300384662188,7.77143425270696,6.783755275575884,26.69778361387311,327.1804510866052,15.425223261849201,0
2023-07-10 23:00:00,STATION-02,chemical,5.567394185175238,9.978311698764157,6.394166804555563,26.509556335488245,196.8119801335395,15.908763122973095,0
2023-07-11 00:00:00,STATION-08,food_processing,6.788436807331432,0.0,7.726528966619751,23.59549854787199,151.65651390169054,3.8265873785702875,0
2023-07-11 01:00:00,STATION-03,chemical,5.405938280166783,13.075957146763404,7.119518296302196,25.55060295966497,396.12917852760944,13.018039681303929,0
2023-07-11 02:00:00,STATION-01,textile,7.587216751473534,20.14722966761514,6.30941397178673,33.789269217889974,606.9996525413897,10.85965865868097,0
2023-07-11 03:00:00,STATION-07,chemical,5.539614939271437,10.739266463598032,6.408501038897822,27.02400677739879,357.19913776428996,14.776362181481648,0
2023-07-11 04:00:00,STATION-05,food_processing,6.795292001968421,5.740919273551715,7.5997964846161,25.165934939054,206.49967758865387,5.432955752291017,0
2023-07-11 05:00:00,STATION-10,textile,7.899153857170076,23.745700371752612,6.42103050053232,33.46070871290482,470.2109293937233,12.044419094757753,0
2023-07-11 06:00:00,STATION-08,food_processing,6.572309043597034,9.405089758160043,7.717213336077637,22.257970324438883,190.23926521387898,6.419912873503682,0
2023-07-11 07:00:00,STATION-08,food_processing,6.376590038650705,3.7233804594657,7.479919926182092,23.5687594216993,161.28823562530368,5.4720153279325965,0
2023-07-11 08:00:00,STATION-05,food_processing,6.6508099302333035,1.534379406775221,6.991054341514222,21.92439011602658,78.2458272375108,2.827498238418215,0
2023-07-11 09:00:00,STATION-03,textile,7.1273650384754355,16.660332227105467,6.729541326987961,32.09950339895173,506.64571944934113,9.398120437922762,0
2023-07-11 10:00:00,STATION-03,chemical,5.516995141973338,14.723857803072729,6.0122395624970855,27.568696811744324,351.7573078051715,14.642086314561826,0
2023-07-11 11:00:00,STATION-10,chemical,5.350034758588294,8.691881445301469,5.5496177006866025,26.981643536710965,317.3324593929616,13.97088797244967,0
2023-07-11 12:00:00,STATION-02,textile,8.576713846181047,29.731239786933745,4.330681016901533,31.5022931588898,724.0288620444254,19.825088533932053,1
2023-07-11 13:00:00,STATION-09,textile,7.7196122951491875,23.402744223380672,5.747447103633694,33.42647225256619,524.9973749886734,6.3282566113448,0
2023-07-11 14:00:00,STATION-01,chemical,5.408896355011027,5.643129010672426,7.599561902672471,26.694101017127643,297.8741704607316,14.917885527023524,0
2023-07-11 15:00:00,STATION-02,textile,7.506801117616459,16.693356194625938,5.948724890816655,32.66679250728549,545.3401171893397,11.416396244948261,0
2023-07-11 16:00:00,STATION-03,chemical,5.723045617381849,14.680399721676777,6.162504345005955,26.516925928319758,271.0341999835609,17.101673243288833,0
2023-07-11 17:00:00,STATION-08,food_processing,6.56064043821959,2.856985693950587,7.030888731390861,23.718520585314238,194.21801525623167,3.2894955431673756,0
2023-07-11 18:00:00,STATION-07,textile,7.461226657541373,18.627716981164546,6.621976754781623,32.518318768653415,474.4090022413042,6.190400243354584,0
2023-07-11 19:00:00,STATION-10,food_processing,6.577103961752325,13.663737486190714,7.4453113598958724,24.376225085679412,212.188910985983,7.319090321324554,0
2023-07-11 20:00:00,STATION-08,food_processing,6.640654505732491,5.005232171226186,7.40679910809673,21.28705857827421,85.4582132859251,6.233629842910414,0
2023-07-11 21:00:00,STATION-10,textile,7.315500848348695,20.575817653943844,5.639836390709078,32.35638817915913,499.6741292764958,8.488957561771528,0
2023-07-11 22:00:00,STATION-06,food_processing,6.848142668075286,5.484550875605802,7.967084140428675,23.503138540912456,77.55949871252989,4.652946115513581,0
2023-07-11 23:00:00,STATION-07,food_processing,6.817521662226323,4.9252651397977285,7.92420651484748,21.694860506260948,190.92549143393256,4.611718958042076,0
2023-07-12 00:00:00,STATION-02,textile,7.640634141294021,18.886372362307828,6.058601395442602,32.60362219401484,493.3906875917622,10.759957423811816,0
2023-07-12 01:00:00,STATION-03,chemical,7.077637325148413,20.840454841550176,5.555230318558501,27.810216375689652,462.16077061553153,26.439936726767996,1
2023-07-12 02:00:00,STATION-04,chemical,5.412399471058992,15.749128275504816,5.5691121549062546,28.699044986685262,310.79792347982897,15.091929461300793,0
2023-07-12 03:00:00,STATION-01,chemical,5.258824003324164,10.07433152531616,6.619160030268309,27.000169316377523,344.78223091066053,14.443682224216257,0
2023-07-12 04:00:00,STATION-04,food_processing,6.7650616121742635,5.09682675486,7.08494096998116,22.874130596924008,72.65016660275126,4.903582524394296,0
2023-07-12 05:00:00,STATION-04,chemical,5.580548264105042,12.078165949044777,6.472772126898597,26.00574833718713,300.74789800297,13.594197672939954,0
2023-07-12 06:00:00,STATION-03,textile,6.480379663267096,31.356884603770705,3.5839719656935416,32.59331113019117,1182.7664491762873,25.426614450246646,1
2023-07-12 07:00:00,STATION-04,food_processing,6.74906429554913,6.190805028928155,7.513860732879325,23.76069668868016,127.9705945789202,4.502477711762363,0
2023-07-12 08:00:00,STATION-09,textile,9.15277276215696,29.733241284789127,5.212168285342656,33.94695310023942,846.7621141166034,23.361087833196507,1
2023-07-12 09:00:00,STATION-02,chemical,6.916986386757135,10.29474173285187,5.017007610639405,25.878828460181072,638.4115412232327,47.016837432292405,1
2023-07-12 10:00:00,STATION-08,textile,7.196885162234123,15.981265214384736,6.770346681187766,32.63946471783862,465.8654137389764,10.981099519168676,0
2023-07-12 11:00:00,STATION-08,chemical,5.3029843432939545,8.627684627058098,6.30517342954886,27.702204403315143,235.1165857931872,14.136364247301046,0
2023-07-12 12:00:00,STATION-01,textile,7.477165189506108,21.715391292282312,5.6893470732679745,32.31125224373372,552.0466115946443,11.509530241734195,0
2023-07-12 13:00:00,STATION-03,chemical,3.761078248157633,25.198572107309502,4.6127135176280945,26.294155248532853,363.3452180367066,36.36020385602165,1
2023-07-12 14:00:00,STATION-08,chemical,5.706922604345502,11.451509464158669,6.10029349807388,27.176505730460747,263.81649302601016,15.148365637253601,0
2023-07-12 15:00:00,STATION-08,textile,6.982759378228835,20.942588117081122,6.529255300590653,32.287937766285104,582.2887804374822,9.540501138589606,0
2023-07-12 16:00:00,STATION-08,chemical,4.057828896845123,13.945119587000454,5.990980433046479,27.65861716910172,416.2926679239394,36.406691792124114,1
2023-07-12 17:00:00,STATION-04,food_processing,6.92115501454499,5.6606874870908435,7.9026348799695,21.321854378606705,127.09277045862994,7.011501477738891,0
2023-07-12 18:00:00,STATION-05,chemical,5.437290506904247,5.096283191793395,6.193498490294921,28.225659908126435,327.29580624764486,16.778577152779505,0
2023-07-12 19:00:00,STATION-07,food_processing,6.593216490403033,4.621574961131888,7.832389436928403,23.014273915097696,133.27876053404555,7.8201182745936375,0
2023-07-12 20:00:00,STATION-06,chemical,5.9515287113197015,15.304368779153661,6.105769086293002,26.43788286355923,208.74883049222564,16.786847659406146,0
2023-07-12 21:00:00,STATION-02,chemical,5.435625377568095,6.925467757680273,6.085496514605531,29.51647200574031,296.01038658695853,16.57768211176361,0
2023-07-12 22:00:00,STATION-07,food_processing,6.3893625493484105,1.5537954447841775,7.159219232319017,24.100232839039254,175.5195202630765,6.000096181860967,0
2023-07-12 23:00:00,STATION-08,textile,7.566313326871471,24.038636195514407,5.21222797477431,34.34926560819343,591.3677581085209,10.518426177495998,0
2023-07-13 00:00:00,STATION-10,food_processing,6.700749393234344,6.384771431111993,7.618267846960748,23.260613647459518,144.7303480383643,3.2659860516059736,0
2023-07-13 01:00:00,STATION-09,food_processing,5.731949910092762,13.427839967530378,6.158561601295009,24.525947058022524,389.9178772164064,15.48154087072042,1
2023-07-13 02:00:00,STATION-01,textile,7.337644672043126,17.153926392916006,5.824643844174118,33.68465729767878,482.8520670860635,9.843595487618197,0
2023-07-13 03:00:00,STATION-07,textile,7.743235522911716,21.07960553777235,5.450917800602264,33.890358330902686,494.4655981401399,9.022050951615492,0
2023-07-13 04:00:00,STATION-09,textile,7.611821150254335,20.463107600343672,6.612254263243961,32.07746314330358,478.61616536026304,9.766368075670833,0
2023-07-13 05:00:00,STATION-10,food_processing,7.076320700356309,2.082013464573712,7.145034170995097,24.44287819606284,70.66587333696268,4.7177972056183135,0
2023-07-13 06:00:00,STATION-08,food_processing,6.823479730137522,3.904147052555268,8.190129576747513,23.748085754101005,180.48319917984085,2.935796176773985,0
2023-07-13 07:00:00,STATION-01,chemical,5.5656149332980975,6.696700144911647,6.6527778289148545,30.30805932518812,300.93695476592706,11.762018872197785,0
2023-07-13 08:00:00,STATION-01,food_processing,6.643112925580397,9.183082280015896,8.366169325963785,22.845568291993093,235.19917469029883,5.560721582302968,0
2023-07-13 09:00:00,STATION-10,textile,7.437231984489216,19.75191083970018,5.887186256003506,32.97982468830711,572.7289644311193,10.887959695526433,0
2023-07-13 10:00:00,STATION-09,textile,7.582647635856363,22.045867614085203,6.776068671149401,33.1241836245476,435.7191988251768,11.014290654069365,0
2023-07-13 11:00:00,STATION-05,chemical,5.439824251266472,13.88962881188155,6.204120322124482,26.89762053646548,384.3468752229787,16.136670942439736,0
2023-07-13 12:00:00,STATION-07,food_processing,6.621862839069028,5.180238508906753,7.300588539167764,23.590261438493386,6.836167616492816,4.037342069059414,0
2023-07-13 13:00:00,STATION-02,textile,7.467787317588385,18.88132971965502,5.144267365206641,33.77976058476036,409.1355871290134,9.64054217175805,0
2023-07-13 14:00:00,STATION-10,textile,7.619365902991496,22.34815869599412,6.358055116182678,34.0647007029257,460.742261737098,10.568880521289131,0
2023-07-13 15:00:00,STATION-06,food_processing,6.7434274470906415,9.723984199133092,6.326828818031581,22.70392729987189,137.2462871478564,6.710306982067728,0
2023-07-13 16:00:00,STATION-07,textile,7.209924898063216,22.462805302261906,6.481466967926945,34.16147161002167,410.7997753049143,5.515632982862659,0
2023-07-13 17:00:00,STATION-03,chemical,5.785764575853212,22.144484329961113,4.389121788341164,28.5301814051454,501.9129356271901,29.370680461332523,1
2023-07-13 18:00:00,STATION-04,textile,7.541539970132121,18.87600456385905,5.517566840635516,35.33228076278475,522.4077343430994,9.52514476971143,0
2023-07-13 19:00:00,STATION-06,textile,8.444297332876587,43.35413560226028,4.415419125614447,33.518052244106045,695.4546007897076,18.45697031720976,1
2023-07-13 20:00:00,STATION-04,textile,7.2031914395640975,16.160346215278352,6.5726890573615915,33.38929958625888,467.6905817735336,11.317485178946814,0
2023-07-13 21:00:00,STATION-04,food_processing,6.490734299809815,3.170238776902659,7.272165819236892,25.12074790406562,184.9390687738197,3.7909638168670297,0
2023-07-13 22:00:00,STATION-06,food_processing,6.874383435423729,6.649571657308609,7.6169032612318075,24.004302877532886,118.76856647530427,2.4905000749921666,0
2023-07-13 23:00:00,STATION-08,food_processing,6.921669622697377,7.929718887689769,7.289973243452667,24.571955626382668,181.66925715525113,6.412590114616709,0
2023-07-14 00:00:00,STATION-05,chemical,5.255683420055071,11.760788046569601,6.508121466681789,26.4429745820378,290.8844326517589,15.036347396416513,0
2023-07-14 01:00:00,STATION-07,food_processing,7.109863856361154,3.5406120150482385,6.5959869284057655,22.713020750389617,140.13957144941116,5.405361239388817,0
2023-07-14 02:00:00,STATION-06,textile,7.688522259740806,14.952664304219383,6.30941592339739,32.38603905246174,420.8981670711538,10.119603490786387,0
2023-07-14 03:00:00,STATION-03,textile,7.517381442379131,19.55561950106098,6.104761975950423,32.524924759748835,504.09421154599767,9.962640067596565,0
2023-07-14 04:00:00,STATION-04,food_processing,6.849437287154003,6.142685071209143,6.988204469764339,23.223948412014444,207.50638648132764,3.9357184042509137,0
2023-07-14 05:00:00,STATION-02,textile,7.174173436792963,18.728379521267986,6.342963654124631,32.15634130723658,451.2204607312118,10.629465613260923,0
2023-07-14 06:00:00,STATION-08,food_processing,6.842359557663857,5.411597549799925,7.0446537442509705,23.57983662185362,96.23652318693564,5.046310248283577,0
2023-07-14 07:00:00,STATION-03,chemical,5.5906783924724905,8.628527378828931,6.19995481736686,26.631308980282693,283.7858395539037,17.326482690013506,0
2023-07-14 08:00:00,STATION-03,chemical,5.494322618876717,11.26254854491334,6.890412194737323,27.614138808605098,298.15697907729884,18.117820506225055,0
2023-07-14 09:00:00,STATION-08,food_processing,6.671155260254137,4.828134360557847,7.6226323482626785,22.794727053586413,199.0941365411541,6.358017231040634,0
2023-07-14 10:00:00,STATION-07,chemical,5.392920739100007,8.974820811818159,6.474449759272725,26.850751250264814,314.3453831436544,16.592521273272535,0
2023-07-14 11:00:00,STATION-05,textile,7.486036174911518,19.2537296923769,6.185380817319986,34.01369957772952,490.8112967085221,12.064576876936533,0
2023-07-14 12:00:00,STATION-04,chemical,5.447960285230306,9.199679702831384,6.657244069907366,26.64936326931605,361.4544126147482,15.172111484200833,0
2023-07-14 13:00:00,STATION-01,food_processing,6.754170023899004,5.289589302120668,7.503799619815646,23.1842698004185,208.66308527361386,4.242389534175729,0
2023-07-14 14:00:00,STATION-06,chemical,5.470636979307383,6.805490462508177,6.780968417860512,28.454534695449478,251.97618088029634,15.22280202789385,0
2023-07-14 15:00:00,STATION-06,textile,7.434875778043454,26.481874057061006,5.472904302069997,33.27569940757997,513.6373420116406,6.902088553812703,0
2023-07-14 16:00:00,STATION-03,food_processing,7.988266408481817,16.197235925826668,5.490342179278109,24.048003387483913,223.5250354133872,8.079852594206468,1
2023-07-14 17:00:00,STATION-09,chemical,5.3001005797058305,10.782533155423877,6.525618324223032,28.357624143673313,251.8191993691039,14.343885108560377,0
2023-07-14 18:00:00,STATION-02,chemical,5.27559847529449,7.1508862718580914,7.109776779792407,24.42486750922344,217.0828152822208,14.044837745064422,0
2023-07-14 19:00:00,STATION-07,textile,7.227811466560072,19.354608233673105,5.649014946441103,32.721866296714545,511.8247412116908,6.848644278971051,0
2023-07-14 20:00:00,STATION-10,chemical,5.471501760872289,12.919762875301856,6.6140847567200405,27.95580267074149,338.7315835120114,14.364137337409899,0
2023-07-14 21:00:00,STATION-02,chemical,5.5076495756668145,2.648031991701817,6.449116322555083,26.706199577879314,288.7566323322851,16.265705914776664,0
2023-07-14 22:00:00,STATION-04,food_processing,7.019089472917394,3.622948147158451,7.167795018054965,22.198890148811795,211.49409231201383,3.8933554734551725,0
2023-07-14 23:00:00,STATION-05,textile,7.794674108420193,23.080771325008744,6.0650449179127985,34.786879980169445,582.6455672417319,9.152701993891558,0
2023-07-15 00:00:00,STATION-06,textile,7.187570658006949,14.82768952051315,5.740643150861492,35.19314457462635,612.4826399737567,10.287018031975284,0
2023-07-15 01:00:00,STATION-09,chemical,5.602787725392789,8.432956224642714,6.145678799938253,27.984541169955925,272.54211660039647,15.675692614788105,0
2023-07-15 02:00:00,STATION-03,textile,7.547970004503433,19.60795469198383,6.262524333220017,32.917961426055285,544.2401184552072,9.071169961073366,0
2023-07-15 03:00:00,STATION-09,food_processing,6.950591887194243,9.033196251121682,8.151462648627637,22.205224258758403,270.7436582357043,5.883510825389756,0
2023-07-15 04:00:00,STATION-02,food_processing,6.615997059209413,6.36409069758531,7.771009981380238,24.57856400381758,199.49628103810127,8.591079271199455,0
2023-07-15 05:00:00,STATION-01,food_processing,6.823134722478707,11.247661763710939,7.025400052392835,21.92524488236435,227.00964924328133,5.518579355117379,0
2023-07-15 06:00:00,STATION-08,textile,7.467231429498387,21.459614977957497,5.8025284592921045,32.720475983208416,429.4771401534257,9.542084291003707,0
2023-07-15 07:00:00,STATION-02,chemical,5.219534399232416,13.54155892306,7.239965409910564,27.456638995653115,316.8831996821617,15.872744994240678,0
2023-07-15 08:00:00,STATION-10,food_processing,6.993434265357261,4.781951154834203,7.741799725522433,23.6476200021254,239.36302264122395,3.955198742171161,0
2023-07-15 09:00:00,STATION-09,chemical,5.5632595247449546,13.991408432939318,6.084288856515062,27.891255892444985,311.52032001478136,15.299141295530797,0
2023-07-15 10:00:00,STATION-09,chemical,5.746516667091985,10.101638213704515,6.369310502822254,25.49308004239573,300.0110954771191,16.243525764752505,0
2023-07-15 11:00:00,STATION-03,chemical,5.366499931373273,9.96362688323104,6.033703423558567,27.0528951308678,316.6661866051117,14.224380639602826,0
2023-07-15 12:00:00,STATION-02,food_processing,7.438626407560339,5.4318351230597495,7.925508133654851,22.04566191053781,201.04740187604378,7.90977711435872,0
2023-07-15 13:00:00,STATION-06,chemical,5.447565912583483,13.808299081237358,7.280959439346088,27.282755753023263,313.29992848793756,16.883505614602424,0
2023-07-15 14:00:00,STATION-05,chemical,5.909386096618843,6.107679068292568,7.513904013510525,26.923648890242326,333.01885612446847,14.305050430954184,0
2023-07-15 15:00:00,STATION-08,food_processing,6.63097018250007,5.415641852738056,7.424899667775301,22.639515404058866,52.97100110690444,3.8746224880825775,0
2023-07-15 16:00:00,STATION-08,food_processing,7.047681897379811,5.464527530687615,7.986155654782771,22.580288530243678,191.7172961356741,3.941527901741526,0
2023-07-15 17:00:00,STATION-02,food_processing,6.935189333798916,1.658845122984793,7.1877165202760365,23.509293912044857,131.03855379801794,4.778105686141024,0
2023-07-15 18:00:00,STATION-06,chemical,5.681496486984653,15.509566885240348,6.460585162423786,28.592380448107914,333.61428313334267,13.775904364045989,0
2023-07-15 19:00:00,STATION-03,textile,7.70758769013627,20.165513866935477,6.235455373985909,32.54776333070886,448.8531599831853,8.681691406120557,0
2023-07-15 20:00:00,STATION-04,chemical,6.072676515264446,11.952241114832704,6.057963896359981,27.907384449780114,373.48373612474006,15.68829926856063,0
2023-07-15 21:00:00,STATION-07,textile,7.621459532241947,21.77991852680988,6.280717564395827,34.163717321520316,514.169511400322,10.947545393470985,0
2023-07-15 22:00:00,STATION-04,chemical,5.452235925901723,10.518719060169252,6.337030088812238,26.27395123656703,351.74346890016983,17.202132595293303,0
2023-07-15 23:00:00,STATION-06,textile,7.645986306159052,22.135704643797858,6.005352413097498,31.700180628319305,523.2150448525607,10.206006524515558,0
2023-07-16 00:00:00,STATION-09,textile,7.648020233130176,21.1018258984955,5.653597651172546,32.105064840087046,506.77051123756144,13.932154521570224,0
2023-07-16 01:00:00,STATION-02,chemical,5.509615960964567,9.539635082677401,7.07098027162959,28.24982339763286,218.8202299279008,16.579812051390554,0
2023-07-16 02:00:00,STATION-06,textile,6.844482612552539,48.06704485158255,4.6766875402752754,33.539588626390696,833.6248986362906,23.813879193119497,1
2023-07-16 03:00:00,STATION-07,food_processing,7.077059014072612,3.104895633551715,7.567000405894572,23.41381391749632,56.22893007823696,5.527498978415715,0
2023-07-16 04:00:00,STATION-04,textile,7.56570412782794,19.60317298273334,5.534207902199012,30.652897234945446,466.5571730294865,9.581052335602173,0
2023-07-16 05:00:00,STATION-09,chemical,5.601137537951993,4.956992263994927,7.113171942057874,25.56393007714648,366.4590378172392,13.78316695956956,0
2023-07-16 06:00:00,STATION-04,textile,7.449825073594886,18.098457940588283,6.225030477512917,32.450725104465675,603.69468932034,8.78490204770982,0
2023-07-16 07:00:00,STATION-07,chemical,5.5705783800336315,9.92669176095317,6.4249739384695,28.02310419182751,373.22689948742214,12.491647137577651,0
2023-07-16 08:00:00,STATION-07,textile,7.742851837488435,23.35806812584604,6.050168732884686,33.37679969274672,554.8837313061872,9.780459899976373,0
2023-07-16 09:00:00,STATION-09,textile,7.351682426877349,22.256765937190472,6.446730201862324,33.71645078082889,507.919507023611,9.36918411624639,0
2023-07-16 10:00:00,STATION-06,food_processing,6.744304866024963,10.880100398825192,7.262256493684706,23.191388780129216,175.38942366127952,4.590632784,0
2023-07-16 11:00:00,STATION-08,chemical,5.2477963503373495,4.141915685427906,7.415202888376813,25.77345284141268,281.91926448218635,14.878323861014321,0
2023-07-16 12:00:00,STATION-01,chemical,5.471856112426878,8.282246159329551,6.522716718615357,28.223063722647797,348.42390785649263,15.976564760458583,0
2023-07-16 13:00:00,STATION-09,food_processing,6.316697692250659,3.330750798607121,7.4571712590234736,23.527735099637766,145.10231952623832,6.8982571585702726,0
2023-07-16 14:00:00,STATION-02,chemical,5.604268902594058,7.3441795762406485,6.770531865362757,25.948369664237934,327.8947087536434,15.852503225025995,0
2023-07-16 15:00:00,STATION-06,textile,7.492491337306459,19.823404877055147,5.703752968131482,31.70650456414865,523.3484699360102,10.54762283223494,0
2023-07-16 16:00:00,STATION-03,textile,7.561417676600486,47.271048113075366,3.333765967493232,32.22970313559631,675.8879543894276,21.78338819783172,1
2023-07-16 17:00:00,STATION-01,textile,7.255775644366008,16.261928540367812,5.904715972439219,32.54426996383326,455.7518161965959,8.657851870573259,0
2023-07-16 18:00:00,STATION-01,textile,7.668040198327466,21.936522648032227,6.448374527538148,32.41556786192598,599.6661722782123,10.73720099162445,0
2023-07-16 19:00:00,STATION-03,food_processing,6.879623798617751,5.332392578144078,8.088005651767938,23.84599927673568,85.41984330595875,6.594920700771374,0
2023-07-16 20:00:00,STATION-01,food_processing,6.785050057667798,2.779918202475733,7.004563756358552,22.430789758779547,117.23549309192026,5.069533950429958,0
2023-07-16 21:00:00,STATION-09,food_processing,6.788318721447689,5.500615155243871,8.396699075539074,22.71186506805374,190.61866718006218,5.66155467454873,0
2023-07-16 22:00:00,STATION-07,textile,7.6071450349040886,20.29886473605704,6.960778537308542,33.36470180049046,496.49727152658306,9.66889045043037,0
2023-07-16 23:00:00,STATION-09,textile,8.024798304810128,23.116763760131434,6.123452293530943,33.6968079580579,811.1294999211495,21.567536597694577,1
2023-07-17 00:00:00,STATION-06,textile,7.327069057694552,12.62290365928047,6.253950854686879,33.242882899594555,436.83542090291195,11.70735207865433,0
2023-07-17 01:00:00,STATION-01,textile,7.682022479722778,14.661341160811357,6.223152116832396,32.759322672056285,610.1228063499334,13.305117018091657,0
2023-07-17 02:00:00,STATION-09,textile,7.54718924908886,21.97279412175233,5.8206489495012335,32.3650009682775,459.87315185809973,11.24325251886419,0
2023-07-17 03:00:00,STATION-03,food_processing,6.416762988854316,3.271580526036271,8.24625276420605,22.225429240360526,90.58189762770215,2.8199067205661565,0
2023-07-17 04:00:00,STATION-07,food_processing,6.845046231015431,1.4478220634985934,7.183231873307616,24.306818899463963,236.53508712002477,1.1763586276657962,0
2023-07-17 05:00:00,STATION-04,textile,7.537660390420004,19.926135513354154,5.60072132885141,32.22706782994434,634.3874890146543,7.8857115103009265,0
2023-07-17 06:00:00,STATION-10,food_processing,6.616475221340056,1.5794989661941274,7.631387708578195,21.321117541826204,175.0156999936259,7.894901998298563,0
2023-07-17 07:00:00,STATION-08,food_processing,7.3003572007881115,12.889215905499396,5.670218380602346,23.777664131628107,222.17922318175275,14.820631102507518,1
2023-07-17 08:00:00,STATION-06,food_processing,7.2900002743820655,5.611588215703646,7.020688913098311,23.83177376329771,367.27161427585315,13.045710903638412,1
2023-07-17 09:00:00,STATION-07,food_processing,6.841059460036412,1.6603114000809174,7.581943874342481,21.91247809394972,129.30787077080652,3.8444349475474167,0
2023-07-17 10:00:00,STATION-05,chemical,5.249104577203319,10.467479582263648,5.778903211982497,26.499964921865697,309.0985456714167,17.545189639945214,0
2023-07-17 11:00:00,STATION-01,chemical,6.935041032162229,13.026015769071867,5.529699202056637,27.958727481335092,406.2984903051525,36.0307636032376,1
2023-07-17 12:00:00,STATION-06,food_processing,6.786414575044384,4.50006081699101,7.256063026121018,24.835665320858606,94.15872997106723,6.320273252641388,0
2023-07-17 13:00:00,STATION-03,textile,7.245116018202399,18.993975257566042,6.123439440274966,34.08438228212332,513.1382847110955,9.569359540668836,0
2023-07-17 14:00:00,STATION-09,food_processing,6.625900838963307,5.742096641316831,8.226361769751042,24.89698223603465,76.881101222742,3.6118212981337003,0
2023-07-17 15:00:00,STATION-04,textile,8.410277075326162,36.47371260224638,5.6051219545326605,32.79866141222664,685.5221732509303,20.25836942136383,1
2023-07-17 16:00:00,STATION-09,chemical,5.260071302586763,7.051493224343179,6.712247018465105,26.958134037078143,206.68190577170333,16.42815717435355,0
2023-07-17 17:00:00,STATION-05,food_processing,6.406586502144466,1.6959189300773483,7.542375964526086,22.93170394745654,129.41328497433474,5.4992217603868365,0
2023-07-17 18:00:00,STATION-06,food_processing,6.606861272686303,7.507446633827604,8.597250713176114,21.954273954947055,124.40618294991413,6.473619235344552,0
2023-07-17 19:00:00,STATION-03,food_processing,6.728946673841456,5.163274546976853,7.85180430891863,23.134872929160622,44.39294902965163,4.126155440010899,0
2023-07-17 20:00:00,STATION-01,chemical,5.469233781047665,13.350825481841994,6.283127196057451,25.59720702626564,305.3136280094517,15.648945003967786,0
2023-07-17 21:00:00,STATION-10,food_processing,6.841428393889012,8.711036198842713,7.761758203919435,22.1395341532229,104.77092130612742,2.961478348321063,0
2023-07-17 22:00:00,STATION-04,textile,7.3201359937174,15.779569078348427,5.884799948895041,32.280702717302454,536.6130395014434,8.174503445928444,0
2023-07-17 23:00:00,STATION-07,textile,8.45108211718329,30.40505110905149,4.999982935413847,33.4448835278186,693.4048699890454,20.7533494528734,1
2023-07-18 00:00:00,STATION-02,food_processing,6.8031013406170615,5.839823392481786,8.130721943036889,22.177794829345036,174.17746319825173,5.361231617829186,0
2023-07-18 01:00:00,STATION-01,food_processing,6.91687548688472,4.537425168934803,7.427766240248814,23.20254088373507,203.94482799438123,6.893283533643367,0
2023-07-18 02:00:00,STATION-05,textile,7.137425663364083,14.858816932193907,5.916394054640353,31.401591678554315,544.1558487211249,12.761165404195223,0
2023-07-18 03:00:00,STATION-09,food_processing,6.550651893966732,11.054462236626968,7.132914136333076,21.91843938288347,178.97491284985603,7.701689453429265,0
2023-07-18 04:00:00,STATION-02,textile,7.174644701475751,14.551958673134642,6.106052535572123,32.71920669698633,467.6201146544418,13.461196024276333,0
2023-07-18 05:00:00,STATION-02,chemical,5.847352666445269,13.143223274289557,5.812233701575869,27.845946676171984,654.9319958231623,27.238315107037725,1
2023-07-18 06:00:00,STATION-05,textile,7.550274487460179,16.868306434887604,5.89078209778569,33.54719204062494,432.90022338739897,8.122022011772737,0
2023-07-18 07:00:00,STATION-01,food_processing,6.914703849207816,3.658287810192645,8.012167650462073,22.538406948263066,61.787053351079635,3.9397910216423044,0
2023-07-18 08:00:00,STATION-06,textile,7.583365743176444,16.805411198047192,6.759757391438013,33.389403713266105,457.17522856068354,9.247967851602398,0
2023-07-18 09:00:00,STATION-10,chemical,4.637437836229448,13.896304653002208,5.288018504774721,27.02020123213091,428.2945445658572,39.439869474601956,1
2023-07-18 10:00:00,STATION-09,food_processing,6.4927299609276465,2.818645326219555,7.514822878476313,22.32631343650672,128.9513122370836,4.972034744795649,0
2023-07-18 11:00:00,STATION-04,food_processing,6.471584948224483,15.606337466522863,8.045584808163703,22.731843825661596,220.0560844777088,13.346984494263683,1
2023-07-18 12:00:00,STATION-05,textile,7.490795863145208,19.388666174374844,6.605377586979062,34.280673967469234,522.8637777586787,8.609573631118288,0
2023-07-18 13:00:00,STATION-10,textile,8.553005321681416,41.456042146106746,4.724797775622662,31.79545659143821,840.1160276815581,18.930144471554755,1
2023-07-18 14:00:00,STATION-03,food_processing,7.005780636296638,0.0,7.19376690020326,23.07796969221562,131.69657389125607,6.055188699355844,0
2023-07-18 15:00:00,STATION-07,food_processing,7.087785921574839,5.895778407055585,7.49435875735959,23.99715687079972,154.95766893596362,4.984156951536832,0
2023-07-18 16:00:00,STATION-04,food_processing,6.897220656725314,2.8595848394702745,7.248323727507641,21.234501447286213,241.61852423717866,5.017780544058594,0
2023-07-18 17:00:00,STATION-06,chemical,5.825897356149101,8.631504069008614,6.521154692218727,26.83144275936249,320.63301447884436,13.094805386518395,0
2023-07-18 18:00:00,STATION-10,food_processing,6.889480500737778,6.883268171166183,7.961847036094521,22.1046364608262,75.6880227032131,4.849095814516737,0
2023-07-18 19:00:00,STATION-06,chemical,6.312271899540959,36.3597818043076,5.739484763646032,26.745370811075514,447.7040305621923,29.775543239798267,1
2023-07-18 20:00:00,STATION-02,textile,7.797654310006951,19.754723631231013,6.116979351311739,31.236774718470247,384.6975996217292,4.9362709856295695,0
2023-07-18 21:00:00,STATION-07,chemical,5.450296253662502,10.428160364443514,6.324718359303961,26.330212072984654,291.4770204627457,17.01451592226986,0
2023-07-18 22:00:00,STATION-02,textile,7.32324744994348,16.429785548036524,5.774144930697665,33.404613221215904,580.394677479828,9.267524171249311,0
2023-07-18 23:00:00,STATION-01,chemical,5.586185486625044,11.684230155846842,6.378800616139378,25.662987131830345,372.2635162910967,14.411132943191864,0
2023-07-19 00:00:00,STATION-03,textile,7.68752007826427,19.484201319391275,6.400307103637176,31.834837770607677,390.2801839812164,6.994666339927586,0
2023-07-19 01:00:00,STATION-04,textile,7.131031135345284,19.44982255955329,5.647062229744564,31.504051442616188,555.3533374193934,8.401088308940981,0
2023-07-19 02:00:00,STATION-02,textile,7.238019223527537,26.176696800315355,5.648541751300533,32.51104389768313,470.7224102788198,10.33616363376016,0
2023-07-19 03:00:00,STATION-09,textile,7.685401113340617,18.202867448250156,5.528073438827521,34.184179359702455,485.53441769405765,9.33059343659172,0
2023-07-19 04:00:00,STATION-10,textile,7.75752946063054,13.061848775594395,7.302667716708042,33.04152504594956,510.7291590288653,8.919758345938607,0
2023-07-19 05:00:00,STATION-09,food_processing,6.527491372182304,0.0,7.366469369403805,22.21248468809707,201.11557285895609,5.232122585579308,0
2023-07-19 06:00:00,STATION-05,textile,7.848747875855212,14.286721944410322,5.925464968667573,33.254902007928095,596.2658976993996,10.563012835880762,0
2023-07-19 07:00:00,STATION-08,food_processing,7.004728818090101,1.758511019353402,7.6699468684607615,24.864096026699627,213.52500106654776,4.387286266677294,0
2023-07-19 08:00:00,STATION-07,food_processing,6.391722367533572,0.0358015637728748,7.781117904240069,23.12038748679173,115.55010117880155,4.490613509249009,0
2023-07-19 09:00:00,STATION-08,textile,7.37368555151664,21.173150020353056,6.246050475700768,32.45950827635311,546.98721796996,7.577251721689722,0
2023-07-19 10:00:00,STATION-07,food_processing,6.919170231960537,7.722970470691637,6.73621389885946,23.401269732964497,126.90909683799188,6.045246799903637,0
2023-07-19 11:00:00,STATION-03,chemical,5.2075056312436665,16.75422056924248,5.65186341262433,27.33213374141192,696.8130672992836,37.15767373057077,1
2023-07-19 12:00:00,STATION-03,food_processing,6.815860311935815,5.197740208571326,7.55752763590488,22.62658377353763,160.69593522766698,5.17940911572002,0
2023-07-19 13:00:00,STATION-08,textile,7.189991559868561,23.131336252553794,6.16873674119504,32.10451201050676,516.456142099589,11.49719340428307,0
2023-07-19 14:00:00,STATION-09,chemical,5.450262304837366,10.55319908885847,7.15211958885867,24.561414651386087,269.19307187011077,12.153971721532276,0
2023-07-19 15:00:00,STATION-02,food_processing,6.006552843132585,4.603394958598248,6.578695281501092,21.994172380867113,586.9928399619369,9.077175018894819,1
2023-07-19 16:00:00,STATION-04,food_processing,6.566094097943816,8.3333762327007,7.324908990052664,24.001706950018825,139.4233092716934,5.549473118636145,0
2023-07-19 17:00:00,STATION-08,textile,7.585811665918419,21.16576278150884,5.861141354574308,33.724417916857014,444.1141992356516,10.381343132810677,0
2023-07-19 18:00:00,STATION-03,chemical,7.169502423670543,15.64703865206641,4.750471584364149,27.59556143000888,667.4758329211137,37.78975388905914,1
2023-07-19 19:00:00,STATION-06,food_processing,6.725014049315395,3.015970842719442,7.096325783692015,24.725951062037733,122.67035670078053,6.559194676483182,0
2023-07-19 20:00:00,STATION-10,chemical,5.59953933906416,10.121281217136419,6.078414421758343,27.176146567342553,373.4648946257992,14.255446610365917,0
2023-07-19 21:00:00,STATION-02,textile,8.935121032037337,35.273848192768554,3.3459079345303864,32.178029366502315,774.3625366551192,26.981731121369158,1
2023-07-19 22:00:00,STATION-06,chemical,5.788619786639036,6.288322720368184,6.247838187785388,25.4470725539585,276.79728201602154,14.32874237057349,0
2023-07-19 23:00:00,STATION-05,food_processing,6.994838624066547,3.4556722703929488,7.278447648656337,23.777649899957257,141.39273202153407,2.0612008588170547,0
2023-07-20 00:00:00,STATION-09,chemical,5.812482427737423,14.715183102579633,6.344521523177874,26.186421348911477,278.59591493099333,14.780685589555533,0
2023-07-20 01:00:00,STATION-02,chemical,7.226570603479861,29.48968561523645,3.777819507361369,28.29225071629027,433.43583919745873,38.85887058431411,1
2023-07-20 02:00:00,STATION-05,textile,7.212568382091339,15.445136568798173,6.3055142901486025,32.822459266549245,571.6985518761535,10.142469013994434,0
2023-07-20 03:00:00,STATION-05,textile,7.467021853660023,22.749512017091934,6.312855217451739,32.97001832124615,601.3044224901266,7.0156435462813755,0
2023-07-20 04:00:00,STATION-08,textile,7.602867187827135,18.605390425198774,6.426207001770042,32.121000257617155,382.2545406020441,11.927210648777328,0
2023-07-20 05:00:00,STATION-03,chemical,4.991126106794434,4.040489951461321,6.194457496864936,27.800387995849512,333.9434031374275,15.573984074190944,0
2023-07-20 06:00:00,STATION-10,chemical,3.74302391695393,23.83588292967772,4.242855647989783,28.25661279756828,420.27111275301314,41.58099613133405,1
2023-07-20 07:00:00,STATION-01,textile,7.796748415680108,19.284214222916273,6.7789930488552335,30.858167928418155,492.9056482125553,8.64882001195955,0
2023-07-20 08:00:00,STATION-05,textile,7.779670895314537,16.945116949845293,5.490488006674208,31.579407414424907,584.4987934735105,9.817602932590242,0
2023-07-20 09:00:00,STATION-03,chemical,5.4133861078288295,10.455458323953941,6.722178799384551,26.003405523709347,311.73805196530714,15.068058601262074,0
2023-07-20 10:00:00,STATION-08,food_processing,7.214435898600109,9.05718131492469,7.200493813192825,22.727253453563776,78.61163527421765,4.267339778171686,0
2023-07-20 11:00:00,STATION-02,chemical,5.982930243628102,16.716276964127143,6.121395293524747,27.3039507499,459.69061370387385,28.94479995613016,1
2023-07-20 12:00:00,STATION-06,food_processing,7.642041910580576,2.5634731069315726,6.656104319577295,21.944295156118592,313.2490415316279,9.165366399538694,1
2023-07-20 13:00:00,STATION-01,chemical,5.260406523136307,10.031903972353055,6.878297698702433,27.133965203272133,362.10609609820904,14.759240961261963,0
2023-07-20 14:00:00,STATION-08,textile,9.268290149569308,41.40002186900062,4.537009503093337,33.53722920345953,863.0734015533509,21.168252257799214,1
2023-07-20 15:00:00,STATION-05,food_processing,6.815158015950687,5.079060552813247,7.050773787236203,23.988546035745884,88.85574879268754,2.9639911277408415,0
2023-07-20 16:00:00,STATION-08,food_processing,7.099513755469942,2.1112898094670225,7.81940220834632,23.39154559978802,108.31590181686909,4.408422520850529,0
2023-07-20 17:00:00,STATION-07,textile,7.474810873139966,15.792013610795912,6.468445702856143,33.52509543512589,481.5786570264733,9.26690353281103,0
2023-07-20 18:00:00,STATION-10,textile,7.898925352770339,43.6013371282488,4.589797003172928,33.4859925801617,825.1965966973577,17.877915334270682,1
2023-07-20 19:00:00,STATION-03,chemical,5.215468003096333,10.254554007266574,6.135773133125678,26.586598847699616,272.00719096992356,17.00133530400549,0
2023-07-20 20:00:00,STATION-08,food_processing,7.1674392420155195,8.129782867827767,7.377074631499822,24.011140178623336,213.37451770689734,2.7588607957503855,0
2023-07-20 21:00:00,STATION-08,textile,7.418420104576672,20.183425631666005,6.0111280065425925,33.225394699578274,494.70067187690375,10.988633568654523,0
2023-07-20 22:00:00,STATION-06,chemical,5.672856649472621,12.666427320630424,5.992624776822902,26.82502628471699,335.35865331675416,15.942770008466482,0
2023-07-20 23:00:00,STATION-10,chemical,6.896139535282446,15.885341367750755,5.399342296963532,25.81054346609582,664.7920004250259,49.14568799675294,1
2023-07-21 00:00:00,STATION-10,food_processing,6.755477815649891,0.8267465949231623,8.34586126983734,23.046006959502744,100.57596316032301,6.544154375226446,0
2023-07-21 01:00:00,STATION-07,textile,6.584318303836828,48.46316467917029,4.661802541181981,34.45660974301031,639.6454026226784,24.544343735474207,1
2023-07-21 02:00:00,STATION-07,chemical,5.515848405648092,13.921273033486536,6.4485090583728795,26.236022775353383,354.8767492314231,14.02957085901085,0
2023-07-21 03:00:00,STATION-09,textile,7.6192157515539085,18.383439624604893,5.923057774418508,33.322765824580976,537.1232587763252,9.793174945874302,0
2023-07-21 04:00:00,STATION-08,chemical,5.563673141214117,9.345812032961408,6.530930086191938,27.700489804407432,382.9309785827438,14.60881130745012,0
2023-07-21 05:00:00,STATION-05,food_processing,6.712940367248463,0.0,6.918931111712705,22.05730784555713,156.00381814163592,3.2831327559145005,0
2023-07-21 06:00:00,STATION-02,food_processing,6.568947842862492,2.1839483803104076,6.209195277223337,23.99577339877338,141.6179523729633,3.8035249625685497,0
2023-07-21 07:00:00,STATION-01,chemical,5.246436689675498,9.013459601253954,6.885110007974606,26.747609612983386,290.85910190546684,13.732277626294355,0
2023-07-21 08:00:00,STATION-05,food_processing,8.161327118590862,4.096796516454669,4.430405266350928,22.91865866166677,379.90613906339416,6.7830277002563895,1
2023-07-21 09:00:00,STATION-02,food_processing,6.376435906126955,4.388841110154715,7.600707908377032,22.79027228548903,118.7704495622471,7.929451399622646,0
2023-07-21 10:00:00,STATION-09,food_processing,6.591492069727074,7.514440273832202,7.758414269699788,23.16166240266882,142.9108838219004,7.540947069550012,0
2023-07-21 11:00:00,STATION-04,chemical,5.499136666804017,11.832708328606275,4.541455084412657,28.030089613245693,645.8430459568646,25.927870553245068,1
2023-07-21 12:00:00,STATION-09,food_processing,6.788654021488976,8.530412364276522,7.217196208898867,24.06097750810827,108.6042149615606,5.9079214710038155,0
2023-07-21 13:00:00,STATION-01,food_processing,6.7442803081004845,4.075229163745351,7.662742692096079,23.594468781075495,121.58833672008335,6.859843630403587,0
2023-07-21 14:00:00,STATION-09,food_processing,6.6496238163727615,3.084214455711939,7.787993520672615,22.725929868747972,134.77278690096378,5.364293736342705,0
2023-07-21 15:00:00,STATION-08,chemical,5.627519499201786,10.053165509069103,6.591660829338621,27.62084809090711,323.929499574898,18.380328008827796,0
2023-07-21 16:00:00,STATION-01,food_processing,6.863757076574454,7.52798546288268,7.46270034654416,23.957199339889577,85.54159747874708,4.950537046071851,0
2023-07-21 17:00:00,STATION-09,chemical,5.523993807065653,9.639923429117864,6.523300272784333,26.706735207196054,279.7833575547417,18.708043860407678,0
2023-07-21 18:00:00,STATION-01,chemical,5.372332687756543,8.792899404339762,6.078314462779309,27.280343073642655,288.4419514843209,13.48280922940807,0
2023-07-21 19:00:00,STATION-04,textile,7.790899776815864,19.311327056449887,5.5179168816555775,32.49880647788482,498.5103122333276,11.73909219330215,0
2023-07-21 20:00:00,STATION-10,chemical,5.420394973718292,10.104668535343864,6.324567641805586,26.93721754436555,286.90323238491965,13.425905759925502,0
2023-07-21 21:00:00,STATION-02,textile,9.199075098153804,48.796954661565316,4.78134085774157,32.93064159256581,666.7722273430774,21.518052297611106,1
2023-07-21 22:00:00,STATION-10,food_processing,6.70338062026327,5.575831860603382,6.696346590231142,23.557704082790053,145.6670327713352,2.4253458568921786,0
2023-07-21 23:00:00,STATION-07,textile,8.52300921449113,26.468054364294865,3.5815720082888483,30.71940533623516,682.6462161170257,17.960369474182873,1
2023-07-22 00:00:00,STATION-01,food_processing,6.566871846640732,3.774938741243134,7.686468837076708,21.94602764969099,169.0869129603038,5.4358438785533165,0
2023-07-22 01:00:00,STATION-01,textile,7.557003278584024,19.59237807691533,6.384571334691075,33.7406178896042,484.0194467531356,9.120043343329755,0
2023-07-22 02:00:00,STATION-07,textile,7.523356704500742,19.445979561949315,5.699673303884137,34.49069299647088,506.2610848637384,9.65801876436985,0
2023-07-22 03:00:00,STATION-07,chemical,5.6285558162979,11.716530585854644,6.4350275947763445,25.650521896650375,326.531526276899,16.40032660978272,0
2023-07-22 04:00:00,STATION-09,chemical,7.127530963787741,16.157402870307173,4.81494532627278,26.94180580776731,589.5732445365019,28.9024477199486,1
2023-07-22 05:00:00,STATION-07,textile,6.920213980817085,47.28269122568999,3.9369302731424716,32.91152624027967,771.4629128285592,16.39890196936932,1
2023-07-22 06:00:00,STATION-02,textile,7.589928790674108,16.26136029240917,6.98994398140957,33.904462363560185,576.027146951678,10.424703743329019,0
2023-07-22 07:00:00,STATION-02,chemical,5.650549394302913,13.997601745114746,3.6668744258385626,27.991994756190508,352.6841300662685,32.65715252922275,1
2023-07-22 08:00:00,STATION-03,food_processing,6.808220674726862,5.013696134210844,7.772199682592762,21.728833951303244,231.9743060877758,4.186842442232006,0
2023-07-22 09:00:00,STATION-03,textile,7.581254964842195,23.15925530580461,6.359873289572337,34.813343900266354,459.91465890706206,11.034254967062445,0
2023-07-22 10:00:00,STATION-05,chemical,5.560337743934487,13.432289096982274,6.69653344176463,26.62591740779433,230.69197472540816,15.199276812951753,0
2023-07-22 11:00:00,STATION-03,chemical,5.389901478897331,12.847808342650504,5.990466843459573,27.83493385186617,340.03584362579136,13.29405121062034,0
2023-07-22 12:00:00,STATION-07,textile,7.352202640509447,17.033359624823785,6.1147842785964945,32.35023234359021,518.6139645750859,9.294673921326748,0
2023-07-22 13:00:00,STATION-03,food_processing,6.9679918737483035,7.5181769846458035,6.756670325210976,22.166675907303933,228.3869957011751,3.5184859262157646,0
2023-07-22 14:00:00,STATION-10,chemical,5.635692300029305,12.505399492779596,6.22462603538445,27.599088860221723,284.69631898245075,13.095698523964481,0
2023-07-22 15:00:00,STATION-03,textile,7.266005049841674,18.129016332561136,6.545536073007855,34.61379357311524,616.0677228135426,10.645431670895686,0
2023-07-22 16:00:00,STATION-01,chemical,4.8486658631679695,16.203207281542056,4.495629697668017,27.140058807912556,494.4741186511021,38.97277833312724,1
2023-07-22 17:00:00,STATION-07,textile,7.543807693725002,25.246943064434923,4.61721011421786,33.05843392757986,592.353979220103,10.612150786086174,0
2023-07-22 18:00:00,STATION-06,chemical,5.509571279539805,12.755599713081114,7.338104760337723,25.24892061585337,318.59716530559325,17.056938904190197,0
2023-07-22 19:00:00,STATION-07,chemical,5.6270951403964995,5.398030005552366,5.892005160257531,28.304629478753178,300.82281283589015,17.199515305584512,0
2023-07-22 20:00:00,STATION-05,textile,7.354850804517365,28.615883094798182,5.723610351301801,34.61158915391612,533.7673791390587,9.390341950018628,0
2023-07-22 21:00:00,STATION-02,textile,7.32673337185654,18.887651102101888,5.727391352508405,33.47475942619088,484.79416556413463,8.743246274436254,0
2023-07-22 22:00:00,STATION-04,chemical,5.3818989917084,10.028527803546677,6.074326769724063,28.890378466717127,218.2433355390691,13.517301217997797,0
2023-07-22 23:00:00,STATION-10,chemical,5.535698689270457,8.245713297221684,5.792061615886787,27.080506338540108,298.97650514236875,12.109253670934335,0
2023-07-23 00:00:00,STATION-04,food_processing,6.666610811057952,4.420350857521018,7.678506208075993,23.13359928273507,121.0392684203541,3.7205439796279864,0
2023-07-23 01:00:00,STATION-09,textile,6.758736500551686,23.946826282432582,3.7425483045796644,32.105287279610124,742.7151231747081,18.37292845176598,1
2023-07-23 02:00:00,STATION-07,food_processing,6.905519144610219,1.279434837840204,8.454316761116374,24.162703229553216,128.14794702835576,4.886494732538887,0
2023-07-23 03:00:00,STATION-05,chemical,5.510924270718822,11.378762679575315,6.211568175255173,27.0374567844156,301.2943338379395,15.862060521871998,0
2023-07-23 04:00:00,STATION-06,chemical,5.789330971654837,14.795427407984446,5.803932209962783,26.33800917645171,332.7314452082772,14.96962210277657,0
2023-07-23 05:00:00,STATION-09,textile,7.680970223908216,27.792235524297816,6.259013942823949,32.365528390340785,465.21121590339817,9.657284110588524,0
2023-07-23 06:00:00,STATION-02,textile,7.666410234435499,21.220029628362163,6.099216221534222,32.76280001730016,503.92144155194893,9.555719977518216,0
2023-07-23 07:00:00,STATION-01,textile,7.519502109826702,15.954047258921872,5.5810962504758015,31.196747456082004,469.01230442513787,8.948238762610618,0
2023-07-23 08:00:00,STATION-04,textile,7.608458652657848,24.753869914865394,5.814334987867081,33.33732934958577,402.6771703159119,9.38639761655318,0
2023-07-23 09:00:00,STATION-05,chemical,4.84540669061904,9.70277000345145,5.923802081537342,27.047160342802147,251.9935246690168,16.81100387269478,0
2023-07-23 10:00:00,STATION-10,food_processing,6.670246806675194,5.3926416233853605,7.657204881653328,23.88392117845801,178.26346646787448,2.9670625734027176,0
2023-07-23 11:00:00,STATION-02,food_processing,6.804028556974501,8.987910849184093,8.300345248341973,22.877901142549504,215.12402577231177,6.450217704327611,0
2023-07-23 12:00:00,STATION-09,chemical,5.38212942364265,5.870738655803446,7.682232413737892,28.013161073115594,251.23823323935227,17.300262876669994,0
2023-07-23 13:00:00,STATION-03,food_processing,6.891857988431551,2.156168206323439,7.678406788466669,24.444253790837625,181.78104308681472,1.9244727137660393,0
2023-07-23 14:00:00,STATION-10,textile,7.206219622204533,18.866199005767946,6.39437936323216,33.074335347020046,570.1781040380881,12.661528451372934,0
2023-07-23 15:00:00,STATION-08,textile,7.553201449309707,44.45553722770213,3.553479317623582,33.128015346828505,982.3136483973743,14.931275735611514,1
2023-07-23 16:00:00,STATION-09,chemical,5.519066589834141,3.9612396444602584,6.107491275572805,26.081634739968102,271.481833636861,13.520380606414843,0
2023-07-23 17:00:00,STATION-03,chemical,6.54021398565804,27.147006868565274,6.257415566561684,26.70035683159474,567.6799057833525,22.864118719191993,1
2023-07-23 18:00:00,STATION-09,textile,7.92991068502304,33.011995686054604,5.760384494084304,31.736093685717606,1126.2460564074129,19.763576047632547,1
2023-07-23 19:00:00,STATION-04,chemical,5.398678921129214,6.244683719729068,6.5458445086009425,26.526260146837565,230.56148369081083,15.323746585470484,0
2023-07-23 20:00:00,STATION-07,food_processing,6.916646402445548,1.6564052452392102,6.564491044432777,23.17821410112344,149.58423803234092,5.512699699645426,0
2023-07-23 21:00:00,STATION-08,food_processing,6.583732942998264,2.114024954754303,7.731476803397033,23.94442582578556,113.1696230147972,8.351283567919921,0
2023-07-23 22:00:00,STATION-01,chemical,4.142448054318134,23.144672160529048,6.0901657466016985,27.183973550635244,534.8519457954297,32.44612591498351,1
2023-07-23 23:00:00,STATION-10,textile,7.558295116419449,17.577043370654987,5.214042753515416,33.62026249862717,549.4483903575269,11.140567361105052,0
2023-07-24 00:00:00,STATION-03,textile,7.66222016336789,18.135380823283757,6.040977320479009,32.88410207463714,413.2366396181975,7.556034131971538,0
2023-07-24 01:00:00,STATION-01,chemical,5.378863684272477,8.781092782647118,5.858210467472645,27.15795174640749,289.1238580736563,14.479986358554434,0
2023-07-24 02:00:00,STATION-05,textile,7.3997049273060265,22.459283625259147,5.952768965441279,32.417289646140084,403.68360526801234,9.694040090248265,0
2023-07-24 03:00:00,STATION-05,food_processing,6.66287899580305,10.774673125863398,7.815907909459086,23.931813972478093,42.58373637507475,4.867269942882105,0
2023-07-24 04:00:00,STATION-07,food_processing,6.873860063361005,7.740068935564548,7.460129281664689,23.14964671981164,75.92157831516658,5.456255198933237,0
2023-07-24 05:00:00,STATION-04,textile,7.8633176235627245,19.844778444557512,5.661987126367568,31.618182658718098,516.9583681404982,9.456788568564438,0
2023-07-24 06:00:00,STATION-09,food_processing,6.890612766238419,4.712393136548455,7.124231231461474,22.32129724528391,265.7194147316402,5.101589332703951,0
2023-07-24 07:00:00,STATION-01,textile,7.7252967860370845,18.95200340306744,4.6784673972756945,33.72836298411879,439.0506639824029,10.44986265079169,0
2023-07-24 08:00:00,STATION-09,chemical,5.5404637338832625,11.904327028238127,6.360977876646212,28.16020108498945,334.8978957137669,12.633695217997463,0
2023-07-24 09:00:00,STATION-02,food_processing,6.977022574771745,3.0246797928517966,7.000193984837022,22.510050832200083,201.14430270662416,7.891718827029693,0
2023-07-24 10:00:00,STATION-02,textile,7.553187108509153,17.453640846657215,5.815122038274134,31.81197362748361,505.56518399578397,13.12852816847486,0
2023-07-24 11:00:00,STATION-02,textile,7.660391434701605,21.100596339940587,5.929148068876385,31.233165489226913,575.6587621433572,10.279487551454555,0
2023-07-24 12:00:00,STATION-09,chemical,5.8327413851760355,9.538605713738798,6.462246205090823,25.922949713588647,294.2723841974729,11.702070772333718,0
2023-07-24 13:00:00,STATION-07,textile,7.6915980736490654,18.748069502538666,5.534668140586621,31.814955035752487,410.7604479149112,12.078010295872359,0
2023-07-24 14:00:00,STATION-10,chemical,4.937841571789654,10.41045269267791,6.63309052181902,27.999646796006534,276.1336108266753,11.36413231152002,0
2023-07-24 15:00:00,STATION-06,food_processing,6.805285623975301,4.963245298418167,7.162816555690452,22.752760925353787,112.11445589320147,3.6486357794631723,0
2023-07-24 16:00:00,STATION-06,food_processing,6.960594713358255,3.9395505835886917,8.127859566787842,22.824459015571264,201.24912022276118,4.511622659581378,0
2023-07-24 17:00:00,STATION-05,food_processing,6.811897436058997,3.4365844716888807,7.786501025593321,25.257085224825524,222.00526228086306,3.2642486496550314,0
2023-07-24 18:00:00,STATION-08,food_processing,5.099652477634018,9.931476624859974,6.8671117834888555,23.255278234558677,473.6673380985874,8.383395595709363,1
2023-07-24 19:00:00,STATION-04,textile,6.859346866767941,36.71148640616519,3.6381151545344093,32.128310468311476,792.662900633439,13.68454218364056,1
2023-07-24 20:00:00,STATION-06,food_processing,7.4714892329095015,17.50443645523258,5.6242587933096795,21.50149791029586,244.3008878400614,14.347566782469691,1
2023-07-24 21:00:00,STATION-04,textile,7.984824719944387,35.671301705433955,4.672750572891244,32.38995622860591,845.1937538869913,25.28587816817158,1
2023-07-24 22:00:00,STATION-10,textile,7.245359094797099,17.54687006736804,6.366824115113087,33.203807006193074,434.1059571794227,10.499826622236059,0
2023-07-24 23:00:00,STATION-01,textile,7.440368386804761,22.53790252077226,5.760157861693997,32.24886274340678,475.97233601835785,12.064510093518443,0
2023-07-25 00:00:00,STATION-03,food_processing,6.804476379353252,4.484933576530688,7.904553960619291,21.836043048592117,116.53742713971793,4.0913549190721605,0
2023-07-25 01:00:00,STATION-01,food_processing,6.92080183340313,8.471405454296464,6.945577302029794,25.19958691823201,226.05365046442307,4.873870909509918,0
2023-07-25 02:00:00,STATION-08,food_processing,6.656575868340262,0.32127640404360935,7.393374244585354,25.168094037272958,96.01532830993048,5.992552769496818,0
2023-07-25 03:00:00,STATION-01,chemical,7.001311936968584,12.624935837303815,4.775748767062319,28.20551920865631,745.626888032647,30.885996555396023,1
2023-07-25 04:00:00,STATION-03,food_processing,6.781842619631598,5.694234364406052,6.195300804300858,22.33768913169566,161.4072953921424,3.741959557101314,0
2023-07-25 05:00:00,STATION-09,textile,7.370947823453133,21.513803199546665,5.917228979996318,32.33059410621146,464.2382797820248,11.414758370554424,0
2023-07-25 06:00:00,STATION-08,food_processing,6.794401067543336,2.8913117618600506,7.779608073608481,24.794709996431333,127.8643475861671,2.6025218834622343,0
2023-07-25 07:00:00,STATION-09,textile,7.518335694383669,19.896029579914057,6.044233029188512,32.097816885984244,477.52391601083457,7.699257959670829,0
2023-07-25 08:00:00,STATION-02,chemical,5.233443959404846,12.18325943657177,6.579731171263713,28.018403587779144,361.55907957082053,15.25909667149992,0
2023-07-25 09:00:00,STATION-01,food_processing,6.707753231906905,6.523411196664288,7.84750826896504,22.20908637318744,182.6674837855095,9.936045220432725,0
2023-07-25 10:00:00,STATION-08,food_processing,6.4259391903902205,6.284652557708547,8.00932431236975,24.049437752998223,92.21590968254583,5.415462223484365,0
2023-07-25 11:00:00,STATION-02,food_processing,6.904464083810183,2.15058866714863,8.45713818391516,21.981121365371326,164.31857238045842,5.804877196035298,0
2023-07-25 12:00:00,STATION-07,textile,7.686098734904142,25.66955490550552,5.393050240731624,32.79237302815733,422.7218108674493,10.584241374978767,0
2023-07-25 13:00:00,STATION-06,food_processing,6.71438183083999,3.8193258122396627,8.040954176056065,23.55335045843702,108.46192972930513,6.9065415377001775,0
2023-07-25 14:00:00,STATION-03,textile,7.387042821617704,20.80314474029112,6.25835349847298,34.36915319508556,564.2218432121693,10.734342573621928,0
2023-07-25 15:00:00,STATION-01,food_processing,6.932610460157389,4.877240288301275,6.949247987666354,23.514112769211167,149.0920269675532,3.096097306778918,0
2023-07-25 16:00:00,STATION-08,chemical,4.998881965779562,11.743264419307094,6.230443135458992,26.992946084783167,339.1921879928868,13.429800189335964,0
2023-07-25 17:00:00,STATION-04,textile,7.586388664389034,18.03437053249896,6.389896594113173,33.38171859913019,575.3279506165544,11.184851440935404,0
2023-07-25 18:00:00,STATION-01,textile,7.138730002293149,17.66427669061416,5.966774398986191,33.051702832735124,518.877051901565,8.709706064256945,0
2023-07-25 19:00:00,STATION-01,chemical,5.634725511752141,13.16997679330224,4.852088672007265,27.264021343069853,376.33460518746466,13.38225171155303,0
2023-07-25 20:00:00,STATION-06,textile,6.2594936963206065,43.699789728483765,4.627833726454151,33.750054080867756,705.3255093673993,18.269991274756467,1
2023-07-25 21:00:00,STATION-02,chemical,5.355552762184743,19.64193310610513,5.7090587177789605,26.604601181360376,566.0580321550689,37.627028292379656,1
2023-07-25 22:00:00,STATION-05,food_processing,6.511870173551367,1.8475812790328279,7.237265664469845,21.61468055889021,225.61527584676546,2.321689812377512,0
2023-07-25 23:00:00,STATION-04,food_processing,6.8332376792993115,2.6536042244271267,7.205718413915825,21.483629713171872,203.35444648956673,4.7165543863750585,0
2023-07-26 00:00:00,STATION-08,chemical,5.593367120883168,14.656627258699451,6.422848397734296,25.334230511228437,294.98137151469126,14.079044258095854,0
2023-07-26 01:00:00,STATION-01,textile,7.567517202464186,23.08041997732645,5.676611399183478,31.327839793766575,508.84110584002076,9.451572702406157,0
2023-07-26 02:00:00,STATION-08,textile,7.449770764141583,25.25971604746651,5.857006637626144,33.41289951368279,520.1374711535237,10.393465580803182,0
2023-07-26 03:00:00,STATION-10,food_processing,6.3131644619279585,1.3887526472609761,7.960981555883771,23.389854520788877,145.30903217400498,4.000605511315856,0
2023-07-26 04:00:00,STATION-01,chemical,5.621448096219582,11.514683861158705,7.183294969946713,27.611556794536888,227.64517343933272,13.165039160067625,0
2023-07-26 05:00:00,STATION-07,chemical,6.42716895581986,26.219041589797705,4.711406567682502,27.354418848774262,526.1774241695335,45.66401205986332,1
2023-07-26 06:00:00,STATION-05,chemical,5.646335130202139,7.193355428054399,6.42303531365777,25.843266385132786,275.9967118488762,16.848784329385623,0
2023-07-26 07:00:00,STATION-09,food_processing,6.704181301201312,8.458403305533619,7.522547454934825,24.41697148683025,152.447673919769,0.3632373800216673,0
2023-07-26 08:00:00,STATION-03,textile,7.373944854869217,21.467259216811883,6.439483628250661,32.63598222606427,581.6576857816303,9.466437380417858,0
2023-07-26 09:00:00,STATION-04,food_processing,6.977238174145865,9.258164674173226,7.605688469783428,22.8553742440215,138.56548659400642,3.5431127522575174,0
2023-07-26 10:00:00,STATION-10,food_processing,6.825549040327824,0.0,5.023833684603771,23.626939950879045,224.1428213528342,9.598870470746167,1
2023-07-26 11:00:00,STATION-10,food_processing,6.462203254036992,3.478339224031861,7.14998237919266,24.00388457866806,101.03380817638265,5.44226545042559,0
2023-07-26 12:00:00,STATION-03,food_processing,6.454970036598818,1.4412075836501694,7.6943045491462785,23.43180497211505,90.95164049919768,6.7257862018033325,0
2023-07-26 13:00:00,STATION-10,chemical,5.39425187632829,6.552044117491388,6.657220668336344,25.721198283600902,322.2716043535422,14.698537976093535,0
2023-07-26 14:00:00,STATION-02,chemical,5.7352840716130125,4.124603356828716,6.351504714286008,27.928695816220575,389.34081503556826,12.346476859757082,0
2023-07-26 15:00:00,STATION-05,chemical,5.382755440180874,9.408523133077386,6.414032801122806,26.31246426404255,331.744956020523,15.81584084341841,0
2023-07-26 16:00:00,STATION-04,food_processing,8.744376243319474,15.215355970359425,5.914897777282572,24.304573358335453,368.10962925247236,6.035218666397004,1
2023-07-26 17:00:00,STATION-05,food_processing,7.0840064668681295,2.463927073957297,7.737598256942788,23.403887766447323,173.1518090829964,7.4162298410535215,0
2023-07-26 18:00:00,STATION-01,chemical,7.363049844058654,14.549113049731103,5.306585355360392,27.941764633953667,423.5306977236678,35.19937282087441,1
2023-07-26 19:00:00,STATION-09,food_processing,6.989285559292771,1.9336854257526763,8.50353257120335,23.05047121356525,28.878535109383478,5.232994327268099,0
2023-07-26 20:00:00,STATION-05,food_processing,7.116338612262026,12.666430312219472,7.518003360302298,22.231447059995002,111.95792093476243,5.3239525370007295,0
2023-07-26 21:00:00,STATION-09,food_processing,6.633053937887326,8.684321116885851,8.026682758899321,24.106645405184498,119.51826967170753,4.3702870883837495,0
2023-07-26 22:00:00,STATION-01,textile,5.634582029576853,45.55904486320578,4.5457111337352805,31.243931579227038,891.4098304943583,17.912412150242314,1
2023-07-26 23:00:00,STATION-01,textile,7.396150146277551,16.353822908953706,5.927997293507835,32.997951128686104,521.5950500842027,10.811361174321517,0
2023-07-27 00:00:00,STATION-07,textile,7.543102831489921,14.998099274847537,6.066964381129529,33.004786978328816,469.58089608022664,7.358768921847689,0
2023-07-27 01:00:00,STATION-05,textile,7.302232378704614,24.97108635100371,6.604921739844633,33.56900731424646,559.8584740485182,6.38013926228199,0
2023-07-27 02:00:00,STATION-09,chemical,5.246316283089988,8.955967136082203,5.960971919583386,26.9225811175076,325.16430740372783,14.910060703140013,0
2023-07-27 03:00:00,STATION-08,textile,7.517155996552141,14.563620474101452,7.047819133028991,34.722700263652285,482.0481504601042,6.178156509989535,0
2023-07-27 04:00:00,STATION-09,textile,7.783263906342604,23.98775626142227,6.630185896144308,33.00972915279164,500.3079614031116,7.139634411902002,0
2023-07-27 05:00:00,STATION-04,chemical,5.1629498343455795,10.739738673920511,6.633679696303138,26.629403202649975,324.1146889458678,15.870429495717499,0
2023-07-27 06:00:00,STATION-05,chemical,5.895034577136201,14.813422290082928,6.548788964173242,28.49326656917386,442.8060817235748,38.78212218394951,1
2023-07-27 07:00:00,STATION-09,textile,7.49764044763366,19.927906487890407,6.161684304774496,33.31580224844227,491.0782788180401,8.928996791553487,0
2023-07-27 08:00:00,STATION-06,textile,7.503806434185169,19.34507437534248,6.315048252565605,33.61201461761434,486.03199330175323,6.480969579162532,0
2023-07-27 09:00:00,STATION-07,chemical,6.836494928550945,29.296588341213585,4.923094129883607,26.775423399757248,312.85176796121874,36.075804743975674,1
2023-07-27 10:00:00,STATION-06,chemical,5.335279854205123,7.891143634777923,5.860406242566221,29.525857479477647,215.43458010128546,14.02964616045882,0
2023-07-27 11:00:00,STATION-10,chemical,5.356644073738593,14.338225771815246,6.985871785122032,27.144864904700214,287.0661880870637,14.285671265123478,0
2023-07-27 12:00:00,STATION-04,chemical,5.55392537992146,8.877502828876384,6.516404999943718,25.363576380632647,293.55791137946466,14.906386019694848,0
2023-07-27 13:00:00,STATION-07,food_processing,6.9901635060240634,0.0,6.27186021598114,24.679773117394877,250.23519169524127,4.418306385643962,0
2023-07-27 14:00:00,STATION-04,chemical,5.310254207372509,9.231001548127422,6.620730687366775,27.762982390573796,304.49342324903165,14.53894286621497,0
2023-07-27 15:00:00,STATION-03,chemical,5.483690660590936,7.530772190266769,6.42293090610222,26.067313123842062,319.8749779963633,12.368531203033264,0
2023-07-27 16:00:00,STATION-05,textile,8.637579202161097,47.602106378983336,4.890001715193765,32.523535301893894,834.2590850275254,18.54048263580068,1
2023-07-27 17:00:00,STATION-02,chemical,5.82122616259745,11.206855545952582,5.711299921492798,28.461630502686,365.07252606079874,12.863370742399496,0
2023-07-27 18:00:00,STATION-08,chemical,5.415080163846347,8.343263993148312,6.506884954025821,27.978051128259256,295.3895724574959,15.816370459779332,0
2023-07-27 19:00:00,STATION-01,textile,7.954171889944887,20.480682343829304,5.995664670446128,32.19049431363647,479.473800452293,9.869962535434208,0
2023-07-27 20:00:00,STATION-06,food_processing,6.343410057220584,9.838608905650766,6.917910972845791,22.59299036402243,129.3575477013582,6.179341302856258,0
2023-07-27 21:00:00,STATION-04,textile,5.974248962318221,33.814501307844466,3.716296904819857,32.228596897350286,719.2775459201296,31.830852455185298,1
2023-07-27 22:00:00,STATION-08,chemical,5.298547623953445,21.019097688753444,3.725304216407577,28.645195949895964,516.8077605799116,28.549600631972368,1
2023-07-27 23:00:00,STATION-06,chemical,5.441519072347103,13.993110869168932,5.824555115532155,26.982507110966854,202.54010386706216,12.93223059698952,0
2023-07-28 00:00:00,STATION-06,chemical,5.446559239314309,11.582947688318628,6.66631402026364,27.48134226712283,184.6339220636662,13.844629760695298,0
2023-07-28 01:00:00,STATION-04,food_processing,5.888723598639563,13.968311897364321,5.648086584130073,24.1812329887953,273.5997791284932,7.124046058985588,1
2023-07-28 02:00:00,STATION-10,chemical,6.472400988236802,31.668138947100932,4.054617677382325,26.92528219501912,876.3264797382415,30.21893913008591,1
2023-07-28 03:00:00,STATION-08,food_processing,6.375472441924363,2.518079401086155,7.248840818406533,22.76139720032084,111.79003328181543,4.100200862571637,0
2023-07-28 04:00:00,STATION-08,chemical,5.572122426744443,8.504413028416543,6.662357427716325,27.888005254989032,318.2057294689124,16.948892980112856,0
2023-07-28 05:00:00,STATION-02,food_processing,6.9577664578416485,3.290239194283273,7.320671900632832,22.26955485373723,172.65867405096327,3.7140350020177264,0
2023-07-28 06:00:00,STATION-01,chemical,5.370987292281907,7.191254829790933,6.631985854477604,26.05234614356102,282.1083935780961,15.072664852515267,0
2023-07-28 07:00:00,STATION-07,chemical,4.88636274958298,14.465210265798307,5.535433101247531,27.062941594845007,575.9397310127871,33.480956036367985,1
